gen,nd_rank,GDP,GHG,theta_filename,A_filename
2,0,51.325,927.428,gen0002_theta_nd_0000.npy,gen0002_A_nd_0000.npy
2,1,52.9719,928.045,gen0002_theta_nd_0001.npy,gen0002_A_nd_0001.npy
2,2,47.3546,924.003,gen0002_theta_nd_0002.npy,gen0002_A_nd_0002.npy
2,3,50.9241,926.828,gen0002_theta_nd_0003.npy,gen0002_A_nd_0003.npy
2,4,51.6644,927.762,gen0002_theta_nd_0004.npy,gen0002_A_nd_0004.npy
2,5,53.2527,928.409,gen0002_theta_nd_0005.npy,gen0002_A_nd_0005.npy
3,0,52.9719,928.045,gen0003_theta_nd_0000.npy,gen0003_A_nd_0000.npy
3,1,47.3546,924.003,gen0003_theta_nd_0001.npy,gen0003_A_nd_0001.npy
3,2,53.2527,928.409,gen0003_theta_nd_0002.npy,gen0003_A_nd_0002.npy
3,3,52.4238,927.629,gen0003_theta_nd_0003.npy,gen0003_A_nd_0003.npy
3,4,51.191,926.587,gen0003_theta_nd_0004.npy,gen0003_A_nd_0004.npy
3,5,51.9992,927.264,gen0003_theta_nd_0005.npy,gen0003_A_nd_0005.npy
4,0,47.3546,924.003,gen0004_theta_nd_0000.npy,gen0004_A_nd_0000.npy
4,1,51.191,926.587,gen0004_theta_nd_0001.npy,gen0004_A_nd_0001.npy
4,2,51.9992,927.264,gen0004_theta_nd_0002.npy,gen0004_A_nd_0002.npy
4,3,46.5572,919.61,gen0004_theta_nd_0003.npy,gen0004_A_nd_0003.npy
4,4,49.2518,924.636,gen0004_theta_nd_0004.npy,gen0004_A_nd_0004.npy
4,5,49.6861,926.133,gen0004_theta_nd_0005.npy,gen0004_A_nd_0005.npy
4,6,54.1178,927.385,gen0004_theta_nd_0006.npy,gen0004_A_nd_0006.npy
5,0,46.5572,919.61,gen0005_theta_nd_0000.npy,gen0005_A_nd_0000.npy
5,1,54.015,925.226,gen0005_theta_nd_0001.npy,gen0005_A_nd_0001.npy
5,2,49.2634,923.107,gen0005_theta_nd_0002.npy,gen0005_A_nd_0002.npy
5,3,54.1949,927.075,gen0005_theta_nd_0003.npy,gen0005_A_nd_0003.npy
6,0,46.5572,919.61,gen0006_theta_nd_0000.npy,gen0006_A_nd_0000.npy
6,1,54.015,925.226,gen0006_theta_nd_0001.npy,gen0006_A_nd_0001.npy
6,2,49.2634,923.107,gen0006_theta_nd_0002.npy,gen0006_A_nd_0002.npy
6,3,54.6973,927.589,gen0006_theta_nd_0003.npy,gen0006_A_nd_0003.npy
6,4,52.2064,924.215,gen0006_theta_nd_0004.npy,gen0006_A_nd_0004.npy
6,5,54.5677,927.012,gen0006_theta_nd_0005.npy,gen0006_A_nd_0005.npy
6,6,49.7843,923.461,gen0006_theta_nd_0006.npy,gen0006_A_nd_0006.npy
6,7,47.0445,920.396,gen0006_theta_nd_0007.npy,gen0006_A_nd_0007.npy
6,8,51.1907,923.697,gen0006_theta_nd_0008.npy,gen0006_A_nd_0008.npy
7,0,54.015,925.226,gen0007_theta_nd_0000.npy,gen0007_A_nd_0000.npy
7,1,49.2634,923.107,gen0007_theta_nd_0001.npy,gen0007_A_nd_0001.npy
7,2,52.2064,924.215,gen0007_theta_nd_0002.npy,gen0007_A_nd_0002.npy
7,3,51.1907,923.697,gen0007_theta_nd_0003.npy,gen0007_A_nd_0003.npy
7,4,49.1468,922.04,gen0007_theta_nd_0004.npy,gen0007_A_nd_0004.npy
7,5,49.0428,919.02,gen0007_theta_nd_0005.npy,gen0007_A_nd_0005.npy
7,6,51.7987,924.026,gen0007_theta_nd_0006.npy,gen0007_A_nd_0006.npy
7,7,50.1245,923.217,gen0007_theta_nd_0007.npy,gen0007_A_nd_0007.npy
7,8,55.5813,926.597,gen0007_theta_nd_0008.npy,gen0007_A_nd_0008.npy
7,9,54.1165,926.451,gen0007_theta_nd_0009.npy,gen0007_A_nd_0009.npy
7,10,53.0895,924.439,gen0007_theta_nd_0010.npy,gen0007_A_nd_0010.npy
8,0,54.015,925.226,gen0008_theta_nd_0000.npy,gen0008_A_nd_0000.npy
8,1,49.0428,919.02,gen0008_theta_nd_0001.npy,gen0008_A_nd_0001.npy
8,2,53.0895,924.439,gen0008_theta_nd_0002.npy,gen0008_A_nd_0002.npy
8,3,54.1684,925.537,gen0008_theta_nd_0003.npy,gen0008_A_nd_0003.npy
8,4,51.3017,920.029,gen0008_theta_nd_0004.npy,gen0008_A_nd_0004.npy
8,5,54.3655,925.694,gen0008_theta_nd_0005.npy,gen0008_A_nd_0005.npy
8,6,52.9975,923.213,gen0008_theta_nd_0006.npy,gen0008_A_nd_0006.npy
8,7,55.8691,925.858,gen0008_theta_nd_0007.npy,gen0008_A_nd_0007.npy
9,0,49.0428,919.02,gen0009_theta_nd_0000.npy,gen0009_A_nd_0000.npy
9,1,51.3017,920.029,gen0009_theta_nd_0001.npy,gen0009_A_nd_0001.npy
9,2,52.9975,923.213,gen0009_theta_nd_0002.npy,gen0009_A_nd_0002.npy
9,3,55.8691,925.858,gen0009_theta_nd_0003.npy,gen0009_A_nd_0003.npy
9,4,45.0463,917.342,gen0009_theta_nd_0004.npy,gen0009_A_nd_0004.npy
9,5,53.2153,924.07,gen0009_theta_nd_0005.npy,gen0009_A_nd_0005.npy
9,6,53.1448,923.684,gen0009_theta_nd_0006.npy,gen0009_A_nd_0006.npy
9,7,54.7084,924.965,gen0009_theta_nd_0007.npy,gen0009_A_nd_0007.npy
9,8,51.6747,922.031,gen0009_theta_nd_0008.npy,gen0009_A_nd_0008.npy
9,9,51.8253,922.897,gen0009_theta_nd_0009.npy,gen0009_A_nd_0009.npy
9,10,54.0915,924.521,gen0009_theta_nd_0010.npy,gen0009_A_nd_0010.npy
9,11,50.2862,919.289,gen0009_theta_nd_0011.npy,gen0009_A_nd_0011.npy
10,0,51.3017,920.029,gen0010_theta_nd_0000.npy,gen0010_A_nd_0000.npy
10,1,55.8691,925.858,gen0010_theta_nd_0001.npy,gen0010_A_nd_0001.npy
10,2,45.0463,917.342,gen0010_theta_nd_0002.npy,gen0010_A_nd_0002.npy
10,3,54.7084,924.965,gen0010_theta_nd_0003.npy,gen0010_A_nd_0003.npy
10,4,54.4045,924.744,gen0010_theta_nd_0004.npy,gen0010_A_nd_0004.npy
10,5,54.2741,921.083,gen0010_theta_nd_0005.npy,gen0010_A_nd_0005.npy
10,6,54.8587,925.072,gen0010_theta_nd_0006.npy,gen0010_A_nd_0006.npy
10,7,50.4603,917.976,gen0010_theta_nd_0007.npy,gen0010_A_nd_0007.npy
10,8,50.5325,919.071,gen0010_theta_nd_0008.npy,gen0010_A_nd_0008.npy
10,9,55.3293,925.158,gen0010_theta_nd_0009.npy,gen0010_A_nd_0009.npy
11,0,51.3017,920.029,gen0011_theta_nd_0000.npy,gen0011_A_nd_0000.npy
11,1,45.0463,917.342,gen0011_theta_nd_0001.npy,gen0011_A_nd_0001.npy
11,2,54.2741,921.083,gen0011_theta_nd_0002.npy,gen0011_A_nd_0002.npy
11,3,50.4603,917.976,gen0011_theta_nd_0003.npy,gen0011_A_nd_0003.npy
11,4,51.0622,918.006,gen0011_theta_nd_0004.npy,gen0011_A_nd_0004.npy
11,5,56.2915,924.777,gen0011_theta_nd_0005.npy,gen0011_A_nd_0005.npy
11,6,55.4901,924.37,gen0011_theta_nd_0006.npy,gen0011_A_nd_0006.npy
11,7,50.4427,917.719,gen0011_theta_nd_0007.npy,gen0011_A_nd_0007.npy
12,0,45.0463,917.342,gen0012_theta_nd_0000.npy,gen0012_A_nd_0000.npy
12,1,54.2741,921.083,gen0012_theta_nd_0001.npy,gen0012_A_nd_0001.npy
12,2,50.4603,917.976,gen0012_theta_nd_0002.npy,gen0012_A_nd_0002.npy
12,3,51.0622,918.006,gen0012_theta_nd_0003.npy,gen0012_A_nd_0003.npy
12,4,56.2915,924.777,gen0012_theta_nd_0004.npy,gen0012_A_nd_0004.npy
12,5,55.4901,924.37,gen0012_theta_nd_0005.npy,gen0012_A_nd_0005.npy
12,6,50.4427,917.719,gen0012_theta_nd_0006.npy,gen0012_A_nd_0006.npy
12,7,55.9914,924.661,gen0012_theta_nd_0007.npy,gen0012_A_nd_0007.npy
12,8,51.1364,918.526,gen0012_theta_nd_0008.npy,gen0012_A_nd_0008.npy
12,9,54.6928,923.971,gen0012_theta_nd_0009.npy,gen0012_A_nd_0009.npy
12,10,51.6645,918.752,gen0012_theta_nd_0010.npy,gen0012_A_nd_0010.npy
12,11,53.097,920.22,gen0012_theta_nd_0011.npy,gen0012_A_nd_0011.npy
12,12,53.0879,919.995,gen0012_theta_nd_0012.npy,gen0012_A_nd_0012.npy
12,13,55.1649,924.223,gen0012_theta_nd_0013.npy,gen0012_A_nd_0013.npy
13,0,45.0463,917.342,gen0013_theta_nd_0000.npy,gen0013_A_nd_0000.npy
13,1,54.2741,921.083,gen0013_theta_nd_0001.npy,gen0013_A_nd_0001.npy
13,2,50.4603,917.976,gen0013_theta_nd_0002.npy,gen0013_A_nd_0002.npy
13,3,51.0622,918.006,gen0013_theta_nd_0003.npy,gen0013_A_nd_0003.npy
13,4,56.2915,924.777,gen0013_theta_nd_0004.npy,gen0013_A_nd_0004.npy
13,5,50.4427,917.719,gen0013_theta_nd_0005.npy,gen0013_A_nd_0005.npy
13,6,51.6645,918.752,gen0013_theta_nd_0006.npy,gen0013_A_nd_0006.npy
13,7,56.1285,923.739,gen0013_theta_nd_0007.npy,gen0013_A_nd_0007.npy
13,8,53.1677,919.793,gen0013_theta_nd_0008.npy,gen0013_A_nd_0008.npy
13,9,54.8445,922.504,gen0013_theta_nd_0009.npy,gen0013_A_nd_0009.npy
13,10,55.4273,922.925,gen0013_theta_nd_0010.npy,gen0013_A_nd_0010.npy
13,11,51.1537,918.407,gen0013_theta_nd_0011.npy,gen0013_A_nd_0011.npy
14,0,54.2741,921.083,gen0014_theta_nd_0000.npy,gen0014_A_nd_0000.npy
14,1,53.1677,919.793,gen0014_theta_nd_0001.npy,gen0014_A_nd_0001.npy
14,2,49.1213,913.932,gen0014_theta_nd_0002.npy,gen0014_A_nd_0002.npy
14,3,52.2125,917.537,gen0014_theta_nd_0003.npy,gen0014_A_nd_0003.npy
14,4,53.5988,920.759,gen0014_theta_nd_0004.npy,gen0014_A_nd_0004.npy
14,5,44.0017,911.689,gen0014_theta_nd_0005.npy,gen0014_A_nd_0005.npy
14,6,56.7064,921.509,gen0014_theta_nd_0006.npy,gen0014_A_nd_0006.npy
14,7,49.8393,917.329,gen0014_theta_nd_0007.npy,gen0014_A_nd_0007.npy
14,8,53.7926,920.782,gen0014_theta_nd_0008.npy,gen0014_A_nd_0008.npy
15,0,54.2741,921.083,gen0015_theta_nd_0000.npy,gen0015_A_nd_0000.npy
15,1,53.1677,919.793,gen0015_theta_nd_0001.npy,gen0015_A_nd_0001.npy
15,2,49.1213,913.932,gen0015_theta_nd_0002.npy,gen0015_A_nd_0002.npy
15,3,52.2125,917.537,gen0015_theta_nd_0003.npy,gen0015_A_nd_0003.npy
15,4,44.0017,911.689,gen0015_theta_nd_0004.npy,gen0015_A_nd_0004.npy
15,5,56.7064,921.509,gen0015_theta_nd_0005.npy,gen0015_A_nd_0005.npy
15,6,54.1876,919.868,gen0015_theta_nd_0006.npy,gen0015_A_nd_0006.npy
15,7,53.0663,917.673,gen0015_theta_nd_0007.npy,gen0015_A_nd_0007.npy
15,8,55.1759,921.449,gen0015_theta_nd_0008.npy,gen0015_A_nd_0008.npy
15,9,50.5076,916.326,gen0015_theta_nd_0009.npy,gen0015_A_nd_0009.npy
15,10,56.7327,924.634,gen0015_theta_nd_0010.npy,gen0015_A_nd_0010.npy
15,11,51.115,916.741,gen0015_theta_nd_0011.npy,gen0015_A_nd_0011.npy
16,0,49.1213,913.932,gen0016_theta_nd_0000.npy,gen0016_A_nd_0000.npy
16,1,52.2125,917.537,gen0016_theta_nd_0001.npy,gen0016_A_nd_0001.npy
16,2,44.0017,911.689,gen0016_theta_nd_0002.npy,gen0016_A_nd_0002.npy
16,3,56.7064,921.509,gen0016_theta_nd_0003.npy,gen0016_A_nd_0003.npy
16,4,53.0663,917.673,gen0016_theta_nd_0004.npy,gen0016_A_nd_0004.npy
16,5,50.5076,916.326,gen0016_theta_nd_0005.npy,gen0016_A_nd_0005.npy
16,6,51.115,916.741,gen0016_theta_nd_0006.npy,gen0016_A_nd_0006.npy
16,7,53.1566,919.732,gen0016_theta_nd_0007.npy,gen0016_A_nd_0007.npy
16,8,53.2984,919.785,gen0016_theta_nd_0008.npy,gen0016_A_nd_0008.npy
16,9,55.8027,921.129,gen0016_theta_nd_0009.npy,gen0016_A_nd_0009.npy
16,10,49.376,916.133,gen0016_theta_nd_0010.npy,gen0016_A_nd_0010.npy
16,11,57.1217,924.214,gen0016_theta_nd_0011.npy,gen0016_A_nd_0011.npy
16,12,54.9582,919.851,gen0016_theta_nd_0012.npy,gen0016_A_nd_0012.npy
17,0,49.1213,913.932,gen0017_theta_nd_0000.npy,gen0017_A_nd_0000.npy
17,1,52.2125,917.537,gen0017_theta_nd_0001.npy,gen0017_A_nd_0001.npy
17,2,44.0017,911.689,gen0017_theta_nd_0002.npy,gen0017_A_nd_0002.npy
17,3,56.7064,921.509,gen0017_theta_nd_0003.npy,gen0017_A_nd_0003.npy
17,4,53.0663,917.673,gen0017_theta_nd_0004.npy,gen0017_A_nd_0004.npy
17,5,55.8027,921.129,gen0017_theta_nd_0005.npy,gen0017_A_nd_0005.npy
17,6,54.9582,919.851,gen0017_theta_nd_0006.npy,gen0017_A_nd_0006.npy
17,7,54.0202,919.486,gen0017_theta_nd_0007.npy,gen0017_A_nd_0007.npy
17,8,51.9188,916.479,gen0017_theta_nd_0008.npy,gen0017_A_nd_0008.npy
17,9,57.4438,922.634,gen0017_theta_nd_0009.npy,gen0017_A_nd_0009.npy
17,10,48.1444,913.017,gen0017_theta_nd_0010.npy,gen0017_A_nd_0010.npy
17,11,53.404,918.301,gen0017_theta_nd_0011.npy,gen0017_A_nd_0011.npy
17,12,50.5087,914.934,gen0017_theta_nd_0012.npy,gen0017_A_nd_0012.npy
17,13,49.633,914.613,gen0017_theta_nd_0013.npy,gen0017_A_nd_0013.npy
17,14,57.461,923.545,gen0017_theta_nd_0014.npy,gen0017_A_nd_0014.npy
18,0,49.1213,913.932,gen0018_theta_nd_0000.npy,gen0018_A_nd_0000.npy
18,1,52.2125,917.537,gen0018_theta_nd_0001.npy,gen0018_A_nd_0001.npy
18,2,56.7064,921.509,gen0018_theta_nd_0002.npy,gen0018_A_nd_0002.npy
18,3,53.0663,917.673,gen0018_theta_nd_0003.npy,gen0018_A_nd_0003.npy
18,4,55.8027,921.129,gen0018_theta_nd_0004.npy,gen0018_A_nd_0004.npy
18,5,54.9582,919.851,gen0018_theta_nd_0005.npy,gen0018_A_nd_0005.npy
18,6,51.9188,916.479,gen0018_theta_nd_0006.npy,gen0018_A_nd_0006.npy
18,7,57.4438,922.634,gen0018_theta_nd_0007.npy,gen0018_A_nd_0007.npy
18,8,48.1444,913.017,gen0018_theta_nd_0008.npy,gen0018_A_nd_0008.npy
18,9,50.5087,914.934,gen0018_theta_nd_0009.npy,gen0018_A_nd_0009.npy
18,10,57.461,923.545,gen0018_theta_nd_0010.npy,gen0018_A_nd_0010.npy
18,11,50.2232,914.895,gen0018_theta_nd_0011.npy,gen0018_A_nd_0011.npy
18,12,53.8737,917.676,gen0018_theta_nd_0012.npy,gen0018_A_nd_0012.npy
18,13,50.2154,914.456,gen0018_theta_nd_0013.npy,gen0018_A_nd_0013.npy
18,14,55.9412,921.454,gen0018_theta_nd_0014.npy,gen0018_A_nd_0014.npy
18,15,45.0546,911.337,gen0018_theta_nd_0015.npy,gen0018_A_nd_0015.npy
18,16,54.9017,919.352,gen0018_theta_nd_0016.npy,gen0018_A_nd_0016.npy
18,17,52.9118,917.559,gen0018_theta_nd_0017.npy,gen0018_A_nd_0017.npy
18,18,51.4703,916.031,gen0018_theta_nd_0018.npy,gen0018_A_nd_0018.npy
18,19,55.2202,920.45,gen0018_theta_nd_0019.npy,gen0018_A_nd_0019.npy
18,20,55.2478,920.837,gen0018_theta_nd_0020.npy,gen0018_A_nd_0020.npy
19,0,49.1213,913.932,gen0019_theta_nd_0000.npy,gen0019_A_nd_0000.npy
19,1,56.7064,921.509,gen0019_theta_nd_0001.npy,gen0019_A_nd_0001.npy
19,2,55.8027,921.129,gen0019_theta_nd_0002.npy,gen0019_A_nd_0002.npy
19,3,51.9188,916.479,gen0019_theta_nd_0003.npy,gen0019_A_nd_0003.npy
19,4,57.4438,922.634,gen0019_theta_nd_0004.npy,gen0019_A_nd_0004.npy
19,5,50.5087,914.934,gen0019_theta_nd_0005.npy,gen0019_A_nd_0005.npy
19,6,57.461,923.545,gen0019_theta_nd_0006.npy,gen0019_A_nd_0006.npy
19,7,50.2232,914.895,gen0019_theta_nd_0007.npy,gen0019_A_nd_0007.npy
19,8,50.2154,914.456,gen0019_theta_nd_0008.npy,gen0019_A_nd_0008.npy
19,9,55.9412,921.454,gen0019_theta_nd_0009.npy,gen0019_A_nd_0009.npy
19,10,45.0546,911.337,gen0019_theta_nd_0010.npy,gen0019_A_nd_0010.npy
19,11,54.9017,919.352,gen0019_theta_nd_0011.npy,gen0019_A_nd_0011.npy
19,12,51.4703,916.031,gen0019_theta_nd_0012.npy,gen0019_A_nd_0012.npy
19,13,52.3443,916.644,gen0019_theta_nd_0013.npy,gen0019_A_nd_0013.npy
19,14,50.7242,914.997,gen0019_theta_nd_0014.npy,gen0019_A_nd_0014.npy
19,15,45.8291,911.373,gen0019_theta_nd_0015.npy,gen0019_A_nd_0015.npy
19,16,48.5872,911.758,gen0019_theta_nd_0016.npy,gen0019_A_nd_0016.npy
19,17,54.7489,917.071,gen0019_theta_nd_0017.npy,gen0019_A_nd_0017.npy
19,18,46.4356,911.515,gen0019_theta_nd_0018.npy,gen0019_A_nd_0018.npy
19,19,55.8349,921.416,gen0019_theta_nd_0019.npy,gen0019_A_nd_0019.npy
19,20,55.5922,919.376,gen0019_theta_nd_0020.npy,gen0019_A_nd_0020.npy
19,21,50.9439,915.347,gen0019_theta_nd_0021.npy,gen0019_A_nd_0021.npy
20,0,56.7064,921.509,gen0020_theta_nd_0000.npy,gen0020_A_nd_0000.npy
20,1,57.4438,922.634,gen0020_theta_nd_0001.npy,gen0020_A_nd_0001.npy
20,2,50.5087,914.934,gen0020_theta_nd_0002.npy,gen0020_A_nd_0002.npy
20,3,57.461,923.545,gen0020_theta_nd_0003.npy,gen0020_A_nd_0003.npy
20,4,51.4703,916.031,gen0020_theta_nd_0004.npy,gen0020_A_nd_0004.npy
20,5,50.7242,914.997,gen0020_theta_nd_0005.npy,gen0020_A_nd_0005.npy
20,6,54.7489,917.071,gen0020_theta_nd_0006.npy,gen0020_A_nd_0006.npy
20,7,55.5922,919.376,gen0020_theta_nd_0007.npy,gen0020_A_nd_0007.npy
20,8,50.0521,911.226,gen0020_theta_nd_0008.npy,gen0020_A_nd_0008.npy
20,9,53.0144,916.143,gen0020_theta_nd_0009.npy,gen0020_A_nd_0009.npy
20,10,55.0726,918.112,gen0020_theta_nd_0010.npy,gen0020_A_nd_0010.npy
20,11,56.1628,921.184,gen0020_theta_nd_0011.npy,gen0020_A_nd_0011.npy
20,12,55.9557,920.972,gen0020_theta_nd_0012.npy,gen0020_A_nd_0012.npy
20,13,50.3548,913.633,gen0020_theta_nd_0013.npy,gen0020_A_nd_0013.npy
20,14,51.3633,915.064,gen0020_theta_nd_0014.npy,gen0020_A_nd_0014.npy
21,0,57.4438,922.634,gen0021_theta_nd_0000.npy,gen0021_A_nd_0000.npy
21,1,57.461,923.545,gen0021_theta_nd_0001.npy,gen0021_A_nd_0001.npy
21,2,54.7489,917.071,gen0021_theta_nd_0002.npy,gen0021_A_nd_0002.npy
21,3,55.5922,919.376,gen0021_theta_nd_0003.npy,gen0021_A_nd_0003.npy
21,4,50.0521,911.226,gen0021_theta_nd_0004.npy,gen0021_A_nd_0004.npy
21,5,53.0144,916.143,gen0021_theta_nd_0005.npy,gen0021_A_nd_0005.npy
21,6,55.0726,918.112,gen0021_theta_nd_0006.npy,gen0021_A_nd_0006.npy
21,7,51.3633,915.064,gen0021_theta_nd_0007.npy,gen0021_A_nd_0007.npy
21,8,57.2852,921.344,gen0021_theta_nd_0008.npy,gen0021_A_nd_0008.npy
21,9,54.2563,916.33,gen0021_theta_nd_0009.npy,gen0021_A_nd_0009.npy
21,10,52.2971,916.092,gen0021_theta_nd_0010.npy,gen0021_A_nd_0010.npy
21,11,50.8148,912.039,gen0021_theta_nd_0011.npy,gen0021_A_nd_0011.npy
21,12,51.6797,915.702,gen0021_theta_nd_0012.npy,gen0021_A_nd_0012.npy
21,13,56.9883,920.488,gen0021_theta_nd_0013.npy,gen0021_A_nd_0013.npy
22,0,54.7489,917.071,gen0022_theta_nd_0000.npy,gen0022_A_nd_0000.npy
22,1,55.5922,919.376,gen0022_theta_nd_0001.npy,gen0022_A_nd_0001.npy
22,2,50.0521,911.226,gen0022_theta_nd_0002.npy,gen0022_A_nd_0002.npy
22,3,53.0144,916.143,gen0022_theta_nd_0003.npy,gen0022_A_nd_0003.npy
22,4,55.0726,918.112,gen0022_theta_nd_0004.npy,gen0022_A_nd_0004.npy
22,5,54.2563,916.33,gen0022_theta_nd_0005.npy,gen0022_A_nd_0005.npy
22,6,56.9883,920.488,gen0022_theta_nd_0006.npy,gen0022_A_nd_0006.npy
22,7,43.9098,905.572,gen0022_theta_nd_0007.npy,gen0022_A_nd_0007.npy
22,8,58.0644,921.153,gen0022_theta_nd_0008.npy,gen0022_A_nd_0008.npy
22,9,51.992,914.914,gen0022_theta_nd_0009.npy,gen0022_A_nd_0009.npy
22,10,56.5287,920.0,gen0022_theta_nd_0010.npy,gen0022_A_nd_0010.npy
22,11,55.5983,919.808,gen0022_theta_nd_0011.npy,gen0022_A_nd_0011.npy
22,12,44.9731,906.426,gen0022_theta_nd_0012.npy,gen0022_A_nd_0012.npy
22,13,57.5878,920.679,gen0022_theta_nd_0013.npy,gen0022_A_nd_0013.npy
22,14,48.1898,908.959,gen0022_theta_nd_0014.npy,gen0022_A_nd_0014.npy
22,15,52.9545,915.232,gen0022_theta_nd_0015.npy,gen0022_A_nd_0015.npy
22,16,51.9056,911.653,gen0022_theta_nd_0016.npy,gen0022_A_nd_0016.npy
23,0,54.7489,917.071,gen0023_theta_nd_0000.npy,gen0023_A_nd_0000.npy
23,1,50.0521,911.226,gen0023_theta_nd_0001.npy,gen0023_A_nd_0001.npy
23,2,53.0144,916.143,gen0023_theta_nd_0002.npy,gen0023_A_nd_0002.npy
23,3,54.2563,916.33,gen0023_theta_nd_0003.npy,gen0023_A_nd_0003.npy
23,4,56.9883,920.488,gen0023_theta_nd_0004.npy,gen0023_A_nd_0004.npy
23,5,43.9098,905.572,gen0023_theta_nd_0005.npy,gen0023_A_nd_0005.npy
23,6,58.0644,921.153,gen0023_theta_nd_0006.npy,gen0023_A_nd_0006.npy
23,7,56.5287,920.0,gen0023_theta_nd_0007.npy,gen0023_A_nd_0007.npy
23,8,44.9731,906.426,gen0023_theta_nd_0008.npy,gen0023_A_nd_0008.npy
23,9,57.5878,920.679,gen0023_theta_nd_0009.npy,gen0023_A_nd_0009.npy
23,10,48.1898,908.959,gen0023_theta_nd_0010.npy,gen0023_A_nd_0010.npy
23,11,52.9545,915.232,gen0023_theta_nd_0011.npy,gen0023_A_nd_0011.npy
23,12,51.9056,911.653,gen0023_theta_nd_0012.npy,gen0023_A_nd_0012.npy
23,13,56.0707,918.856,gen0023_theta_nd_0013.npy,gen0023_A_nd_0013.npy
23,14,45.8005,908.703,gen0023_theta_nd_0014.npy,gen0023_A_nd_0014.npy
23,15,44.8635,906.157,gen0023_theta_nd_0015.npy,gen0023_A_nd_0015.npy
23,16,52.4408,912.833,gen0023_theta_nd_0016.npy,gen0023_A_nd_0016.npy
23,17,56.4507,919.897,gen0023_theta_nd_0017.npy,gen0023_A_nd_0017.npy
23,18,55.5105,917.448,gen0023_theta_nd_0018.npy,gen0023_A_nd_0018.npy
23,19,48.7584,910.719,gen0023_theta_nd_0019.npy,gen0023_A_nd_0019.npy
23,20,48.5607,909.411,gen0023_theta_nd_0020.npy,gen0023_A_nd_0020.npy
24,0,54.7489,917.071,gen0024_theta_nd_0000.npy,gen0024_A_nd_0000.npy
24,1,54.2563,916.33,gen0024_theta_nd_0001.npy,gen0024_A_nd_0001.npy
24,2,43.9098,905.572,gen0024_theta_nd_0002.npy,gen0024_A_nd_0002.npy
24,3,44.9731,906.426,gen0024_theta_nd_0003.npy,gen0024_A_nd_0003.npy
24,4,57.5878,920.679,gen0024_theta_nd_0004.npy,gen0024_A_nd_0004.npy
24,5,51.9056,911.653,gen0024_theta_nd_0005.npy,gen0024_A_nd_0005.npy
24,6,44.8635,906.157,gen0024_theta_nd_0006.npy,gen0024_A_nd_0006.npy
24,7,52.4408,912.833,gen0024_theta_nd_0007.npy,gen0024_A_nd_0007.npy
24,8,55.5105,917.448,gen0024_theta_nd_0008.npy,gen0024_A_nd_0008.npy
24,9,49.3631,909.26,gen0024_theta_nd_0009.npy,gen0024_A_nd_0009.npy
24,10,48.6613,908.759,gen0024_theta_nd_0010.npy,gen0024_A_nd_0010.npy
24,11,43.5623,901.387,gen0024_theta_nd_0011.npy,gen0024_A_nd_0011.npy
24,12,46.3038,908.065,gen0024_theta_nd_0012.npy,gen0024_A_nd_0012.npy
24,13,57.1743,918.636,gen0024_theta_nd_0013.npy,gen0024_A_nd_0013.npy
24,14,58.0722,920.739,gen0024_theta_nd_0014.npy,gen0024_A_nd_0014.npy
24,15,50.8627,911.069,gen0024_theta_nd_0015.npy,gen0024_A_nd_0015.npy
24,16,54.1198,914.713,gen0024_theta_nd_0016.npy,gen0024_A_nd_0016.npy
25,0,54.7489,917.071,gen0025_theta_nd_0000.npy,gen0025_A_nd_0000.npy
25,1,54.2563,916.33,gen0025_theta_nd_0001.npy,gen0025_A_nd_0001.npy
25,2,51.9056,911.653,gen0025_theta_nd_0002.npy,gen0025_A_nd_0002.npy
25,3,52.4408,912.833,gen0025_theta_nd_0003.npy,gen0025_A_nd_0003.npy
25,4,55.5105,917.448,gen0025_theta_nd_0004.npy,gen0025_A_nd_0004.npy
25,5,48.6613,908.759,gen0025_theta_nd_0005.npy,gen0025_A_nd_0005.npy
25,6,57.1743,918.636,gen0025_theta_nd_0006.npy,gen0025_A_nd_0006.npy
25,7,50.8627,911.069,gen0025_theta_nd_0007.npy,gen0025_A_nd_0007.npy
25,8,54.1198,914.713,gen0025_theta_nd_0008.npy,gen0025_A_nd_0008.npy
25,9,48.3274,907.495,gen0025_theta_nd_0009.npy,gen0025_A_nd_0009.npy
25,10,45.1899,900.944,gen0025_theta_nd_0010.npy,gen0025_A_nd_0010.npy
25,11,57.5034,920.244,gen0025_theta_nd_0011.npy,gen0025_A_nd_0011.npy
25,12,53.0997,914.387,gen0025_theta_nd_0012.npy,gen0025_A_nd_0012.npy
25,13,49.6621,908.858,gen0025_theta_nd_0013.npy,gen0025_A_nd_0013.npy
25,14,45.621,903.632,gen0025_theta_nd_0014.npy,gen0025_A_nd_0014.npy
25,15,55.2487,917.436,gen0025_theta_nd_0015.npy,gen0025_A_nd_0015.npy
25,16,58.1335,920.36,gen0025_theta_nd_0016.npy,gen0025_A_nd_0016.npy
25,17,47.5875,906.257,gen0025_theta_nd_0017.npy,gen0025_A_nd_0017.npy
25,18,47.6994,906.726,gen0025_theta_nd_0018.npy,gen0025_A_nd_0018.npy
26,0,54.2563,916.33,gen0026_theta_nd_0000.npy,gen0026_A_nd_0000.npy
26,1,51.9056,911.653,gen0026_theta_nd_0001.npy,gen0026_A_nd_0001.npy
26,2,55.5105,917.448,gen0026_theta_nd_0002.npy,gen0026_A_nd_0002.npy
26,3,57.1743,918.636,gen0026_theta_nd_0003.npy,gen0026_A_nd_0003.npy
26,4,45.1899,900.944,gen0026_theta_nd_0004.npy,gen0026_A_nd_0004.npy
26,5,45.621,903.632,gen0026_theta_nd_0005.npy,gen0026_A_nd_0005.npy
26,6,58.1335,920.36,gen0026_theta_nd_0006.npy,gen0026_A_nd_0006.npy
26,7,57.899,918.903,gen0026_theta_nd_0007.npy,gen0026_A_nd_0007.npy
26,8,49.934,907.935,gen0026_theta_nd_0008.npy,gen0026_A_nd_0008.npy
26,9,54.2155,914.555,gen0026_theta_nd_0009.npy,gen0026_A_nd_0009.npy
26,10,52.6752,912.101,gen0026_theta_nd_0010.npy,gen0026_A_nd_0010.npy
26,11,45.7275,904.897,gen0026_theta_nd_0011.npy,gen0026_A_nd_0011.npy
26,12,49.9847,908.275,gen0026_theta_nd_0012.npy,gen0026_A_nd_0012.npy
26,13,55.4641,917.303,gen0026_theta_nd_0013.npy,gen0026_A_nd_0013.npy
26,14,48.8715,905.766,gen0026_theta_nd_0014.npy,gen0026_A_nd_0014.npy
26,15,53.4948,913.513,gen0026_theta_nd_0015.npy,gen0026_A_nd_0015.npy
26,16,52.7631,913.045,gen0026_theta_nd_0016.npy,gen0026_A_nd_0016.npy
26,17,56.4933,918.39,gen0026_theta_nd_0017.npy,gen0026_A_nd_0017.npy
26,18,54.8601,916.507,gen0026_theta_nd_0018.npy,gen0026_A_nd_0018.npy
26,19,51.3515,910.065,gen0026_theta_nd_0019.npy,gen0026_A_nd_0019.npy
26,20,49.2174,905.99,gen0026_theta_nd_0020.npy,gen0026_A_nd_0020.npy
27,0,54.2563,916.33,gen0027_theta_nd_0000.npy,gen0027_A_nd_0000.npy
27,1,55.5105,917.448,gen0027_theta_nd_0001.npy,gen0027_A_nd_0001.npy
27,2,57.1743,918.636,gen0027_theta_nd_0002.npy,gen0027_A_nd_0002.npy
27,3,45.1899,900.944,gen0027_theta_nd_0003.npy,gen0027_A_nd_0003.npy
27,4,58.1335,920.36,gen0027_theta_nd_0004.npy,gen0027_A_nd_0004.npy
27,5,57.899,918.903,gen0027_theta_nd_0005.npy,gen0027_A_nd_0005.npy
27,6,54.2155,914.555,gen0027_theta_nd_0006.npy,gen0027_A_nd_0006.npy
27,7,52.6752,912.101,gen0027_theta_nd_0007.npy,gen0027_A_nd_0007.npy
27,8,49.9847,908.275,gen0027_theta_nd_0008.npy,gen0027_A_nd_0008.npy
27,9,55.4641,917.303,gen0027_theta_nd_0009.npy,gen0027_A_nd_0009.npy
27,10,48.8715,905.766,gen0027_theta_nd_0010.npy,gen0027_A_nd_0010.npy
27,11,53.4948,913.513,gen0027_theta_nd_0011.npy,gen0027_A_nd_0011.npy
27,12,54.8601,916.507,gen0027_theta_nd_0012.npy,gen0027_A_nd_0012.npy
27,13,49.2174,905.99,gen0027_theta_nd_0013.npy,gen0027_A_nd_0013.npy
27,14,55.3401,916.564,gen0027_theta_nd_0014.npy,gen0027_A_nd_0014.npy
27,15,56.88,917.854,gen0027_theta_nd_0015.npy,gen0027_A_nd_0015.npy
27,16,49.9375,906.682,gen0027_theta_nd_0016.npy,gen0027_A_nd_0016.npy
27,17,52.0096,909.951,gen0027_theta_nd_0017.npy,gen0027_A_nd_0017.npy
27,18,54.7298,916.351,gen0027_theta_nd_0018.npy,gen0027_A_nd_0018.npy
27,19,45.8795,902.013,gen0027_theta_nd_0019.npy,gen0027_A_nd_0019.npy
27,20,47.9959,902.66,gen0027_theta_nd_0020.npy,gen0027_A_nd_0020.npy
27,21,52.7798,912.703,gen0027_theta_nd_0021.npy,gen0027_A_nd_0021.npy
27,22,50.7437,909.918,gen0027_theta_nd_0022.npy,gen0027_A_nd_0022.npy
27,23,52.5679,911.121,gen0027_theta_nd_0023.npy,gen0027_A_nd_0023.npy
28,0,57.1743,918.636,gen0028_theta_nd_0000.npy,gen0028_A_nd_0000.npy
28,1,58.1335,920.36,gen0028_theta_nd_0001.npy,gen0028_A_nd_0001.npy
28,2,57.899,918.903,gen0028_theta_nd_0002.npy,gen0028_A_nd_0002.npy
28,3,54.2155,914.555,gen0028_theta_nd_0003.npy,gen0028_A_nd_0003.npy
28,4,49.9847,908.275,gen0028_theta_nd_0004.npy,gen0028_A_nd_0004.npy
28,5,48.8715,905.766,gen0028_theta_nd_0005.npy,gen0028_A_nd_0005.npy
28,6,49.2174,905.99,gen0028_theta_nd_0006.npy,gen0028_A_nd_0006.npy
28,7,56.88,917.854,gen0028_theta_nd_0007.npy,gen0028_A_nd_0007.npy
28,8,49.9375,906.682,gen0028_theta_nd_0008.npy,gen0028_A_nd_0008.npy
28,9,52.0096,909.951,gen0028_theta_nd_0009.npy,gen0028_A_nd_0009.npy
28,10,47.9959,902.66,gen0028_theta_nd_0010.npy,gen0028_A_nd_0010.npy
28,11,52.7798,912.703,gen0028_theta_nd_0011.npy,gen0028_A_nd_0011.npy
28,12,50.7437,909.918,gen0028_theta_nd_0012.npy,gen0028_A_nd_0012.npy
28,13,55.8523,916.012,gen0028_theta_nd_0013.npy,gen0028_A_nd_0013.npy
28,14,54.1126,914.216,gen0028_theta_nd_0014.npy,gen0028_A_nd_0014.npy
28,15,52.6869,910.981,gen0028_theta_nd_0015.npy,gen0028_A_nd_0015.npy
28,16,57.9902,919.92,gen0028_theta_nd_0016.npy,gen0028_A_nd_0016.npy
28,17,49.9712,907.865,gen0028_theta_nd_0017.npy,gen0028_A_nd_0017.npy
28,18,57.5364,918.832,gen0028_theta_nd_0018.npy,gen0028_A_nd_0018.npy
28,19,54.443,915.951,gen0028_theta_nd_0019.npy,gen0028_A_nd_0019.npy
28,20,46.4956,901.581,gen0028_theta_nd_0020.npy,gen0028_A_nd_0020.npy
28,21,56.494,916.684,gen0028_theta_nd_0021.npy,gen0028_A_nd_0021.npy
28,22,48.3847,904.071,gen0028_theta_nd_0022.npy,gen0028_A_nd_0022.npy
28,23,46.0135,900.248,gen0028_theta_nd_0023.npy,gen0028_A_nd_0023.npy
28,24,53.7117,912.993,gen0028_theta_nd_0024.npy,gen0028_A_nd_0024.npy
29,0,57.1743,918.636,gen0029_theta_nd_0000.npy,gen0029_A_nd_0000.npy
29,1,58.1335,920.36,gen0029_theta_nd_0001.npy,gen0029_A_nd_0001.npy
29,2,57.899,918.903,gen0029_theta_nd_0002.npy,gen0029_A_nd_0002.npy
29,3,48.8715,905.766,gen0029_theta_nd_0003.npy,gen0029_A_nd_0003.npy
29,4,49.2174,905.99,gen0029_theta_nd_0004.npy,gen0029_A_nd_0004.npy
29,5,56.88,917.854,gen0029_theta_nd_0005.npy,gen0029_A_nd_0005.npy
29,6,52.0096,909.951,gen0029_theta_nd_0006.npy,gen0029_A_nd_0006.npy
29,7,52.7798,912.703,gen0029_theta_nd_0007.npy,gen0029_A_nd_0007.npy
29,8,55.8523,916.012,gen0029_theta_nd_0008.npy,gen0029_A_nd_0008.npy
29,9,54.1126,914.216,gen0029_theta_nd_0009.npy,gen0029_A_nd_0009.npy
29,10,52.6869,910.981,gen0029_theta_nd_0010.npy,gen0029_A_nd_0010.npy
29,11,57.9902,919.92,gen0029_theta_nd_0011.npy,gen0029_A_nd_0011.npy
29,12,57.5364,918.832,gen0029_theta_nd_0012.npy,gen0029_A_nd_0012.npy
29,13,56.494,916.684,gen0029_theta_nd_0013.npy,gen0029_A_nd_0013.npy
29,14,48.3847,904.071,gen0029_theta_nd_0014.npy,gen0029_A_nd_0014.npy
29,15,53.7117,912.993,gen0029_theta_nd_0015.npy,gen0029_A_nd_0015.npy
29,16,48.6126,904.369,gen0029_theta_nd_0016.npy,gen0029_A_nd_0016.npy
29,17,48.0256,900.865,gen0029_theta_nd_0017.npy,gen0029_A_nd_0017.npy
29,18,54.2439,914.309,gen0029_theta_nd_0018.npy,gen0029_A_nd_0018.npy
29,19,53.9516,914.174,gen0029_theta_nd_0019.npy,gen0029_A_nd_0019.npy
29,20,46.3684,898.313,gen0029_theta_nd_0020.npy,gen0029_A_nd_0020.npy
29,21,51.8318,909.402,gen0029_theta_nd_0021.npy,gen0029_A_nd_0021.npy
29,22,56.7059,917.618,gen0029_theta_nd_0022.npy,gen0029_A_nd_0022.npy
29,23,54.529,914.507,gen0029_theta_nd_0023.npy,gen0029_A_nd_0023.npy
29,24,50.1192,906.273,gen0029_theta_nd_0024.npy,gen0029_A_nd_0024.npy
29,25,55.6767,915.233,gen0029_theta_nd_0025.npy,gen0029_A_nd_0025.npy
30,0,57.1743,918.636,gen0030_theta_nd_0000.npy,gen0030_A_nd_0000.npy
30,1,58.1335,920.36,gen0030_theta_nd_0001.npy,gen0030_A_nd_0001.npy
30,2,57.899,918.903,gen0030_theta_nd_0002.npy,gen0030_A_nd_0002.npy
30,3,48.8715,905.766,gen0030_theta_nd_0003.npy,gen0030_A_nd_0003.npy
30,4,49.2174,905.99,gen0030_theta_nd_0004.npy,gen0030_A_nd_0004.npy
30,5,52.0096,909.951,gen0030_theta_nd_0005.npy,gen0030_A_nd_0005.npy
30,6,52.6869,910.981,gen0030_theta_nd_0006.npy,gen0030_A_nd_0006.npy
30,7,57.9902,919.92,gen0030_theta_nd_0007.npy,gen0030_A_nd_0007.npy
30,8,57.5364,918.832,gen0030_theta_nd_0008.npy,gen0030_A_nd_0008.npy
30,9,56.494,916.684,gen0030_theta_nd_0009.npy,gen0030_A_nd_0009.npy
30,10,48.3847,904.071,gen0030_theta_nd_0010.npy,gen0030_A_nd_0010.npy
30,11,53.7117,912.993,gen0030_theta_nd_0011.npy,gen0030_A_nd_0011.npy
30,12,48.6126,904.369,gen0030_theta_nd_0012.npy,gen0030_A_nd_0012.npy
30,13,48.0256,900.865,gen0030_theta_nd_0013.npy,gen0030_A_nd_0013.npy
30,14,46.3684,898.313,gen0030_theta_nd_0014.npy,gen0030_A_nd_0014.npy
30,15,51.8318,909.402,gen0030_theta_nd_0015.npy,gen0030_A_nd_0015.npy
30,16,50.1192,906.273,gen0030_theta_nd_0016.npy,gen0030_A_nd_0016.npy
30,17,53.5155,911.084,gen0030_theta_nd_0017.npy,gen0030_A_nd_0017.npy
30,18,55.6854,915.228,gen0030_theta_nd_0018.npy,gen0030_A_nd_0018.npy
30,19,56.4229,915.464,gen0030_theta_nd_0019.npy,gen0030_A_nd_0019.npy
30,20,52.4395,910.641,gen0030_theta_nd_0020.npy,gen0030_A_nd_0020.npy
30,21,54.7416,913.545,gen0030_theta_nd_0021.npy,gen0030_A_nd_0021.npy
30,22,56.9042,917.165,gen0030_theta_nd_0022.npy,gen0030_A_nd_0022.npy
30,23,50.7289,908.382,gen0030_theta_nd_0023.npy,gen0030_A_nd_0023.npy
30,24,49.2962,906.004,gen0030_theta_nd_0024.npy,gen0030_A_nd_0024.npy
30,25,56.7522,917.083,gen0030_theta_nd_0025.npy,gen0030_A_nd_0025.npy
30,26,54.0414,913.311,gen0030_theta_nd_0026.npy,gen0030_A_nd_0026.npy
30,27,48.4206,904.111,gen0030_theta_nd_0027.npy,gen0030_A_nd_0027.npy
30,28,51.3328,909.367,gen0030_theta_nd_0028.npy,gen0030_A_nd_0028.npy
31,0,58.1335,920.36,gen0031_theta_nd_0000.npy,gen0031_A_nd_0000.npy
31,1,57.899,918.903,gen0031_theta_nd_0001.npy,gen0031_A_nd_0001.npy
31,2,52.6869,910.981,gen0031_theta_nd_0002.npy,gen0031_A_nd_0002.npy
31,3,57.9902,919.92,gen0031_theta_nd_0003.npy,gen0031_A_nd_0003.npy
31,4,48.0256,900.865,gen0031_theta_nd_0004.npy,gen0031_A_nd_0004.npy
31,5,46.3684,898.313,gen0031_theta_nd_0005.npy,gen0031_A_nd_0005.npy
31,6,53.5155,911.084,gen0031_theta_nd_0006.npy,gen0031_A_nd_0006.npy
31,7,56.4229,915.464,gen0031_theta_nd_0007.npy,gen0031_A_nd_0007.npy
31,8,54.7416,913.545,gen0031_theta_nd_0008.npy,gen0031_A_nd_0008.npy
31,9,54.3676,912.543,gen0031_theta_nd_0009.npy,gen0031_A_nd_0009.npy
31,10,51.289,906.005,gen0031_theta_nd_0010.npy,gen0031_A_nd_0010.npy
31,11,56.003,914.676,gen0031_theta_nd_0011.npy,gen0031_A_nd_0011.npy
31,12,56.753,916.342,gen0031_theta_nd_0012.npy,gen0031_A_nd_0012.npy
31,13,52.5802,909.112,gen0031_theta_nd_0013.npy,gen0031_A_nd_0013.npy
31,14,57.6102,917.86,gen0031_theta_nd_0014.npy,gen0031_A_nd_0014.npy
31,15,57.0919,916.99,gen0031_theta_nd_0015.npy,gen0031_A_nd_0015.npy
31,16,57.2977,917.17,gen0031_theta_nd_0016.npy,gen0031_A_nd_0016.npy
31,17,48.7972,901.747,gen0031_theta_nd_0017.npy,gen0031_A_nd_0017.npy
31,18,49.4875,903.653,gen0031_theta_nd_0018.npy,gen0031_A_nd_0018.npy
31,19,54.7504,914.464,gen0031_theta_nd_0019.npy,gen0031_A_nd_0019.npy
32,0,48.0256,900.865,gen0032_theta_nd_0000.npy,gen0032_A_nd_0000.npy
32,1,46.3684,898.313,gen0032_theta_nd_0001.npy,gen0032_A_nd_0001.npy
32,2,53.5155,911.084,gen0032_theta_nd_0002.npy,gen0032_A_nd_0002.npy
32,3,54.7416,913.545,gen0032_theta_nd_0003.npy,gen0032_A_nd_0003.npy
32,4,54.3676,912.543,gen0032_theta_nd_0004.npy,gen0032_A_nd_0004.npy
32,5,51.289,906.005,gen0032_theta_nd_0005.npy,gen0032_A_nd_0005.npy
32,6,56.003,914.676,gen0032_theta_nd_0006.npy,gen0032_A_nd_0006.npy
32,7,48.7972,901.747,gen0032_theta_nd_0007.npy,gen0032_A_nd_0007.npy
32,8,57.2523,915.435,gen0032_theta_nd_0008.npy,gen0032_A_nd_0008.npy
32,9,58.1743,915.961,gen0032_theta_nd_0009.npy,gen0032_A_nd_0009.npy
32,10,57.1468,915.226,gen0032_theta_nd_0010.npy,gen0032_A_nd_0010.npy
32,11,55.352,914.631,gen0032_theta_nd_0011.npy,gen0032_A_nd_0011.npy
32,12,58.6203,919.231,gen0032_theta_nd_0012.npy,gen0032_A_nd_0012.npy
32,13,55.1494,914.529,gen0032_theta_nd_0013.npy,gen0032_A_nd_0013.npy
32,14,50.1273,902.512,gen0032_theta_nd_0014.npy,gen0032_A_nd_0014.npy
32,15,59.4547,919.831,gen0032_theta_nd_0015.npy,gen0032_A_nd_0015.npy
32,16,52.7029,908.575,gen0032_theta_nd_0016.npy,gen0032_A_nd_0016.npy
32,17,54.894,913.844,gen0032_theta_nd_0017.npy,gen0032_A_nd_0017.npy
32,18,58.2375,917.927,gen0032_theta_nd_0018.npy,gen0032_A_nd_0018.npy
33,0,48.0256,900.865,gen0033_theta_nd_0000.npy,gen0033_A_nd_0000.npy
33,1,46.3684,898.313,gen0033_theta_nd_0001.npy,gen0033_A_nd_0001.npy
33,2,53.5155,911.084,gen0033_theta_nd_0002.npy,gen0033_A_nd_0002.npy
33,3,54.7416,913.545,gen0033_theta_nd_0003.npy,gen0033_A_nd_0003.npy
33,4,54.3676,912.543,gen0033_theta_nd_0004.npy,gen0033_A_nd_0004.npy
33,5,51.289,906.005,gen0033_theta_nd_0005.npy,gen0033_A_nd_0005.npy
33,6,56.003,914.676,gen0033_theta_nd_0006.npy,gen0033_A_nd_0006.npy
33,7,48.7972,901.747,gen0033_theta_nd_0007.npy,gen0033_A_nd_0007.npy
33,8,57.2523,915.435,gen0033_theta_nd_0008.npy,gen0033_A_nd_0008.npy
33,9,58.1743,915.961,gen0033_theta_nd_0009.npy,gen0033_A_nd_0009.npy
33,10,57.1468,915.226,gen0033_theta_nd_0010.npy,gen0033_A_nd_0010.npy
33,11,58.6203,919.231,gen0033_theta_nd_0011.npy,gen0033_A_nd_0011.npy
33,12,50.1273,902.512,gen0033_theta_nd_0012.npy,gen0033_A_nd_0012.npy
33,13,59.4547,919.831,gen0033_theta_nd_0013.npy,gen0033_A_nd_0013.npy
33,14,52.7029,908.575,gen0033_theta_nd_0014.npy,gen0033_A_nd_0014.npy
33,15,54.894,913.844,gen0033_theta_nd_0015.npy,gen0033_A_nd_0015.npy
33,16,58.2375,917.927,gen0033_theta_nd_0016.npy,gen0033_A_nd_0016.npy
33,17,49.9276,902.185,gen0033_theta_nd_0017.npy,gen0033_A_nd_0017.npy
33,18,55.4192,914.426,gen0033_theta_nd_0018.npy,gen0033_A_nd_0018.npy
33,19,53.3899,910.418,gen0033_theta_nd_0019.npy,gen0033_A_nd_0019.npy
33,20,58.2404,918.754,gen0033_theta_nd_0020.npy,gen0033_A_nd_0020.npy
33,21,54.6077,912.758,gen0033_theta_nd_0021.npy,gen0033_A_nd_0021.npy
33,22,51.4344,907.611,gen0033_theta_nd_0022.npy,gen0033_A_nd_0022.npy
33,23,52.0235,908.372,gen0033_theta_nd_0023.npy,gen0033_A_nd_0023.npy
33,24,47.0177,900.584,gen0033_theta_nd_0024.npy,gen0033_A_nd_0024.npy
33,25,50.9016,905.646,gen0033_theta_nd_0025.npy,gen0033_A_nd_0025.npy
34,0,46.3684,898.313,gen0034_theta_nd_0000.npy,gen0034_A_nd_0000.npy
34,1,53.5155,911.084,gen0034_theta_nd_0001.npy,gen0034_A_nd_0001.npy
34,2,51.289,906.005,gen0034_theta_nd_0002.npy,gen0034_A_nd_0002.npy
34,3,48.7972,901.747,gen0034_theta_nd_0003.npy,gen0034_A_nd_0003.npy
34,4,57.2523,915.435,gen0034_theta_nd_0004.npy,gen0034_A_nd_0004.npy
34,5,58.1743,915.961,gen0034_theta_nd_0005.npy,gen0034_A_nd_0005.npy
34,6,57.1468,915.226,gen0034_theta_nd_0006.npy,gen0034_A_nd_0006.npy
34,7,58.6203,919.231,gen0034_theta_nd_0007.npy,gen0034_A_nd_0007.npy
34,8,50.1273,902.512,gen0034_theta_nd_0008.npy,gen0034_A_nd_0008.npy
34,9,59.4547,919.831,gen0034_theta_nd_0009.npy,gen0034_A_nd_0009.npy
34,10,52.7029,908.575,gen0034_theta_nd_0010.npy,gen0034_A_nd_0010.npy
34,11,58.2375,917.927,gen0034_theta_nd_0011.npy,gen0034_A_nd_0011.npy
34,12,49.9276,902.185,gen0034_theta_nd_0012.npy,gen0034_A_nd_0012.npy
34,13,53.3899,910.418,gen0034_theta_nd_0013.npy,gen0034_A_nd_0013.npy
34,14,58.2404,918.754,gen0034_theta_nd_0014.npy,gen0034_A_nd_0014.npy
34,15,51.4344,907.611,gen0034_theta_nd_0015.npy,gen0034_A_nd_0015.npy
34,16,56.0485,914.655,gen0034_theta_nd_0016.npy,gen0034_A_nd_0016.npy
34,17,52.2577,907.945,gen0034_theta_nd_0017.npy,gen0034_A_nd_0017.npy
34,18,55.8978,913.296,gen0034_theta_nd_0018.npy,gen0034_A_nd_0018.npy
34,19,48.6947,899.942,gen0034_theta_nd_0019.npy,gen0034_A_nd_0019.npy
34,20,58.8854,919.578,gen0034_theta_nd_0020.npy,gen0034_A_nd_0020.npy
34,21,53.1837,909.745,gen0034_theta_nd_0021.npy,gen0034_A_nd_0021.npy
34,22,50.9519,905.604,gen0034_theta_nd_0022.npy,gen0034_A_nd_0022.npy
34,23,54.1257,911.561,gen0034_theta_nd_0023.npy,gen0034_A_nd_0023.npy
34,24,50.8228,905.317,gen0034_theta_nd_0024.npy,gen0034_A_nd_0024.npy
34,25,55.1156,912.221,gen0034_theta_nd_0025.npy,gen0034_A_nd_0025.npy
34,26,56.2,914.9,gen0034_theta_nd_0026.npy,gen0034_A_nd_0026.npy
34,27,52.502,908.429,gen0034_theta_nd_0027.npy,gen0034_A_nd_0027.npy
34,28,53.4466,910.838,gen0034_theta_nd_0028.npy,gen0034_A_nd_0028.npy
34,29,55.1646,913.146,gen0034_theta_nd_0029.npy,gen0034_A_nd_0029.npy
34,30,53.2692,910.127,gen0034_theta_nd_0030.npy,gen0034_A_nd_0030.npy
35,0,46.3684,898.313,gen0035_theta_nd_0000.npy,gen0035_A_nd_0000.npy
35,1,51.289,906.005,gen0035_theta_nd_0001.npy,gen0035_A_nd_0001.npy
35,2,48.7972,901.747,gen0035_theta_nd_0002.npy,gen0035_A_nd_0002.npy
35,3,57.2523,915.435,gen0035_theta_nd_0003.npy,gen0035_A_nd_0003.npy
35,4,58.1743,915.961,gen0035_theta_nd_0004.npy,gen0035_A_nd_0004.npy
35,5,57.1468,915.226,gen0035_theta_nd_0005.npy,gen0035_A_nd_0005.npy
35,6,58.6203,919.231,gen0035_theta_nd_0006.npy,gen0035_A_nd_0006.npy
35,7,50.1273,902.512,gen0035_theta_nd_0007.npy,gen0035_A_nd_0007.npy
35,8,59.4547,919.831,gen0035_theta_nd_0008.npy,gen0035_A_nd_0008.npy
35,9,52.7029,908.575,gen0035_theta_nd_0009.npy,gen0035_A_nd_0009.npy
35,10,58.2375,917.927,gen0035_theta_nd_0010.npy,gen0035_A_nd_0010.npy
35,11,49.9276,902.185,gen0035_theta_nd_0011.npy,gen0035_A_nd_0011.npy
35,12,53.3899,910.418,gen0035_theta_nd_0012.npy,gen0035_A_nd_0012.npy
35,13,58.2404,918.754,gen0035_theta_nd_0013.npy,gen0035_A_nd_0013.npy
35,14,55.8978,913.296,gen0035_theta_nd_0014.npy,gen0035_A_nd_0014.npy
35,15,48.6947,899.942,gen0035_theta_nd_0015.npy,gen0035_A_nd_0015.npy
35,16,58.8854,919.578,gen0035_theta_nd_0016.npy,gen0035_A_nd_0016.npy
35,17,50.9519,905.604,gen0035_theta_nd_0017.npy,gen0035_A_nd_0017.npy
35,18,50.8228,905.317,gen0035_theta_nd_0018.npy,gen0035_A_nd_0018.npy
35,19,52.502,908.429,gen0035_theta_nd_0019.npy,gen0035_A_nd_0019.npy
35,20,53.2692,910.127,gen0035_theta_nd_0020.npy,gen0035_A_nd_0020.npy
35,21,55.5478,912.205,gen0035_theta_nd_0021.npy,gen0035_A_nd_0021.npy
35,22,53.3045,910.38,gen0035_theta_nd_0022.npy,gen0035_A_nd_0022.npy
35,23,51.8876,906.594,gen0035_theta_nd_0023.npy,gen0035_A_nd_0023.npy
35,24,56.3431,914.185,gen0035_theta_nd_0024.npy,gen0035_A_nd_0024.npy
35,25,54.2719,911.285,gen0035_theta_nd_0025.npy,gen0035_A_nd_0025.npy
35,26,51.9095,907.322,gen0035_theta_nd_0026.npy,gen0035_A_nd_0026.npy
35,27,50.0127,902.225,gen0035_theta_nd_0027.npy,gen0035_A_nd_0027.npy
35,28,53.2608,909.657,gen0035_theta_nd_0028.npy,gen0035_A_nd_0028.npy
35,29,53.0035,909.572,gen0035_theta_nd_0029.npy,gen0035_A_nd_0029.npy
35,30,53.5571,910.784,gen0035_theta_nd_0030.npy,gen0035_A_nd_0030.npy
35,31,52.402,907.816,gen0035_theta_nd_0031.npy,gen0035_A_nd_0031.npy
35,32,58.3827,919.152,gen0035_theta_nd_0032.npy,gen0035_A_nd_0032.npy
35,33,54.7852,911.739,gen0035_theta_nd_0033.npy,gen0035_A_nd_0033.npy
35,34,57.8799,915.868,gen0035_theta_nd_0034.npy,gen0035_A_nd_0034.npy
35,35,53.5472,910.519,gen0035_theta_nd_0035.npy,gen0035_A_nd_0035.npy
36,0,46.3684,898.313,gen0036_theta_nd_0000.npy,gen0036_A_nd_0000.npy
36,1,48.7972,901.747,gen0036_theta_nd_0001.npy,gen0036_A_nd_0001.npy
36,2,57.2523,915.435,gen0036_theta_nd_0002.npy,gen0036_A_nd_0002.npy
36,3,57.1468,915.226,gen0036_theta_nd_0003.npy,gen0036_A_nd_0003.npy
36,4,50.1273,902.512,gen0036_theta_nd_0004.npy,gen0036_A_nd_0004.npy
36,5,59.4547,919.831,gen0036_theta_nd_0005.npy,gen0036_A_nd_0005.npy
36,6,49.9276,902.185,gen0036_theta_nd_0006.npy,gen0036_A_nd_0006.npy
36,7,55.8978,913.296,gen0036_theta_nd_0007.npy,gen0036_A_nd_0007.npy
36,8,48.6947,899.942,gen0036_theta_nd_0008.npy,gen0036_A_nd_0008.npy
36,9,58.8854,919.578,gen0036_theta_nd_0009.npy,gen0036_A_nd_0009.npy
36,10,55.5478,912.205,gen0036_theta_nd_0010.npy,gen0036_A_nd_0010.npy
36,11,51.8876,906.594,gen0036_theta_nd_0011.npy,gen0036_A_nd_0011.npy
36,12,56.3431,914.185,gen0036_theta_nd_0012.npy,gen0036_A_nd_0012.npy
36,13,50.0127,902.225,gen0036_theta_nd_0013.npy,gen0036_A_nd_0013.npy
36,14,52.402,907.816,gen0036_theta_nd_0014.npy,gen0036_A_nd_0014.npy
36,15,53.2715,908.681,gen0036_theta_nd_0015.npy,gen0036_A_nd_0015.npy
36,16,58.4688,916.223,gen0036_theta_nd_0016.npy,gen0036_A_nd_0016.npy
36,17,47.2858,898.719,gen0036_theta_nd_0017.npy,gen0036_A_nd_0017.npy
36,18,54.2559,909.827,gen0036_theta_nd_0018.npy,gen0036_A_nd_0018.npy
36,19,51.6134,905.48,gen0036_theta_nd_0019.npy,gen0036_A_nd_0019.npy
36,20,53.681,909.144,gen0036_theta_nd_0020.npy,gen0036_A_nd_0020.npy
36,21,58.8563,918.806,gen0036_theta_nd_0021.npy,gen0036_A_nd_0021.npy
36,22,50.8308,903.446,gen0036_theta_nd_0022.npy,gen0036_A_nd_0022.npy
36,23,55.868,912.566,gen0036_theta_nd_0023.npy,gen0036_A_nd_0023.npy
36,24,54.902,910.505,gen0036_theta_nd_0024.npy,gen0036_A_nd_0024.npy
36,25,52.2283,906.734,gen0036_theta_nd_0025.npy,gen0036_A_nd_0025.npy
36,26,58.2531,915.667,gen0036_theta_nd_0026.npy,gen0036_A_nd_0026.npy
36,27,53.1178,908.022,gen0036_theta_nd_0027.npy,gen0036_A_nd_0027.npy
36,28,57.5773,915.582,gen0036_theta_nd_0028.npy,gen0036_A_nd_0028.npy
37,0,46.3684,898.313,gen0037_theta_nd_0000.npy,gen0037_A_nd_0000.npy
37,1,50.1273,902.512,gen0037_theta_nd_0001.npy,gen0037_A_nd_0001.npy
37,2,49.9276,902.185,gen0037_theta_nd_0002.npy,gen0037_A_nd_0002.npy
37,3,48.6947,899.942,gen0037_theta_nd_0003.npy,gen0037_A_nd_0003.npy
37,4,51.8876,906.594,gen0037_theta_nd_0004.npy,gen0037_A_nd_0004.npy
37,5,50.0127,902.225,gen0037_theta_nd_0005.npy,gen0037_A_nd_0005.npy
37,6,53.2715,908.681,gen0037_theta_nd_0006.npy,gen0037_A_nd_0006.npy
37,7,58.4688,916.223,gen0037_theta_nd_0007.npy,gen0037_A_nd_0007.npy
37,8,47.2858,898.719,gen0037_theta_nd_0008.npy,gen0037_A_nd_0008.npy
37,9,51.6134,905.48,gen0037_theta_nd_0009.npy,gen0037_A_nd_0009.npy
37,10,58.8563,918.806,gen0037_theta_nd_0010.npy,gen0037_A_nd_0010.npy
37,11,50.8308,903.446,gen0037_theta_nd_0011.npy,gen0037_A_nd_0011.npy
37,12,55.868,912.566,gen0037_theta_nd_0012.npy,gen0037_A_nd_0012.npy
37,13,54.902,910.505,gen0037_theta_nd_0013.npy,gen0037_A_nd_0013.npy
37,14,58.2531,915.667,gen0037_theta_nd_0014.npy,gen0037_A_nd_0014.npy
37,15,53.1178,908.022,gen0037_theta_nd_0015.npy,gen0037_A_nd_0015.npy
37,16,57.8253,915.531,gen0037_theta_nd_0016.npy,gen0037_A_nd_0016.npy
37,17,49.9224,901.555,gen0037_theta_nd_0017.npy,gen0037_A_nd_0017.npy
37,18,56.5348,913.086,gen0037_theta_nd_0018.npy,gen0037_A_nd_0018.npy
37,19,53.0974,907.623,gen0037_theta_nd_0019.npy,gen0037_A_nd_0019.npy
37,20,49.6832,900.247,gen0037_theta_nd_0020.npy,gen0037_A_nd_0020.npy
37,21,55.8443,912.012,gen0037_theta_nd_0021.npy,gen0037_A_nd_0021.npy
37,22,59.4942,919.502,gen0037_theta_nd_0022.npy,gen0037_A_nd_0022.npy
37,23,57.7219,914.962,gen0037_theta_nd_0023.npy,gen0037_A_nd_0023.npy
37,24,57.5838,914.81,gen0037_theta_nd_0024.npy,gen0037_A_nd_0024.npy
37,25,58.8795,919.187,gen0037_theta_nd_0025.npy,gen0037_A_nd_0025.npy
37,26,50.9722,905.153,gen0037_theta_nd_0026.npy,gen0037_A_nd_0026.npy
37,27,51.615,905.54,gen0037_theta_nd_0027.npy,gen0037_A_nd_0027.npy
37,28,54.4984,908.883,gen0037_theta_nd_0028.npy,gen0037_A_nd_0028.npy
37,29,52.9701,906.622,gen0037_theta_nd_0029.npy,gen0037_A_nd_0029.npy
37,30,48.3085,899.394,gen0037_theta_nd_0030.npy,gen0037_A_nd_0030.npy
37,31,55.0582,911.334,gen0037_theta_nd_0031.npy,gen0037_A_nd_0031.npy
38,0,50.1273,902.512,gen0038_theta_nd_0000.npy,gen0038_A_nd_0000.npy
38,1,48.6947,899.942,gen0038_theta_nd_0001.npy,gen0038_A_nd_0001.npy
38,2,58.4688,916.223,gen0038_theta_nd_0002.npy,gen0038_A_nd_0002.npy
38,3,58.8563,918.806,gen0038_theta_nd_0003.npy,gen0038_A_nd_0003.npy
38,4,50.8308,903.446,gen0038_theta_nd_0004.npy,gen0038_A_nd_0004.npy
38,5,54.902,910.505,gen0038_theta_nd_0005.npy,gen0038_A_nd_0005.npy
38,6,58.2531,915.667,gen0038_theta_nd_0006.npy,gen0038_A_nd_0006.npy
38,7,57.8253,915.531,gen0038_theta_nd_0007.npy,gen0038_A_nd_0007.npy
38,8,56.5348,913.086,gen0038_theta_nd_0008.npy,gen0038_A_nd_0008.npy
38,9,53.0974,907.623,gen0038_theta_nd_0009.npy,gen0038_A_nd_0009.npy
38,10,49.6832,900.247,gen0038_theta_nd_0010.npy,gen0038_A_nd_0010.npy
38,11,59.4942,919.502,gen0038_theta_nd_0011.npy,gen0038_A_nd_0011.npy
38,12,57.7219,914.962,gen0038_theta_nd_0012.npy,gen0038_A_nd_0012.npy
38,13,57.5838,914.81,gen0038_theta_nd_0013.npy,gen0038_A_nd_0013.npy
38,14,54.4984,908.883,gen0038_theta_nd_0014.npy,gen0038_A_nd_0014.npy
38,15,52.9701,906.622,gen0038_theta_nd_0015.npy,gen0038_A_nd_0015.npy
38,16,56.4255,910.775,gen0038_theta_nd_0016.npy,gen0038_A_nd_0016.npy
38,17,48.5679,899.341,gen0038_theta_nd_0017.npy,gen0038_A_nd_0017.npy
38,18,52.3876,906.577,gen0038_theta_nd_0018.npy,gen0038_A_nd_0018.npy
38,19,50.0513,901.128,gen0038_theta_nd_0019.npy,gen0038_A_nd_0019.npy
38,20,59.357,919.112,gen0038_theta_nd_0020.npy,gen0038_A_nd_0020.npy
38,21,52.2985,905.56,gen0038_theta_nd_0021.npy,gen0038_A_nd_0021.npy
38,22,50.623,903.235,gen0038_theta_nd_0022.npy,gen0038_A_nd_0022.npy
38,23,48.3456,897.841,gen0038_theta_nd_0023.npy,gen0038_A_nd_0023.npy
38,24,57.0887,913.658,gen0038_theta_nd_0024.npy,gen0038_A_nd_0024.npy
38,25,51.3987,904.525,gen0038_theta_nd_0025.npy,gen0038_A_nd_0025.npy
38,26,57.6207,914.829,gen0038_theta_nd_0026.npy,gen0038_A_nd_0026.npy
38,27,53.4377,907.811,gen0038_theta_nd_0027.npy,gen0038_A_nd_0027.npy
38,28,52.17,905.394,gen0038_theta_nd_0028.npy,gen0038_A_nd_0028.npy
39,0,48.6947,899.942,gen0039_theta_nd_0000.npy,gen0039_A_nd_0000.npy
39,1,54.902,910.505,gen0039_theta_nd_0001.npy,gen0039_A_nd_0001.npy
39,2,56.5348,913.086,gen0039_theta_nd_0002.npy,gen0039_A_nd_0002.npy
39,3,53.0974,907.623,gen0039_theta_nd_0003.npy,gen0039_A_nd_0003.npy
39,4,49.6832,900.247,gen0039_theta_nd_0004.npy,gen0039_A_nd_0004.npy
39,5,59.4942,919.502,gen0039_theta_nd_0005.npy,gen0039_A_nd_0005.npy
39,6,57.5838,914.81,gen0039_theta_nd_0006.npy,gen0039_A_nd_0006.npy
39,7,54.4984,908.883,gen0039_theta_nd_0007.npy,gen0039_A_nd_0007.npy
39,8,52.9701,906.622,gen0039_theta_nd_0008.npy,gen0039_A_nd_0008.npy
39,9,56.4255,910.775,gen0039_theta_nd_0009.npy,gen0039_A_nd_0009.npy
39,10,48.5679,899.341,gen0039_theta_nd_0010.npy,gen0039_A_nd_0010.npy
39,11,52.2985,905.56,gen0039_theta_nd_0011.npy,gen0039_A_nd_0011.npy
39,12,48.3456,897.841,gen0039_theta_nd_0012.npy,gen0039_A_nd_0012.npy
39,13,57.6207,914.829,gen0039_theta_nd_0013.npy,gen0039_A_nd_0013.npy
39,14,52.17,905.394,gen0039_theta_nd_0014.npy,gen0039_A_nd_0014.npy
39,15,59.2411,914.887,gen0039_theta_nd_0015.npy,gen0039_A_nd_0015.npy
39,16,44.9218,895.035,gen0039_theta_nd_0016.npy,gen0039_A_nd_0016.npy
39,17,51.6034,904.63,gen0039_theta_nd_0017.npy,gen0039_A_nd_0017.npy
39,18,53.5438,907.796,gen0039_theta_nd_0018.npy,gen0039_A_nd_0018.npy
39,19,53.7068,908.68,gen0039_theta_nd_0019.npy,gen0039_A_nd_0019.npy
39,20,53.9491,908.829,gen0039_theta_nd_0020.npy,gen0039_A_nd_0020.npy
39,21,57.3495,913.425,gen0039_theta_nd_0021.npy,gen0039_A_nd_0021.npy
39,22,50.9017,900.741,gen0039_theta_nd_0022.npy,gen0039_A_nd_0022.npy
39,23,51.4186,903.609,gen0039_theta_nd_0023.npy,gen0039_A_nd_0023.npy
39,24,59.4893,918.955,gen0039_theta_nd_0024.npy,gen0039_A_nd_0024.npy
39,25,52.6497,905.697,gen0039_theta_nd_0025.npy,gen0039_A_nd_0025.npy
39,26,49.5866,900.039,gen0039_theta_nd_0026.npy,gen0039_A_nd_0026.npy
39,27,48.4177,898.097,gen0039_theta_nd_0027.npy,gen0039_A_nd_0027.npy
40,0,54.902,910.505,gen0040_theta_nd_0000.npy,gen0040_A_nd_0000.npy
40,1,56.5348,913.086,gen0040_theta_nd_0001.npy,gen0040_A_nd_0001.npy
40,2,54.4984,908.883,gen0040_theta_nd_0002.npy,gen0040_A_nd_0002.npy
40,3,52.9701,906.622,gen0040_theta_nd_0003.npy,gen0040_A_nd_0003.npy
40,4,56.4255,910.775,gen0040_theta_nd_0004.npy,gen0040_A_nd_0004.npy
40,5,52.2985,905.56,gen0040_theta_nd_0005.npy,gen0040_A_nd_0005.npy
40,6,48.3456,897.841,gen0040_theta_nd_0006.npy,gen0040_A_nd_0006.npy
40,7,52.17,905.394,gen0040_theta_nd_0007.npy,gen0040_A_nd_0007.npy
40,8,59.2411,914.887,gen0040_theta_nd_0008.npy,gen0040_A_nd_0008.npy
40,9,44.9218,895.035,gen0040_theta_nd_0009.npy,gen0040_A_nd_0009.npy
40,10,57.3495,913.425,gen0040_theta_nd_0010.npy,gen0040_A_nd_0010.npy
40,11,50.9017,900.741,gen0040_theta_nd_0011.npy,gen0040_A_nd_0011.npy
40,12,51.4186,903.609,gen0040_theta_nd_0012.npy,gen0040_A_nd_0012.npy
40,13,52.6497,905.697,gen0040_theta_nd_0013.npy,gen0040_A_nd_0013.npy
40,14,48.4177,898.097,gen0040_theta_nd_0014.npy,gen0040_A_nd_0014.npy
40,15,49.7474,898.808,gen0040_theta_nd_0015.npy,gen0040_A_nd_0015.npy
40,16,53.9706,907.015,gen0040_theta_nd_0016.npy,gen0040_A_nd_0016.npy
40,17,51.2441,902.909,gen0040_theta_nd_0017.npy,gen0040_A_nd_0017.npy
40,18,60.5467,917.59,gen0040_theta_nd_0018.npy,gen0040_A_nd_0018.npy
40,19,51.6898,904.284,gen0040_theta_nd_0019.npy,gen0040_A_nd_0019.npy
40,20,48.1973,896.704,gen0040_theta_nd_0020.npy,gen0040_A_nd_0020.npy
40,21,58.2046,914.21,gen0040_theta_nd_0021.npy,gen0040_A_nd_0021.npy
40,22,54.809,909.941,gen0040_theta_nd_0022.npy,gen0040_A_nd_0022.npy
40,23,53.999,908.66,gen0040_theta_nd_0023.npy,gen0040_A_nd_0023.npy
41,0,54.4984,908.883,gen0041_theta_nd_0000.npy,gen0041_A_nd_0000.npy
41,1,52.9701,906.622,gen0041_theta_nd_0001.npy,gen0041_A_nd_0001.npy
41,2,56.4255,910.775,gen0041_theta_nd_0002.npy,gen0041_A_nd_0002.npy
41,3,52.2985,905.56,gen0041_theta_nd_0003.npy,gen0041_A_nd_0003.npy
41,4,48.3456,897.841,gen0041_theta_nd_0004.npy,gen0041_A_nd_0004.npy
41,5,59.2411,914.887,gen0041_theta_nd_0005.npy,gen0041_A_nd_0005.npy
41,6,44.9218,895.035,gen0041_theta_nd_0006.npy,gen0041_A_nd_0006.npy
41,7,57.3495,913.425,gen0041_theta_nd_0007.npy,gen0041_A_nd_0007.npy
41,8,50.9017,900.741,gen0041_theta_nd_0008.npy,gen0041_A_nd_0008.npy
41,9,52.6497,905.697,gen0041_theta_nd_0009.npy,gen0041_A_nd_0009.npy
41,10,48.4177,898.097,gen0041_theta_nd_0010.npy,gen0041_A_nd_0010.npy
41,11,49.7474,898.808,gen0041_theta_nd_0011.npy,gen0041_A_nd_0011.npy
41,12,53.9706,907.015,gen0041_theta_nd_0012.npy,gen0041_A_nd_0012.npy
41,13,51.2441,902.909,gen0041_theta_nd_0013.npy,gen0041_A_nd_0013.npy
41,14,60.5467,917.59,gen0041_theta_nd_0014.npy,gen0041_A_nd_0014.npy
41,15,48.1973,896.704,gen0041_theta_nd_0015.npy,gen0041_A_nd_0015.npy
41,16,58.2046,914.21,gen0041_theta_nd_0016.npy,gen0041_A_nd_0016.npy
41,17,49.2039,898.359,gen0041_theta_nd_0017.npy,gen0041_A_nd_0017.npy
41,18,52.944,906.249,gen0041_theta_nd_0018.npy,gen0041_A_nd_0018.npy
41,19,51.5637,903.322,gen0041_theta_nd_0019.npy,gen0041_A_nd_0019.npy
41,20,47.1372,895.372,gen0041_theta_nd_0020.npy,gen0041_A_nd_0020.npy
41,21,52.1977,904.947,gen0041_theta_nd_0021.npy,gen0041_A_nd_0021.npy
41,22,59.9058,916.78,gen0041_theta_nd_0022.npy,gen0041_A_nd_0022.npy
41,23,55.1274,909.302,gen0041_theta_nd_0023.npy,gen0041_A_nd_0023.npy
41,24,55.4674,910.535,gen0041_theta_nd_0024.npy,gen0041_A_nd_0024.npy
41,25,48.1703,895.613,gen0041_theta_nd_0025.npy,gen0041_A_nd_0025.npy
41,26,52.0018,903.928,gen0041_theta_nd_0026.npy,gen0041_A_nd_0026.npy
41,27,56.9552,912.695,gen0041_theta_nd_0027.npy,gen0041_A_nd_0027.npy
41,28,51.6549,903.518,gen0041_theta_nd_0028.npy,gen0041_A_nd_0028.npy
41,29,54.1783,908.458,gen0041_theta_nd_0029.npy,gen0041_A_nd_0029.npy
42,0,56.4255,910.775,gen0042_theta_nd_0000.npy,gen0042_A_nd_0000.npy
42,1,48.3456,897.841,gen0042_theta_nd_0001.npy,gen0042_A_nd_0001.npy
42,2,59.2411,914.887,gen0042_theta_nd_0002.npy,gen0042_A_nd_0002.npy
42,3,57.3495,913.425,gen0042_theta_nd_0003.npy,gen0042_A_nd_0003.npy
42,4,50.9017,900.741,gen0042_theta_nd_0004.npy,gen0042_A_nd_0004.npy
42,5,49.7474,898.808,gen0042_theta_nd_0005.npy,gen0042_A_nd_0005.npy
42,6,53.9706,907.015,gen0042_theta_nd_0006.npy,gen0042_A_nd_0006.npy
42,7,60.5467,917.59,gen0042_theta_nd_0007.npy,gen0042_A_nd_0007.npy
42,8,48.1973,896.704,gen0042_theta_nd_0008.npy,gen0042_A_nd_0008.npy
42,9,58.2046,914.21,gen0042_theta_nd_0009.npy,gen0042_A_nd_0009.npy
42,10,49.2039,898.359,gen0042_theta_nd_0010.npy,gen0042_A_nd_0010.npy
42,11,51.5637,903.322,gen0042_theta_nd_0011.npy,gen0042_A_nd_0011.npy
42,12,55.1274,909.302,gen0042_theta_nd_0012.npy,gen0042_A_nd_0012.npy
42,13,55.4674,910.535,gen0042_theta_nd_0013.npy,gen0042_A_nd_0013.npy
42,14,48.1703,895.613,gen0042_theta_nd_0014.npy,gen0042_A_nd_0014.npy
42,15,56.9552,912.695,gen0042_theta_nd_0015.npy,gen0042_A_nd_0015.npy
42,16,51.6549,903.518,gen0042_theta_nd_0016.npy,gen0042_A_nd_0016.npy
42,17,52.4456,903.55,gen0042_theta_nd_0017.npy,gen0042_A_nd_0017.npy
42,18,59.2258,914.324,gen0042_theta_nd_0018.npy,gen0042_A_nd_0018.npy
42,19,49.3792,898.572,gen0042_theta_nd_0019.npy,gen0042_A_nd_0019.npy
42,20,57.1008,912.924,gen0042_theta_nd_0020.npy,gen0042_A_nd_0020.npy
42,21,53.1018,904.565,gen0042_theta_nd_0021.npy,gen0042_A_nd_0021.npy
42,22,55.0594,908.507,gen0042_theta_nd_0022.npy,gen0042_A_nd_0022.npy
42,23,44.2064,892.744,gen0042_theta_nd_0023.npy,gen0042_A_nd_0023.npy
42,24,55.437,909.695,gen0042_theta_nd_0024.npy,gen0042_A_nd_0024.npy
42,25,54.6778,907.873,gen0042_theta_nd_0025.npy,gen0042_A_nd_0025.npy
42,26,47.5401,894.106,gen0042_theta_nd_0026.npy,gen0042_A_nd_0026.npy
42,27,51.39,902.607,gen0042_theta_nd_0027.npy,gen0042_A_nd_0027.npy
42,28,53.6768,906.405,gen0042_theta_nd_0028.npy,gen0042_A_nd_0028.npy
42,29,48.8881,898.063,gen0042_theta_nd_0029.npy,gen0042_A_nd_0029.npy
42,30,60.0529,916.53,gen0042_theta_nd_0030.npy,gen0042_A_nd_0030.npy
42,31,53.4565,906.375,gen0042_theta_nd_0031.npy,gen0042_A_nd_0031.npy
42,32,55.215,909.561,gen0042_theta_nd_0032.npy,gen0042_A_nd_0032.npy
43,0,59.2411,914.887,gen0043_theta_nd_0000.npy,gen0043_A_nd_0000.npy
43,1,57.3495,913.425,gen0043_theta_nd_0001.npy,gen0043_A_nd_0001.npy
43,2,50.9017,900.741,gen0043_theta_nd_0002.npy,gen0043_A_nd_0002.npy
43,3,53.9706,907.015,gen0043_theta_nd_0003.npy,gen0043_A_nd_0003.npy
43,4,60.5467,917.59,gen0043_theta_nd_0004.npy,gen0043_A_nd_0004.npy
43,5,48.1973,896.704,gen0043_theta_nd_0005.npy,gen0043_A_nd_0005.npy
43,6,58.2046,914.21,gen0043_theta_nd_0006.npy,gen0043_A_nd_0006.npy
43,7,51.5637,903.322,gen0043_theta_nd_0007.npy,gen0043_A_nd_0007.npy
43,8,55.1274,909.302,gen0043_theta_nd_0008.npy,gen0043_A_nd_0008.npy
43,9,48.1703,895.613,gen0043_theta_nd_0009.npy,gen0043_A_nd_0009.npy
43,10,56.9552,912.695,gen0043_theta_nd_0010.npy,gen0043_A_nd_0010.npy
43,11,51.6549,903.518,gen0043_theta_nd_0011.npy,gen0043_A_nd_0011.npy
43,12,52.4456,903.55,gen0043_theta_nd_0012.npy,gen0043_A_nd_0012.npy
43,13,59.2258,914.324,gen0043_theta_nd_0013.npy,gen0043_A_nd_0013.npy
43,14,57.1008,912.924,gen0043_theta_nd_0014.npy,gen0043_A_nd_0014.npy
43,15,53.1018,904.565,gen0043_theta_nd_0015.npy,gen0043_A_nd_0015.npy
43,16,55.0594,908.507,gen0043_theta_nd_0016.npy,gen0043_A_nd_0016.npy
43,17,44.2064,892.744,gen0043_theta_nd_0017.npy,gen0043_A_nd_0017.npy
43,18,54.6778,907.873,gen0043_theta_nd_0018.npy,gen0043_A_nd_0018.npy
43,19,47.5401,894.106,gen0043_theta_nd_0019.npy,gen0043_A_nd_0019.npy
43,20,51.39,902.607,gen0043_theta_nd_0020.npy,gen0043_A_nd_0020.npy
43,21,60.0529,916.53,gen0043_theta_nd_0021.npy,gen0043_A_nd_0021.npy
43,22,49.2741,897.926,gen0043_theta_nd_0022.npy,gen0043_A_nd_0022.npy
43,23,53.8214,906.044,gen0043_theta_nd_0023.npy,gen0043_A_nd_0023.npy
43,24,51.6564,903.525,gen0043_theta_nd_0024.npy,gen0043_A_nd_0024.npy
43,25,50.3205,899.501,gen0043_theta_nd_0025.npy,gen0043_A_nd_0025.npy
43,26,55.1187,908.798,gen0043_theta_nd_0026.npy,gen0043_A_nd_0026.npy
43,27,57.8124,913.718,gen0043_theta_nd_0027.npy,gen0043_A_nd_0027.npy
43,28,49.9029,897.986,gen0043_theta_nd_0028.npy,gen0043_A_nd_0028.npy
43,29,48.3962,896.716,gen0043_theta_nd_0029.npy,gen0043_A_nd_0029.npy
43,30,54.2863,907.104,gen0043_theta_nd_0030.npy,gen0043_A_nd_0030.npy
43,31,48.451,896.977,gen0043_theta_nd_0031.npy,gen0043_A_nd_0031.npy
43,32,55.5974,909.374,gen0043_theta_nd_0032.npy,gen0043_A_nd_0032.npy
43,33,47.9763,894.121,gen0043_theta_nd_0033.npy,gen0043_A_nd_0033.npy
43,34,56.7206,910.186,gen0043_theta_nd_0034.npy,gen0043_A_nd_0034.npy
43,35,50.0646,899.136,gen0043_theta_nd_0035.npy,gen0043_A_nd_0035.npy
44,0,50.9017,900.741,gen0044_theta_nd_0000.npy,gen0044_A_nd_0000.npy
44,1,48.1973,896.704,gen0044_theta_nd_0001.npy,gen0044_A_nd_0001.npy
44,2,55.1274,909.302,gen0044_theta_nd_0002.npy,gen0044_A_nd_0002.npy
44,3,48.1703,895.613,gen0044_theta_nd_0003.npy,gen0044_A_nd_0003.npy
44,4,56.9552,912.695,gen0044_theta_nd_0004.npy,gen0044_A_nd_0004.npy
44,5,52.4456,903.55,gen0044_theta_nd_0005.npy,gen0044_A_nd_0005.npy
44,6,59.2258,914.324,gen0044_theta_nd_0006.npy,gen0044_A_nd_0006.npy
44,7,53.1018,904.565,gen0044_theta_nd_0007.npy,gen0044_A_nd_0007.npy
44,8,55.0594,908.507,gen0044_theta_nd_0008.npy,gen0044_A_nd_0008.npy
44,9,54.6778,907.873,gen0044_theta_nd_0009.npy,gen0044_A_nd_0009.npy
44,10,47.5401,894.106,gen0044_theta_nd_0010.npy,gen0044_A_nd_0010.npy
44,11,60.0529,916.53,gen0044_theta_nd_0011.npy,gen0044_A_nd_0011.npy
44,12,49.2741,897.926,gen0044_theta_nd_0012.npy,gen0044_A_nd_0012.npy
44,13,53.8214,906.044,gen0044_theta_nd_0013.npy,gen0044_A_nd_0013.npy
44,14,50.3205,899.501,gen0044_theta_nd_0014.npy,gen0044_A_nd_0014.npy
44,15,55.1187,908.798,gen0044_theta_nd_0015.npy,gen0044_A_nd_0015.npy
44,16,49.9029,897.986,gen0044_theta_nd_0016.npy,gen0044_A_nd_0016.npy
44,17,48.3962,896.716,gen0044_theta_nd_0017.npy,gen0044_A_nd_0017.npy
44,18,48.451,896.977,gen0044_theta_nd_0018.npy,gen0044_A_nd_0018.npy
44,19,55.5974,909.374,gen0044_theta_nd_0019.npy,gen0044_A_nd_0019.npy
44,20,47.9763,894.121,gen0044_theta_nd_0020.npy,gen0044_A_nd_0020.npy
44,21,56.7206,910.186,gen0044_theta_nd_0021.npy,gen0044_A_nd_0021.npy
44,22,50.0646,899.136,gen0044_theta_nd_0022.npy,gen0044_A_nd_0022.npy
44,23,46.9247,892.527,gen0044_theta_nd_0023.npy,gen0044_A_nd_0023.npy
44,24,60.8618,917.022,gen0044_theta_nd_0024.npy,gen0044_A_nd_0024.npy
44,25,54.085,906.534,gen0044_theta_nd_0025.npy,gen0044_A_nd_0025.npy
44,26,58.2983,913.588,gen0044_theta_nd_0026.npy,gen0044_A_nd_0026.npy
44,27,57.524,913.378,gen0044_theta_nd_0027.npy,gen0044_A_nd_0027.npy
44,28,51.5498,902.382,gen0044_theta_nd_0028.npy,gen0044_A_nd_0028.npy
44,29,48.0297,894.917,gen0044_theta_nd_0029.npy,gen0044_A_nd_0029.npy
44,30,51.1144,901.344,gen0044_theta_nd_0030.npy,gen0044_A_nd_0030.npy
44,31,51.536,902.057,gen0044_theta_nd_0031.npy,gen0044_A_nd_0031.npy
44,32,51.8089,903.319,gen0044_theta_nd_0032.npy,gen0044_A_nd_0032.npy
44,33,59.3272,914.512,gen0044_theta_nd_0033.npy,gen0044_A_nd_0033.npy
44,34,50.5573,899.549,gen0044_theta_nd_0034.npy,gen0044_A_nd_0034.npy
44,35,57.1828,912.706,gen0044_theta_nd_0035.npy,gen0044_A_nd_0035.npy
44,36,54.3984,906.753,gen0044_theta_nd_0036.npy,gen0044_A_nd_0036.npy
44,37,53.3304,905.583,gen0044_theta_nd_0037.npy,gen0044_A_nd_0037.npy
44,38,52.9429,903.604,gen0044_theta_nd_0038.npy,gen0044_A_nd_0038.npy
44,39,51.749,903.155,gen0044_theta_nd_0039.npy,gen0044_A_nd_0039.npy
45,0,50.9017,900.741,gen0045_theta_nd_0000.npy,gen0045_A_nd_0000.npy
45,1,55.1274,909.302,gen0045_theta_nd_0001.npy,gen0045_A_nd_0001.npy
45,2,59.2258,914.324,gen0045_theta_nd_0002.npy,gen0045_A_nd_0002.npy
45,3,53.1018,904.565,gen0045_theta_nd_0003.npy,gen0045_A_nd_0003.npy
45,4,55.0594,908.507,gen0045_theta_nd_0004.npy,gen0045_A_nd_0004.npy
45,5,47.5401,894.106,gen0045_theta_nd_0005.npy,gen0045_A_nd_0005.npy
45,6,60.0529,916.53,gen0045_theta_nd_0006.npy,gen0045_A_nd_0006.npy
45,7,53.8214,906.044,gen0045_theta_nd_0007.npy,gen0045_A_nd_0007.npy
45,8,50.3205,899.501,gen0045_theta_nd_0008.npy,gen0045_A_nd_0008.npy
45,9,55.1187,908.798,gen0045_theta_nd_0009.npy,gen0045_A_nd_0009.npy
45,10,49.9029,897.986,gen0045_theta_nd_0010.npy,gen0045_A_nd_0010.npy
45,11,48.3962,896.716,gen0045_theta_nd_0011.npy,gen0045_A_nd_0011.npy
45,12,48.451,896.977,gen0045_theta_nd_0012.npy,gen0045_A_nd_0012.npy
45,13,55.5974,909.374,gen0045_theta_nd_0013.npy,gen0045_A_nd_0013.npy
45,14,47.9763,894.121,gen0045_theta_nd_0014.npy,gen0045_A_nd_0014.npy
45,15,56.7206,910.186,gen0045_theta_nd_0015.npy,gen0045_A_nd_0015.npy
45,16,50.0646,899.136,gen0045_theta_nd_0016.npy,gen0045_A_nd_0016.npy
45,17,46.9247,892.527,gen0045_theta_nd_0017.npy,gen0045_A_nd_0017.npy
45,18,60.8618,917.022,gen0045_theta_nd_0018.npy,gen0045_A_nd_0018.npy
45,19,54.085,906.534,gen0045_theta_nd_0019.npy,gen0045_A_nd_0019.npy
45,20,51.536,902.057,gen0045_theta_nd_0020.npy,gen0045_A_nd_0020.npy
45,21,50.5573,899.549,gen0045_theta_nd_0021.npy,gen0045_A_nd_0021.npy
45,22,54.3984,906.753,gen0045_theta_nd_0022.npy,gen0045_A_nd_0022.npy
45,23,53.3304,905.583,gen0045_theta_nd_0023.npy,gen0045_A_nd_0023.npy
45,24,52.9429,903.604,gen0045_theta_nd_0024.npy,gen0045_A_nd_0024.npy
45,25,48.3406,895.228,gen0045_theta_nd_0025.npy,gen0045_A_nd_0025.npy
45,26,48.2401,894.78,gen0045_theta_nd_0026.npy,gen0045_A_nd_0026.npy
45,27,54.9863,907.556,gen0045_theta_nd_0027.npy,gen0045_A_nd_0027.npy
45,28,51.9345,902.407,gen0045_theta_nd_0028.npy,gen0045_A_nd_0028.npy
45,29,51.1493,900.824,gen0045_theta_nd_0029.npy,gen0045_A_nd_0029.npy
45,30,50.8862,900.579,gen0045_theta_nd_0030.npy,gen0045_A_nd_0030.npy
45,31,58.2096,912.614,gen0045_theta_nd_0031.npy,gen0045_A_nd_0031.npy
45,32,55.6319,909.893,gen0045_theta_nd_0032.npy,gen0045_A_nd_0032.npy
45,33,58.9263,913.5,gen0045_theta_nd_0033.npy,gen0045_A_nd_0033.npy
45,34,60.3683,917.019,gen0045_theta_nd_0034.npy,gen0045_A_nd_0034.npy
45,35,46.9326,893.636,gen0045_theta_nd_0035.npy,gen0045_A_nd_0035.npy
45,36,51.678,902.165,gen0045_theta_nd_0036.npy,gen0045_A_nd_0036.npy
45,37,54.5642,907.375,gen0045_theta_nd_0037.npy,gen0045_A_nd_0037.npy
45,38,59.6959,914.455,gen0045_theta_nd_0038.npy,gen0045_A_nd_0038.npy
45,39,49.7442,897.786,gen0045_theta_nd_0039.npy,gen0045_A_nd_0039.npy
45,40,52.8419,902.875,gen0045_theta_nd_0040.npy,gen0045_A_nd_0040.npy
45,41,46.749,892.353,gen0045_theta_nd_0041.npy,gen0045_A_nd_0041.npy
46,0,50.9017,900.741,gen0046_theta_nd_0000.npy,gen0046_A_nd_0000.npy
46,1,59.2258,914.324,gen0046_theta_nd_0001.npy,gen0046_A_nd_0001.npy
46,2,53.1018,904.565,gen0046_theta_nd_0002.npy,gen0046_A_nd_0002.npy
46,3,47.5401,894.106,gen0046_theta_nd_0003.npy,gen0046_A_nd_0003.npy
46,4,47.9763,894.121,gen0046_theta_nd_0004.npy,gen0046_A_nd_0004.npy
46,5,56.7206,910.186,gen0046_theta_nd_0005.npy,gen0046_A_nd_0005.npy
46,6,46.9247,892.527,gen0046_theta_nd_0006.npy,gen0046_A_nd_0006.npy
46,7,60.8618,917.022,gen0046_theta_nd_0007.npy,gen0046_A_nd_0007.npy
46,8,54.085,906.534,gen0046_theta_nd_0008.npy,gen0046_A_nd_0008.npy
46,9,51.536,902.057,gen0046_theta_nd_0009.npy,gen0046_A_nd_0009.npy
46,10,50.5573,899.549,gen0046_theta_nd_0010.npy,gen0046_A_nd_0010.npy
46,11,54.3984,906.753,gen0046_theta_nd_0011.npy,gen0046_A_nd_0011.npy
46,12,52.9429,903.604,gen0046_theta_nd_0012.npy,gen0046_A_nd_0012.npy
46,13,48.3406,895.228,gen0046_theta_nd_0013.npy,gen0046_A_nd_0013.npy
46,14,48.2401,894.78,gen0046_theta_nd_0014.npy,gen0046_A_nd_0014.npy
46,15,54.9863,907.556,gen0046_theta_nd_0015.npy,gen0046_A_nd_0015.npy
46,16,51.9345,902.407,gen0046_theta_nd_0016.npy,gen0046_A_nd_0016.npy
46,17,51.1493,900.824,gen0046_theta_nd_0017.npy,gen0046_A_nd_0017.npy
46,18,50.8862,900.579,gen0046_theta_nd_0018.npy,gen0046_A_nd_0018.npy
46,19,58.2096,912.614,gen0046_theta_nd_0019.npy,gen0046_A_nd_0019.npy
46,20,60.3683,917.019,gen0046_theta_nd_0020.npy,gen0046_A_nd_0020.npy
46,21,46.9326,893.636,gen0046_theta_nd_0021.npy,gen0046_A_nd_0021.npy
46,22,51.678,902.165,gen0046_theta_nd_0022.npy,gen0046_A_nd_0022.npy
46,23,54.5642,907.375,gen0046_theta_nd_0023.npy,gen0046_A_nd_0023.npy
46,24,59.6959,914.455,gen0046_theta_nd_0024.npy,gen0046_A_nd_0024.npy
46,25,52.8419,902.875,gen0046_theta_nd_0025.npy,gen0046_A_nd_0025.npy
46,26,46.749,892.353,gen0046_theta_nd_0026.npy,gen0046_A_nd_0026.npy
46,27,60.2718,915.8,gen0046_theta_nd_0027.npy,gen0046_A_nd_0027.npy
46,28,56.5576,908.9,gen0046_theta_nd_0028.npy,gen0046_A_nd_0028.npy
46,29,58.9569,912.857,gen0046_theta_nd_0029.npy,gen0046_A_nd_0029.npy
46,30,53.9907,905.803,gen0046_theta_nd_0030.npy,gen0046_A_nd_0030.npy
46,31,57.5567,911.846,gen0046_theta_nd_0031.npy,gen0046_A_nd_0031.npy
46,32,48.9623,895.289,gen0046_theta_nd_0032.npy,gen0046_A_nd_0032.npy
46,33,56.7936,910.617,gen0046_theta_nd_0033.npy,gen0046_A_nd_0033.npy
46,34,50.8162,900.209,gen0046_theta_nd_0034.npy,gen0046_A_nd_0034.npy
46,35,53.3199,904.901,gen0046_theta_nd_0035.npy,gen0046_A_nd_0035.npy
46,36,55.6769,908.13,gen0046_theta_nd_0036.npy,gen0046_A_nd_0036.npy
46,37,53.4724,904.957,gen0046_theta_nd_0037.npy,gen0046_A_nd_0037.npy
46,38,50.4227,897.699,gen0046_theta_nd_0038.npy,gen0046_A_nd_0038.npy
46,39,51.263,900.997,gen0046_theta_nd_0039.npy,gen0046_A_nd_0039.npy
46,40,49.662,897.696,gen0046_theta_nd_0040.npy,gen0046_A_nd_0040.npy
47,0,47.5401,894.106,gen0047_theta_nd_0000.npy,gen0047_A_nd_0000.npy
47,1,47.9763,894.121,gen0047_theta_nd_0001.npy,gen0047_A_nd_0001.npy
47,2,60.8618,917.022,gen0047_theta_nd_0002.npy,gen0047_A_nd_0002.npy
47,3,54.085,906.534,gen0047_theta_nd_0003.npy,gen0047_A_nd_0003.npy
47,4,50.5573,899.549,gen0047_theta_nd_0004.npy,gen0047_A_nd_0004.npy
47,5,54.3984,906.753,gen0047_theta_nd_0005.npy,gen0047_A_nd_0005.npy
47,6,52.9429,903.604,gen0047_theta_nd_0006.npy,gen0047_A_nd_0006.npy
47,7,48.2401,894.78,gen0047_theta_nd_0007.npy,gen0047_A_nd_0007.npy
47,8,54.9863,907.556,gen0047_theta_nd_0008.npy,gen0047_A_nd_0008.npy
47,9,58.2096,912.614,gen0047_theta_nd_0009.npy,gen0047_A_nd_0009.npy
47,10,54.5642,907.375,gen0047_theta_nd_0010.npy,gen0047_A_nd_0010.npy
47,11,59.6959,914.455,gen0047_theta_nd_0011.npy,gen0047_A_nd_0011.npy
47,12,52.8419,902.875,gen0047_theta_nd_0012.npy,gen0047_A_nd_0012.npy
47,13,60.2718,915.8,gen0047_theta_nd_0013.npy,gen0047_A_nd_0013.npy
47,14,56.5576,908.9,gen0047_theta_nd_0014.npy,gen0047_A_nd_0014.npy
47,15,58.9569,912.857,gen0047_theta_nd_0015.npy,gen0047_A_nd_0015.npy
47,16,53.9907,905.803,gen0047_theta_nd_0016.npy,gen0047_A_nd_0016.npy
47,17,48.9623,895.289,gen0047_theta_nd_0017.npy,gen0047_A_nd_0017.npy
47,18,55.6769,908.13,gen0047_theta_nd_0018.npy,gen0047_A_nd_0018.npy
47,19,50.4227,897.699,gen0047_theta_nd_0019.npy,gen0047_A_nd_0019.npy
47,20,49.662,897.696,gen0047_theta_nd_0020.npy,gen0047_A_nd_0020.npy
47,21,60.3113,916.0,gen0047_theta_nd_0021.npy,gen0047_A_nd_0021.npy
47,22,50.975,900.09,gen0047_theta_nd_0022.npy,gen0047_A_nd_0022.npy
47,23,48.7308,894.911,gen0047_theta_nd_0023.npy,gen0047_A_nd_0023.npy
47,24,57.1171,909.955,gen0047_theta_nd_0024.npy,gen0047_A_nd_0024.npy
47,25,47.1494,893.723,gen0047_theta_nd_0025.npy,gen0047_A_nd_0025.npy
47,26,52.6146,901.992,gen0047_theta_nd_0026.npy,gen0047_A_nd_0026.npy
47,27,49.5481,897.497,gen0047_theta_nd_0027.npy,gen0047_A_nd_0027.npy
47,28,59.2516,914.206,gen0047_theta_nd_0028.npy,gen0047_A_nd_0028.npy
47,29,47.0145,892.128,gen0047_theta_nd_0029.npy,gen0047_A_nd_0029.npy
47,30,54.4488,906.951,gen0047_theta_nd_0030.npy,gen0047_A_nd_0030.npy
47,31,53.886,905.538,gen0047_theta_nd_0031.npy,gen0047_A_nd_0031.npy
47,32,50.9664,899.566,gen0047_theta_nd_0032.npy,gen0047_A_nd_0032.npy
47,33,53.7243,904.506,gen0047_theta_nd_0033.npy,gen0047_A_nd_0033.npy
47,34,60.7239,917.002,gen0047_theta_nd_0034.npy,gen0047_A_nd_0034.npy
47,35,54.0605,906.452,gen0047_theta_nd_0035.npy,gen0047_A_nd_0035.npy
47,36,51.5768,901.522,gen0047_theta_nd_0036.npy,gen0047_A_nd_0036.npy
47,37,55.874,908.745,gen0047_theta_nd_0037.npy,gen0047_A_nd_0037.npy
47,38,49.0622,897.118,gen0047_theta_nd_0038.npy,gen0047_A_nd_0038.npy
47,39,53.9501,905.732,gen0047_theta_nd_0039.npy,gen0047_A_nd_0039.npy
47,40,51.2706,900.305,gen0047_theta_nd_0040.npy,gen0047_A_nd_0040.npy
47,41,49.4892,897.291,gen0047_theta_nd_0041.npy,gen0047_A_nd_0041.npy
47,42,57.9784,911.4,gen0047_theta_nd_0042.npy,gen0047_A_nd_0042.npy
48,0,47.9763,894.121,gen0048_theta_nd_0000.npy,gen0048_A_nd_0000.npy
48,1,60.8618,917.022,gen0048_theta_nd_0001.npy,gen0048_A_nd_0001.npy
48,2,52.9429,903.604,gen0048_theta_nd_0002.npy,gen0048_A_nd_0002.npy
48,3,48.2401,894.78,gen0048_theta_nd_0003.npy,gen0048_A_nd_0003.npy
48,4,54.9863,907.556,gen0048_theta_nd_0004.npy,gen0048_A_nd_0004.npy
48,5,59.6959,914.455,gen0048_theta_nd_0005.npy,gen0048_A_nd_0005.npy
48,6,52.8419,902.875,gen0048_theta_nd_0006.npy,gen0048_A_nd_0006.npy
48,7,60.2718,915.8,gen0048_theta_nd_0007.npy,gen0048_A_nd_0007.npy
48,8,56.5576,908.9,gen0048_theta_nd_0008.npy,gen0048_A_nd_0008.npy
48,9,53.9907,905.803,gen0048_theta_nd_0009.npy,gen0048_A_nd_0009.npy
48,10,48.9623,895.289,gen0048_theta_nd_0010.npy,gen0048_A_nd_0010.npy
48,11,55.6769,908.13,gen0048_theta_nd_0011.npy,gen0048_A_nd_0011.npy
48,12,50.4227,897.699,gen0048_theta_nd_0012.npy,gen0048_A_nd_0012.npy
48,13,60.3113,916.0,gen0048_theta_nd_0013.npy,gen0048_A_nd_0013.npy
48,14,48.7308,894.911,gen0048_theta_nd_0014.npy,gen0048_A_nd_0014.npy
48,15,47.1494,893.723,gen0048_theta_nd_0015.npy,gen0048_A_nd_0015.npy
48,16,52.6146,901.992,gen0048_theta_nd_0016.npy,gen0048_A_nd_0016.npy
48,17,47.0145,892.128,gen0048_theta_nd_0017.npy,gen0048_A_nd_0017.npy
48,18,53.886,905.538,gen0048_theta_nd_0018.npy,gen0048_A_nd_0018.npy
48,19,53.7243,904.506,gen0048_theta_nd_0019.npy,gen0048_A_nd_0019.npy
48,20,54.0605,906.452,gen0048_theta_nd_0020.npy,gen0048_A_nd_0020.npy
48,21,51.5768,901.522,gen0048_theta_nd_0021.npy,gen0048_A_nd_0021.npy
48,22,53.9501,905.732,gen0048_theta_nd_0022.npy,gen0048_A_nd_0022.npy
48,23,51.2706,900.305,gen0048_theta_nd_0023.npy,gen0048_A_nd_0023.npy
48,24,57.9784,911.4,gen0048_theta_nd_0024.npy,gen0048_A_nd_0024.npy
48,25,48.9153,895.241,gen0048_theta_nd_0025.npy,gen0048_A_nd_0025.npy
48,26,59.6288,913.967,gen0048_theta_nd_0026.npy,gen0048_A_nd_0026.npy
48,27,57.24,909.908,gen0048_theta_nd_0027.npy,gen0048_A_nd_0027.npy
48,28,60.7686,916.521,gen0048_theta_nd_0028.npy,gen0048_A_nd_0028.npy
48,29,58.3025,911.61,gen0048_theta_nd_0029.npy,gen0048_A_nd_0029.npy
48,30,54.6268,906.942,gen0048_theta_nd_0030.npy,gen0048_A_nd_0030.npy
48,31,60.0723,915.661,gen0048_theta_nd_0031.npy,gen0048_A_nd_0031.npy
48,32,56.1385,908.254,gen0048_theta_nd_0032.npy,gen0048_A_nd_0032.npy
48,33,49.5992,896.99,gen0048_theta_nd_0033.npy,gen0048_A_nd_0033.npy
48,34,51.9359,901.562,gen0048_theta_nd_0034.npy,gen0048_A_nd_0034.npy
48,35,50.125,897.157,gen0048_theta_nd_0035.npy,gen0048_A_nd_0035.npy
48,36,47.7605,894.037,gen0048_theta_nd_0036.npy,gen0048_A_nd_0036.npy
48,37,50.9796,898.717,gen0048_theta_nd_0037.npy,gen0048_A_nd_0037.npy
48,38,59.1042,912.134,gen0048_theta_nd_0038.npy,gen0048_A_nd_0038.npy
48,39,60.5051,916.143,gen0048_theta_nd_0039.npy,gen0048_A_nd_0039.npy
48,40,53.8595,905.218,gen0048_theta_nd_0040.npy,gen0048_A_nd_0040.npy
48,41,54.6179,906.533,gen0048_theta_nd_0041.npy,gen0048_A_nd_0041.npy
48,42,53.4264,904.043,gen0048_theta_nd_0042.npy,gen0048_A_nd_0042.npy
49,0,47.9763,894.121,gen0049_theta_nd_0000.npy,gen0049_A_nd_0000.npy
49,1,60.8618,917.022,gen0049_theta_nd_0001.npy,gen0049_A_nd_0001.npy
49,2,52.9429,903.604,gen0049_theta_nd_0002.npy,gen0049_A_nd_0002.npy
49,3,48.2401,894.78,gen0049_theta_nd_0003.npy,gen0049_A_nd_0003.npy
49,4,52.8419,902.875,gen0049_theta_nd_0004.npy,gen0049_A_nd_0004.npy
49,5,56.5576,908.9,gen0049_theta_nd_0005.npy,gen0049_A_nd_0005.npy
49,6,48.9623,895.289,gen0049_theta_nd_0006.npy,gen0049_A_nd_0006.npy
49,7,55.6769,908.13,gen0049_theta_nd_0007.npy,gen0049_A_nd_0007.npy
49,8,50.4227,897.699,gen0049_theta_nd_0008.npy,gen0049_A_nd_0008.npy
49,9,60.3113,916.0,gen0049_theta_nd_0009.npy,gen0049_A_nd_0009.npy
49,10,48.7308,894.911,gen0049_theta_nd_0010.npy,gen0049_A_nd_0010.npy
49,11,47.1494,893.723,gen0049_theta_nd_0011.npy,gen0049_A_nd_0011.npy
49,12,52.6146,901.992,gen0049_theta_nd_0012.npy,gen0049_A_nd_0012.npy
49,13,47.0145,892.128,gen0049_theta_nd_0013.npy,gen0049_A_nd_0013.npy
49,14,53.886,905.538,gen0049_theta_nd_0014.npy,gen0049_A_nd_0014.npy
49,15,53.7243,904.506,gen0049_theta_nd_0015.npy,gen0049_A_nd_0015.npy
49,16,53.9501,905.732,gen0049_theta_nd_0016.npy,gen0049_A_nd_0016.npy
49,17,51.2706,900.305,gen0049_theta_nd_0017.npy,gen0049_A_nd_0017.npy
49,18,57.9784,911.4,gen0049_theta_nd_0018.npy,gen0049_A_nd_0018.npy
49,19,48.9153,895.241,gen0049_theta_nd_0019.npy,gen0049_A_nd_0019.npy
49,20,59.6288,913.967,gen0049_theta_nd_0020.npy,gen0049_A_nd_0020.npy
49,21,60.7686,916.521,gen0049_theta_nd_0021.npy,gen0049_A_nd_0021.npy
49,22,58.3025,911.61,gen0049_theta_nd_0022.npy,gen0049_A_nd_0022.npy
49,23,56.1385,908.254,gen0049_theta_nd_0023.npy,gen0049_A_nd_0023.npy
49,24,47.7605,894.037,gen0049_theta_nd_0024.npy,gen0049_A_nd_0024.npy
49,25,50.9796,898.717,gen0049_theta_nd_0025.npy,gen0049_A_nd_0025.npy
49,26,59.1042,912.134,gen0049_theta_nd_0026.npy,gen0049_A_nd_0026.npy
49,27,60.5051,916.143,gen0049_theta_nd_0027.npy,gen0049_A_nd_0027.npy
49,28,53.8595,905.218,gen0049_theta_nd_0028.npy,gen0049_A_nd_0028.npy
49,29,53.4264,904.043,gen0049_theta_nd_0029.npy,gen0049_A_nd_0029.npy
49,30,55.1653,907.682,gen0049_theta_nd_0030.npy,gen0049_A_nd_0030.npy
49,31,55.0049,905.757,gen0049_theta_nd_0031.npy,gen0049_A_nd_0031.npy
49,32,60.2863,914.344,gen0049_theta_nd_0032.npy,gen0049_A_nd_0032.npy
49,33,52.0765,901.221,gen0049_theta_nd_0033.npy,gen0049_A_nd_0033.npy
49,34,49.7022,895.712,gen0049_theta_nd_0034.npy,gen0049_A_nd_0034.npy
49,35,46.2158,891.713,gen0049_theta_nd_0035.npy,gen0049_A_nd_0035.npy
49,36,50.2291,896.755,gen0049_theta_nd_0036.npy,gen0049_A_nd_0036.npy
49,37,55.0876,906.929,gen0049_theta_nd_0037.npy,gen0049_A_nd_0037.npy
49,38,55.5316,908.086,gen0049_theta_nd_0038.npy,gen0049_A_nd_0038.npy
49,39,57.2976,909.881,gen0049_theta_nd_0039.npy,gen0049_A_nd_0039.npy
50,0,52.8419,902.875,gen0050_theta_nd_0000.npy,gen0050_A_nd_0000.npy
50,1,56.5576,908.9,gen0050_theta_nd_0001.npy,gen0050_A_nd_0001.npy
50,2,50.4227,897.699,gen0050_theta_nd_0002.npy,gen0050_A_nd_0002.npy
50,3,52.6146,901.992,gen0050_theta_nd_0003.npy,gen0050_A_nd_0003.npy
50,4,47.0145,892.128,gen0050_theta_nd_0004.npy,gen0050_A_nd_0004.npy
50,5,53.7243,904.506,gen0050_theta_nd_0005.npy,gen0050_A_nd_0005.npy
50,6,56.1385,908.254,gen0050_theta_nd_0006.npy,gen0050_A_nd_0006.npy
50,7,59.1042,912.134,gen0050_theta_nd_0007.npy,gen0050_A_nd_0007.npy
50,8,53.4264,904.043,gen0050_theta_nd_0008.npy,gen0050_A_nd_0008.npy
50,9,55.1653,907.682,gen0050_theta_nd_0009.npy,gen0050_A_nd_0009.npy
50,10,55.0049,905.757,gen0050_theta_nd_0010.npy,gen0050_A_nd_0010.npy
50,11,52.0765,901.221,gen0050_theta_nd_0011.npy,gen0050_A_nd_0011.npy
50,12,49.7022,895.712,gen0050_theta_nd_0012.npy,gen0050_A_nd_0012.npy
50,13,46.2158,891.713,gen0050_theta_nd_0013.npy,gen0050_A_nd_0013.npy
50,14,50.2291,896.755,gen0050_theta_nd_0014.npy,gen0050_A_nd_0014.npy
50,15,55.0876,906.929,gen0050_theta_nd_0015.npy,gen0050_A_nd_0015.npy
50,16,57.2976,909.881,gen0050_theta_nd_0016.npy,gen0050_A_nd_0016.npy
50,17,52.1653,901.509,gen0050_theta_nd_0017.npy,gen0050_A_nd_0017.npy
50,18,49.8562,895.782,gen0050_theta_nd_0018.npy,gen0050_A_nd_0018.npy
50,19,58.6769,911.139,gen0050_theta_nd_0019.npy,gen0050_A_nd_0019.npy
50,20,49.2783,895.081,gen0050_theta_nd_0020.npy,gen0050_A_nd_0020.npy
50,21,60.4338,914.222,gen0050_theta_nd_0021.npy,gen0050_A_nd_0021.npy
50,22,48.6767,892.811,gen0050_theta_nd_0022.npy,gen0050_A_nd_0022.npy
50,23,59.7006,913.911,gen0050_theta_nd_0023.npy,gen0050_A_nd_0023.npy
50,24,55.8837,908.071,gen0050_theta_nd_0024.npy,gen0050_A_nd_0024.npy
50,25,48.8994,894.258,gen0050_theta_nd_0025.npy,gen0050_A_nd_0025.npy
50,26,52.7182,902.043,gen0050_theta_nd_0026.npy,gen0050_A_nd_0026.npy
50,27,57.4376,910.32,gen0050_theta_nd_0027.npy,gen0050_A_nd_0027.npy
50,28,54.2066,905.218,gen0050_theta_nd_0028.npy,gen0050_A_nd_0028.npy
50,29,61.43,915.889,gen0050_theta_nd_0029.npy,gen0050_A_nd_0029.npy
50,30,51.8427,899.803,gen0050_theta_nd_0030.npy,gen0050_A_nd_0030.npy
50,31,51.0213,898.697,gen0050_theta_nd_0031.npy,gen0050_A_nd_0031.npy
50,32,53.2236,903.516,gen0050_theta_nd_0032.npy,gen0050_A_nd_0032.npy
50,33,53.7529,904.561,gen0050_theta_nd_0033.npy,gen0050_A_nd_0033.npy
50,34,56.6839,909.469,gen0050_theta_nd_0034.npy,gen0050_A_nd_0034.npy
51,0,56.5576,908.9,gen0051_theta_nd_0000.npy,gen0051_A_nd_0000.npy
51,1,53.7243,904.506,gen0051_theta_nd_0001.npy,gen0051_A_nd_0001.npy
51,2,56.1385,908.254,gen0051_theta_nd_0002.npy,gen0051_A_nd_0002.npy
51,3,59.1042,912.134,gen0051_theta_nd_0003.npy,gen0051_A_nd_0003.npy
51,4,53.4264,904.043,gen0051_theta_nd_0004.npy,gen0051_A_nd_0004.npy
51,5,49.7022,895.712,gen0051_theta_nd_0005.npy,gen0051_A_nd_0005.npy
51,6,50.2291,896.755,gen0051_theta_nd_0006.npy,gen0051_A_nd_0006.npy
51,7,57.2976,909.881,gen0051_theta_nd_0007.npy,gen0051_A_nd_0007.npy
51,8,49.8562,895.782,gen0051_theta_nd_0008.npy,gen0051_A_nd_0008.npy
51,9,58.6769,911.139,gen0051_theta_nd_0009.npy,gen0051_A_nd_0009.npy
51,10,49.2783,895.081,gen0051_theta_nd_0010.npy,gen0051_A_nd_0010.npy
51,11,60.4338,914.222,gen0051_theta_nd_0011.npy,gen0051_A_nd_0011.npy
51,12,48.6767,892.811,gen0051_theta_nd_0012.npy,gen0051_A_nd_0012.npy
51,13,57.4376,910.32,gen0051_theta_nd_0013.npy,gen0051_A_nd_0013.npy
51,14,54.2066,905.218,gen0051_theta_nd_0014.npy,gen0051_A_nd_0014.npy
51,15,61.43,915.889,gen0051_theta_nd_0015.npy,gen0051_A_nd_0015.npy
51,16,51.8427,899.803,gen0051_theta_nd_0016.npy,gen0051_A_nd_0016.npy
51,17,51.0213,898.697,gen0051_theta_nd_0017.npy,gen0051_A_nd_0017.npy
51,18,53.2236,903.516,gen0051_theta_nd_0018.npy,gen0051_A_nd_0018.npy
51,19,53.7529,904.561,gen0051_theta_nd_0019.npy,gen0051_A_nd_0019.npy
51,20,56.6839,909.469,gen0051_theta_nd_0020.npy,gen0051_A_nd_0020.npy
51,21,52.9864,901.355,gen0051_theta_nd_0021.npy,gen0051_A_nd_0021.npy
51,22,51.3289,899.256,gen0051_theta_nd_0022.npy,gen0051_A_nd_0022.npy
51,23,61.1184,915.2,gen0051_theta_nd_0023.npy,gen0051_A_nd_0023.npy
51,24,55.1263,905.387,gen0051_theta_nd_0024.npy,gen0051_A_nd_0024.npy
51,25,49.204,894.159,gen0051_theta_nd_0025.npy,gen0051_A_nd_0025.npy
51,26,56.1005,907.655,gen0051_theta_nd_0026.npy,gen0051_A_nd_0026.npy
51,27,49.8835,896.631,gen0051_theta_nd_0027.npy,gen0051_A_nd_0027.npy
51,28,60.109,912.309,gen0051_theta_nd_0028.npy,gen0051_A_nd_0028.npy
51,29,49.3129,895.128,gen0051_theta_nd_0029.npy,gen0051_A_nd_0029.npy
51,30,56.0543,906.958,gen0051_theta_nd_0030.npy,gen0051_A_nd_0030.npy
51,31,48.0719,891.633,gen0051_theta_nd_0031.npy,gen0051_A_nd_0031.npy
51,32,49.0795,893.45,gen0051_theta_nd_0032.npy,gen0051_A_nd_0032.npy
51,33,50.4792,897.465,gen0051_theta_nd_0033.npy,gen0051_A_nd_0033.npy
51,34,52.1488,901.103,gen0051_theta_nd_0034.npy,gen0051_A_nd_0034.npy
51,35,50.9591,897.983,gen0051_theta_nd_0035.npy,gen0051_A_nd_0035.npy
52,0,56.1385,908.254,gen0052_theta_nd_0000.npy,gen0052_A_nd_0000.npy
52,1,59.1042,912.134,gen0052_theta_nd_0001.npy,gen0052_A_nd_0001.npy
52,2,57.2976,909.881,gen0052_theta_nd_0002.npy,gen0052_A_nd_0002.npy
52,3,58.6769,911.139,gen0052_theta_nd_0003.npy,gen0052_A_nd_0003.npy
52,4,60.4338,914.222,gen0052_theta_nd_0004.npy,gen0052_A_nd_0004.npy
52,5,48.6767,892.811,gen0052_theta_nd_0005.npy,gen0052_A_nd_0005.npy
52,6,61.43,915.889,gen0052_theta_nd_0006.npy,gen0052_A_nd_0006.npy
52,7,51.8427,899.803,gen0052_theta_nd_0007.npy,gen0052_A_nd_0007.npy
52,8,52.9864,901.355,gen0052_theta_nd_0008.npy,gen0052_A_nd_0008.npy
52,9,51.3289,899.256,gen0052_theta_nd_0009.npy,gen0052_A_nd_0009.npy
52,10,61.1184,915.2,gen0052_theta_nd_0010.npy,gen0052_A_nd_0010.npy
52,11,55.1263,905.387,gen0052_theta_nd_0011.npy,gen0052_A_nd_0011.npy
52,12,49.204,894.159,gen0052_theta_nd_0012.npy,gen0052_A_nd_0012.npy
52,13,56.1005,907.655,gen0052_theta_nd_0013.npy,gen0052_A_nd_0013.npy
52,14,60.109,912.309,gen0052_theta_nd_0014.npy,gen0052_A_nd_0014.npy
52,15,56.0543,906.958,gen0052_theta_nd_0015.npy,gen0052_A_nd_0015.npy
52,16,48.0719,891.633,gen0052_theta_nd_0016.npy,gen0052_A_nd_0016.npy
52,17,49.0795,893.45,gen0052_theta_nd_0017.npy,gen0052_A_nd_0017.npy
52,18,50.4792,897.465,gen0052_theta_nd_0018.npy,gen0052_A_nd_0018.npy
52,19,52.1488,901.103,gen0052_theta_nd_0019.npy,gen0052_A_nd_0019.npy
52,20,50.1295,895.001,gen0052_theta_nd_0020.npy,gen0052_A_nd_0020.npy
52,21,54.8826,904.991,gen0052_theta_nd_0021.npy,gen0052_A_nd_0021.npy
52,22,60.2586,913.012,gen0052_theta_nd_0022.npy,gen0052_A_nd_0022.npy
52,23,54.0892,902.244,gen0052_theta_nd_0023.npy,gen0052_A_nd_0023.npy
52,24,58.5709,910.237,gen0052_theta_nd_0024.npy,gen0052_A_nd_0024.npy
52,25,52.0687,900.04,gen0052_theta_nd_0025.npy,gen0052_A_nd_0025.npy
52,26,50.4719,896.735,gen0052_theta_nd_0026.npy,gen0052_A_nd_0026.npy
52,27,50.1327,895.624,gen0052_theta_nd_0027.npy,gen0052_A_nd_0027.npy
52,28,51.659,899.469,gen0052_theta_nd_0028.npy,gen0052_A_nd_0028.npy
52,29,51.0344,898.158,gen0052_theta_nd_0029.npy,gen0052_A_nd_0029.npy
52,30,56.9375,908.785,gen0052_theta_nd_0030.npy,gen0052_A_nd_0030.npy
52,31,60.7603,915.082,gen0052_theta_nd_0031.npy,gen0052_A_nd_0031.npy
52,32,50.9672,897.961,gen0052_theta_nd_0032.npy,gen0052_A_nd_0032.npy
53,0,59.1042,912.134,gen0053_theta_nd_0000.npy,gen0053_A_nd_0000.npy
53,1,58.6769,911.139,gen0053_theta_nd_0001.npy,gen0053_A_nd_0001.npy
53,2,60.4338,914.222,gen0053_theta_nd_0002.npy,gen0053_A_nd_0002.npy
53,3,48.6767,892.811,gen0053_theta_nd_0003.npy,gen0053_A_nd_0003.npy
53,4,61.43,915.889,gen0053_theta_nd_0004.npy,gen0053_A_nd_0004.npy
53,5,51.8427,899.803,gen0053_theta_nd_0005.npy,gen0053_A_nd_0005.npy
53,6,51.3289,899.256,gen0053_theta_nd_0006.npy,gen0053_A_nd_0006.npy
53,7,61.1184,915.2,gen0053_theta_nd_0007.npy,gen0053_A_nd_0007.npy
53,8,49.204,894.159,gen0053_theta_nd_0008.npy,gen0053_A_nd_0008.npy
53,9,60.109,912.309,gen0053_theta_nd_0009.npy,gen0053_A_nd_0009.npy
53,10,56.0543,906.958,gen0053_theta_nd_0010.npy,gen0053_A_nd_0010.npy
53,11,48.0719,891.633,gen0053_theta_nd_0011.npy,gen0053_A_nd_0011.npy
53,12,49.0795,893.45,gen0053_theta_nd_0012.npy,gen0053_A_nd_0012.npy
53,13,50.1295,895.001,gen0053_theta_nd_0013.npy,gen0053_A_nd_0013.npy
53,14,54.8826,904.991,gen0053_theta_nd_0014.npy,gen0053_A_nd_0014.npy
53,15,60.2586,913.012,gen0053_theta_nd_0015.npy,gen0053_A_nd_0015.npy
53,16,54.0892,902.244,gen0053_theta_nd_0016.npy,gen0053_A_nd_0016.npy
53,17,58.5709,910.237,gen0053_theta_nd_0017.npy,gen0053_A_nd_0017.npy
53,18,52.0687,900.04,gen0053_theta_nd_0018.npy,gen0053_A_nd_0018.npy
53,19,50.4719,896.735,gen0053_theta_nd_0019.npy,gen0053_A_nd_0019.npy
53,20,50.1327,895.624,gen0053_theta_nd_0020.npy,gen0053_A_nd_0020.npy
53,21,51.659,899.469,gen0053_theta_nd_0021.npy,gen0053_A_nd_0021.npy
53,22,56.9375,908.785,gen0053_theta_nd_0022.npy,gen0053_A_nd_0022.npy
53,23,60.7603,915.082,gen0053_theta_nd_0023.npy,gen0053_A_nd_0023.npy
53,24,51.1987,897.128,gen0053_theta_nd_0024.npy,gen0053_A_nd_0024.npy
53,25,46.8152,891.136,gen0053_theta_nd_0025.npy,gen0053_A_nd_0025.npy
53,26,48.3013,892.618,gen0053_theta_nd_0026.npy,gen0053_A_nd_0026.npy
53,27,53.1587,901.014,gen0053_theta_nd_0027.npy,gen0053_A_nd_0027.npy
53,28,57.8841,909.764,gen0053_theta_nd_0028.npy,gen0053_A_nd_0028.npy
53,29,46.7687,891.099,gen0053_theta_nd_0029.npy,gen0053_A_nd_0029.npy
53,30,55.2657,905.201,gen0053_theta_nd_0030.npy,gen0053_A_nd_0030.npy
53,31,49.46,894.691,gen0053_theta_nd_0031.npy,gen0053_A_nd_0031.npy
53,32,51.2536,898.814,gen0053_theta_nd_0032.npy,gen0053_A_nd_0032.npy
53,33,52.4396,900.306,gen0053_theta_nd_0033.npy,gen0053_A_nd_0033.npy
53,34,50.6185,896.781,gen0053_theta_nd_0034.npy,gen0053_A_nd_0034.npy
53,35,56.513,907.426,gen0053_theta_nd_0035.npy,gen0053_A_nd_0035.npy
53,36,55.8111,906.261,gen0053_theta_nd_0036.npy,gen0053_A_nd_0036.npy
53,37,56.3174,906.994,gen0053_theta_nd_0037.npy,gen0053_A_nd_0037.npy
53,38,61.365,915.218,gen0053_theta_nd_0038.npy,gen0053_A_nd_0038.npy
53,39,57.365,909.075,gen0053_theta_nd_0039.npy,gen0053_A_nd_0039.npy
53,40,60.582,914.62,gen0053_theta_nd_0040.npy,gen0053_A_nd_0040.npy
53,41,54.6055,904.883,gen0053_theta_nd_0041.npy,gen0053_A_nd_0041.npy
54,0,58.6769,911.139,gen0054_theta_nd_0000.npy,gen0054_A_nd_0000.npy
54,1,48.6767,892.811,gen0054_theta_nd_0001.npy,gen0054_A_nd_0001.npy
54,2,61.43,915.889,gen0054_theta_nd_0002.npy,gen0054_A_nd_0002.npy
54,3,60.109,912.309,gen0054_theta_nd_0003.npy,gen0054_A_nd_0003.npy
54,4,56.0543,906.958,gen0054_theta_nd_0004.npy,gen0054_A_nd_0004.npy
54,5,48.0719,891.633,gen0054_theta_nd_0005.npy,gen0054_A_nd_0005.npy
54,6,49.0795,893.45,gen0054_theta_nd_0006.npy,gen0054_A_nd_0006.npy
54,7,50.1295,895.001,gen0054_theta_nd_0007.npy,gen0054_A_nd_0007.npy
54,8,54.8826,904.991,gen0054_theta_nd_0008.npy,gen0054_A_nd_0008.npy
54,9,60.2586,913.012,gen0054_theta_nd_0009.npy,gen0054_A_nd_0009.npy
54,10,54.0892,902.244,gen0054_theta_nd_0010.npy,gen0054_A_nd_0010.npy
54,11,58.5709,910.237,gen0054_theta_nd_0011.npy,gen0054_A_nd_0011.npy
54,12,52.0687,900.04,gen0054_theta_nd_0012.npy,gen0054_A_nd_0012.npy
54,13,50.1327,895.624,gen0054_theta_nd_0013.npy,gen0054_A_nd_0013.npy
54,14,51.659,899.469,gen0054_theta_nd_0014.npy,gen0054_A_nd_0014.npy
54,15,51.1987,897.128,gen0054_theta_nd_0015.npy,gen0054_A_nd_0015.npy
54,16,46.8152,891.136,gen0054_theta_nd_0016.npy,gen0054_A_nd_0016.npy
54,17,48.3013,892.618,gen0054_theta_nd_0017.npy,gen0054_A_nd_0017.npy
54,18,53.1587,901.014,gen0054_theta_nd_0018.npy,gen0054_A_nd_0018.npy
54,19,57.8841,909.764,gen0054_theta_nd_0019.npy,gen0054_A_nd_0019.npy
54,20,46.7687,891.099,gen0054_theta_nd_0020.npy,gen0054_A_nd_0020.npy
54,21,55.2657,905.201,gen0054_theta_nd_0021.npy,gen0054_A_nd_0021.npy
54,22,52.4396,900.306,gen0054_theta_nd_0022.npy,gen0054_A_nd_0022.npy
54,23,50.6185,896.781,gen0054_theta_nd_0023.npy,gen0054_A_nd_0023.npy
54,24,56.513,907.426,gen0054_theta_nd_0024.npy,gen0054_A_nd_0024.npy
54,25,55.8111,906.261,gen0054_theta_nd_0025.npy,gen0054_A_nd_0025.npy
54,26,56.3174,906.994,gen0054_theta_nd_0026.npy,gen0054_A_nd_0026.npy
54,27,57.365,909.075,gen0054_theta_nd_0027.npy,gen0054_A_nd_0027.npy
54,28,54.6055,904.883,gen0054_theta_nd_0028.npy,gen0054_A_nd_0028.npy
54,29,61.2266,913.766,gen0054_theta_nd_0029.npy,gen0054_A_nd_0029.npy
54,30,59.783,911.277,gen0054_theta_nd_0030.npy,gen0054_A_nd_0030.npy
54,31,51.4375,898.784,gen0054_theta_nd_0031.npy,gen0054_A_nd_0031.npy
54,32,51.2289,898.652,gen0054_theta_nd_0032.npy,gen0054_A_nd_0032.npy
54,33,61.403,914.39,gen0054_theta_nd_0033.npy,gen0054_A_nd_0033.npy
54,34,55.5174,905.996,gen0054_theta_nd_0034.npy,gen0054_A_nd_0034.npy
54,35,50.6506,897.037,gen0054_theta_nd_0035.npy,gen0054_A_nd_0035.npy
54,36,49.8729,894.485,gen0054_theta_nd_0036.npy,gen0054_A_nd_0036.npy
54,37,57.1829,908.474,gen0054_theta_nd_0037.npy,gen0054_A_nd_0037.npy
54,38,52.0362,899.653,gen0054_theta_nd_0038.npy,gen0054_A_nd_0038.npy
54,39,57.7359,909.408,gen0054_theta_nd_0039.npy,gen0054_A_nd_0039.npy
54,40,58.1268,910.046,gen0054_theta_nd_0040.npy,gen0054_A_nd_0040.npy
54,41,55.8263,906.548,gen0054_theta_nd_0041.npy,gen0054_A_nd_0041.npy
54,42,55.1922,905.052,gen0054_theta_nd_0042.npy,gen0054_A_nd_0042.npy
54,43,49.2359,893.491,gen0054_theta_nd_0043.npy,gen0054_A_nd_0043.npy
54,44,56.92,908.151,gen0054_theta_nd_0044.npy,gen0054_A_nd_0044.npy
54,45,56.7525,908.093,gen0054_theta_nd_0045.npy,gen0054_A_nd_0045.npy
54,46,50.499,895.664,gen0054_theta_nd_0046.npy,gen0054_A_nd_0046.npy
55,0,48.6767,892.811,gen0055_theta_nd_0000.npy,gen0055_A_nd_0000.npy
55,1,61.43,915.889,gen0055_theta_nd_0001.npy,gen0055_A_nd_0001.npy
55,2,60.109,912.309,gen0055_theta_nd_0002.npy,gen0055_A_nd_0002.npy
55,3,56.0543,906.958,gen0055_theta_nd_0003.npy,gen0055_A_nd_0003.npy
55,4,48.0719,891.633,gen0055_theta_nd_0004.npy,gen0055_A_nd_0004.npy
55,5,49.0795,893.45,gen0055_theta_nd_0005.npy,gen0055_A_nd_0005.npy
55,6,50.1295,895.001,gen0055_theta_nd_0006.npy,gen0055_A_nd_0006.npy
55,7,60.2586,913.012,gen0055_theta_nd_0007.npy,gen0055_A_nd_0007.npy
55,8,54.0892,902.244,gen0055_theta_nd_0008.npy,gen0055_A_nd_0008.npy
55,9,58.5709,910.237,gen0055_theta_nd_0009.npy,gen0055_A_nd_0009.npy
55,10,50.1327,895.624,gen0055_theta_nd_0010.npy,gen0055_A_nd_0010.npy
55,11,51.659,899.469,gen0055_theta_nd_0011.npy,gen0055_A_nd_0011.npy
55,12,51.1987,897.128,gen0055_theta_nd_0012.npy,gen0055_A_nd_0012.npy
55,13,48.3013,892.618,gen0055_theta_nd_0013.npy,gen0055_A_nd_0013.npy
55,14,53.1587,901.014,gen0055_theta_nd_0014.npy,gen0055_A_nd_0014.npy
55,15,46.7687,891.099,gen0055_theta_nd_0015.npy,gen0055_A_nd_0015.npy
55,16,55.8111,906.261,gen0055_theta_nd_0016.npy,gen0055_A_nd_0016.npy
55,17,56.3174,906.994,gen0055_theta_nd_0017.npy,gen0055_A_nd_0017.npy
55,18,61.2266,913.766,gen0055_theta_nd_0018.npy,gen0055_A_nd_0018.npy
55,19,59.783,911.277,gen0055_theta_nd_0019.npy,gen0055_A_nd_0019.npy
55,20,51.4375,898.784,gen0055_theta_nd_0020.npy,gen0055_A_nd_0020.npy
55,21,51.2289,898.652,gen0055_theta_nd_0021.npy,gen0055_A_nd_0021.npy
55,22,61.403,914.39,gen0055_theta_nd_0022.npy,gen0055_A_nd_0022.npy
55,23,55.5174,905.996,gen0055_theta_nd_0023.npy,gen0055_A_nd_0023.npy
55,24,49.8729,894.485,gen0055_theta_nd_0024.npy,gen0055_A_nd_0024.npy
55,25,57.1829,908.474,gen0055_theta_nd_0025.npy,gen0055_A_nd_0025.npy
55,26,55.8263,906.548,gen0055_theta_nd_0026.npy,gen0055_A_nd_0026.npy
55,27,49.2359,893.491,gen0055_theta_nd_0027.npy,gen0055_A_nd_0027.npy
55,28,50.499,895.664,gen0055_theta_nd_0028.npy,gen0055_A_nd_0028.npy
55,29,60.9084,913.386,gen0055_theta_nd_0029.npy,gen0055_A_nd_0029.npy
55,30,52.6014,899.904,gen0055_theta_nd_0030.npy,gen0055_A_nd_0030.npy
55,31,56.3376,907.313,gen0055_theta_nd_0031.npy,gen0055_A_nd_0031.npy
55,32,56.5193,907.342,gen0055_theta_nd_0032.npy,gen0055_A_nd_0032.npy
55,33,60.3681,913.331,gen0055_theta_nd_0033.npy,gen0055_A_nd_0033.npy
55,34,48.4465,892.678,gen0055_theta_nd_0034.npy,gen0055_A_nd_0034.npy
55,35,58.2323,909.684,gen0055_theta_nd_0035.npy,gen0055_A_nd_0035.npy
55,36,58.0397,908.575,gen0055_theta_nd_0036.npy,gen0055_A_nd_0036.npy
55,37,57.1613,907.727,gen0055_theta_nd_0037.npy,gen0055_A_nd_0037.npy
55,38,47.1095,891.129,gen0055_theta_nd_0038.npy,gen0055_A_nd_0038.npy
55,39,55.2965,905.15,gen0055_theta_nd_0039.npy,gen0055_A_nd_0039.npy
55,40,54.2436,902.333,gen0055_theta_nd_0040.npy,gen0055_A_nd_0040.npy
55,41,58.9776,910.816,gen0055_theta_nd_0041.npy,gen0055_A_nd_0041.npy
55,42,52.156,899.48,gen0055_theta_nd_0042.npy,gen0055_A_nd_0042.npy
55,43,53.3995,901.75,gen0055_theta_nd_0043.npy,gen0055_A_nd_0043.npy
55,44,53.6724,902.18,gen0055_theta_nd_0044.npy,gen0055_A_nd_0044.npy
55,45,54.576,902.885,gen0055_theta_nd_0045.npy,gen0055_A_nd_0045.npy
55,46,49.2552,893.827,gen0055_theta_nd_0046.npy,gen0055_A_nd_0046.npy
55,47,55.2068,904.441,gen0055_theta_nd_0047.npy,gen0055_A_nd_0047.npy
55,48,51.1235,896.659,gen0055_theta_nd_0048.npy,gen0055_A_nd_0048.npy
55,49,49.6053,894.175,gen0055_theta_nd_0049.npy,gen0055_A_nd_0049.npy
56,0,48.6767,892.811,gen0056_theta_nd_0000.npy,gen0056_A_nd_0000.npy
56,1,60.109,912.309,gen0056_theta_nd_0001.npy,gen0056_A_nd_0001.npy
56,2,48.0719,891.633,gen0056_theta_nd_0002.npy,gen0056_A_nd_0002.npy
56,3,49.0795,893.45,gen0056_theta_nd_0003.npy,gen0056_A_nd_0003.npy
56,4,50.1295,895.001,gen0056_theta_nd_0004.npy,gen0056_A_nd_0004.npy
56,5,60.2586,913.012,gen0056_theta_nd_0005.npy,gen0056_A_nd_0005.npy
56,6,58.5709,910.237,gen0056_theta_nd_0006.npy,gen0056_A_nd_0006.npy
56,7,50.1327,895.624,gen0056_theta_nd_0007.npy,gen0056_A_nd_0007.npy
56,8,51.659,899.469,gen0056_theta_nd_0008.npy,gen0056_A_nd_0008.npy
56,9,51.1987,897.128,gen0056_theta_nd_0009.npy,gen0056_A_nd_0009.npy
56,10,46.7687,891.099,gen0056_theta_nd_0010.npy,gen0056_A_nd_0010.npy
56,11,61.2266,913.766,gen0056_theta_nd_0011.npy,gen0056_A_nd_0011.npy
56,12,59.783,911.277,gen0056_theta_nd_0012.npy,gen0056_A_nd_0012.npy
56,13,51.4375,898.784,gen0056_theta_nd_0013.npy,gen0056_A_nd_0013.npy
56,14,57.1829,908.474,gen0056_theta_nd_0014.npy,gen0056_A_nd_0014.npy
56,15,49.2359,893.491,gen0056_theta_nd_0015.npy,gen0056_A_nd_0015.npy
56,16,50.499,895.664,gen0056_theta_nd_0016.npy,gen0056_A_nd_0016.npy
56,17,60.9084,913.386,gen0056_theta_nd_0017.npy,gen0056_A_nd_0017.npy
56,18,52.6014,899.904,gen0056_theta_nd_0018.npy,gen0056_A_nd_0018.npy
56,19,56.5193,907.342,gen0056_theta_nd_0019.npy,gen0056_A_nd_0019.npy
56,20,60.3681,913.331,gen0056_theta_nd_0020.npy,gen0056_A_nd_0020.npy
56,21,48.4465,892.678,gen0056_theta_nd_0021.npy,gen0056_A_nd_0021.npy
56,22,58.0397,908.575,gen0056_theta_nd_0022.npy,gen0056_A_nd_0022.npy
56,23,57.1613,907.727,gen0056_theta_nd_0023.npy,gen0056_A_nd_0023.npy
56,24,47.1095,891.129,gen0056_theta_nd_0024.npy,gen0056_A_nd_0024.npy
56,25,55.2965,905.15,gen0056_theta_nd_0025.npy,gen0056_A_nd_0025.npy
56,26,58.9776,910.816,gen0056_theta_nd_0026.npy,gen0056_A_nd_0026.npy
56,27,52.156,899.48,gen0056_theta_nd_0027.npy,gen0056_A_nd_0027.npy
56,28,54.576,902.885,gen0056_theta_nd_0028.npy,gen0056_A_nd_0028.npy
56,29,49.2552,893.827,gen0056_theta_nd_0029.npy,gen0056_A_nd_0029.npy
56,30,55.2068,904.441,gen0056_theta_nd_0030.npy,gen0056_A_nd_0030.npy
56,31,51.1235,896.659,gen0056_theta_nd_0031.npy,gen0056_A_nd_0031.npy
56,32,54.9994,904.44,gen0056_theta_nd_0032.npy,gen0056_A_nd_0032.npy
56,33,49.9092,894.171,gen0056_theta_nd_0033.npy,gen0056_A_nd_0033.npy
56,34,56.3757,905.197,gen0056_theta_nd_0034.npy,gen0056_A_nd_0034.npy
56,35,53.8325,901.327,gen0056_theta_nd_0035.npy,gen0056_A_nd_0035.npy
56,36,61.5414,914.155,gen0056_theta_nd_0036.npy,gen0056_A_nd_0036.npy
56,37,50.6014,896.426,gen0056_theta_nd_0037.npy,gen0056_A_nd_0037.npy
56,38,54.2536,901.446,gen0056_theta_nd_0038.npy,gen0056_A_nd_0038.npy
56,39,52.174,899.899,gen0056_theta_nd_0039.npy,gen0056_A_nd_0039.npy
56,40,58.5028,909.647,gen0056_theta_nd_0040.npy,gen0056_A_nd_0040.npy
56,41,56.4273,906.724,gen0056_theta_nd_0041.npy,gen0056_A_nd_0041.npy
56,42,54.9661,903.993,gen0056_theta_nd_0042.npy,gen0056_A_nd_0042.npy
56,43,57.1137,907.547,gen0056_theta_nd_0043.npy,gen0056_A_nd_0043.npy
56,44,53.1616,900.373,gen0056_theta_nd_0044.npy,gen0056_A_nd_0044.npy
56,45,48.3781,892.11,gen0056_theta_nd_0045.npy,gen0056_A_nd_0045.npy
56,46,50.1,894.747,gen0056_theta_nd_0046.npy,gen0056_A_nd_0046.npy
56,47,57.0212,907.471,gen0056_theta_nd_0047.npy,gen0056_A_nd_0047.npy
56,48,50.85,896.556,gen0056_theta_nd_0048.npy,gen0056_A_nd_0048.npy
56,49,51.3569,898.482,gen0056_theta_nd_0049.npy,gen0056_A_nd_0049.npy
56,50,58.6019,910.669,gen0056_theta_nd_0050.npy,gen0056_A_nd_0050.npy
57,0,48.6767,892.811,gen0057_theta_nd_0000.npy,gen0057_A_nd_0000.npy
57,1,60.109,912.309,gen0057_theta_nd_0001.npy,gen0057_A_nd_0001.npy
57,2,48.0719,891.633,gen0057_theta_nd_0002.npy,gen0057_A_nd_0002.npy
57,3,50.1295,895.001,gen0057_theta_nd_0003.npy,gen0057_A_nd_0003.npy
57,4,58.5709,910.237,gen0057_theta_nd_0004.npy,gen0057_A_nd_0004.npy
57,5,50.1327,895.624,gen0057_theta_nd_0005.npy,gen0057_A_nd_0005.npy
57,6,51.1987,897.128,gen0057_theta_nd_0006.npy,gen0057_A_nd_0006.npy
57,7,46.7687,891.099,gen0057_theta_nd_0007.npy,gen0057_A_nd_0007.npy
57,8,61.2266,913.766,gen0057_theta_nd_0008.npy,gen0057_A_nd_0008.npy
57,9,59.783,911.277,gen0057_theta_nd_0009.npy,gen0057_A_nd_0009.npy
57,10,57.1829,908.474,gen0057_theta_nd_0010.npy,gen0057_A_nd_0010.npy
57,11,50.499,895.664,gen0057_theta_nd_0011.npy,gen0057_A_nd_0011.npy
57,12,48.4465,892.678,gen0057_theta_nd_0012.npy,gen0057_A_nd_0012.npy
57,13,57.1613,907.727,gen0057_theta_nd_0013.npy,gen0057_A_nd_0013.npy
57,14,47.1095,891.129,gen0057_theta_nd_0014.npy,gen0057_A_nd_0014.npy
57,15,55.2965,905.15,gen0057_theta_nd_0015.npy,gen0057_A_nd_0015.npy
57,16,58.9776,910.816,gen0057_theta_nd_0016.npy,gen0057_A_nd_0016.npy
57,17,52.156,899.48,gen0057_theta_nd_0017.npy,gen0057_A_nd_0017.npy
57,18,54.576,902.885,gen0057_theta_nd_0018.npy,gen0057_A_nd_0018.npy
57,19,55.2068,904.441,gen0057_theta_nd_0019.npy,gen0057_A_nd_0019.npy
57,20,51.1235,896.659,gen0057_theta_nd_0020.npy,gen0057_A_nd_0020.npy
57,21,54.9994,904.44,gen0057_theta_nd_0021.npy,gen0057_A_nd_0021.npy
57,22,49.9092,894.171,gen0057_theta_nd_0022.npy,gen0057_A_nd_0022.npy
57,23,56.3757,905.197,gen0057_theta_nd_0023.npy,gen0057_A_nd_0023.npy
57,24,53.8325,901.327,gen0057_theta_nd_0024.npy,gen0057_A_nd_0024.npy
57,25,61.5414,914.155,gen0057_theta_nd_0025.npy,gen0057_A_nd_0025.npy
57,26,50.6014,896.426,gen0057_theta_nd_0026.npy,gen0057_A_nd_0026.npy
57,27,54.2536,901.446,gen0057_theta_nd_0027.npy,gen0057_A_nd_0027.npy
57,28,58.5028,909.647,gen0057_theta_nd_0028.npy,gen0057_A_nd_0028.npy
57,29,56.4273,906.724,gen0057_theta_nd_0029.npy,gen0057_A_nd_0029.npy
57,30,54.9661,903.993,gen0057_theta_nd_0030.npy,gen0057_A_nd_0030.npy
57,31,53.1616,900.373,gen0057_theta_nd_0031.npy,gen0057_A_nd_0031.npy
57,32,48.3781,892.11,gen0057_theta_nd_0032.npy,gen0057_A_nd_0032.npy
57,33,50.1,894.747,gen0057_theta_nd_0033.npy,gen0057_A_nd_0033.npy
57,34,50.85,896.556,gen0057_theta_nd_0034.npy,gen0057_A_nd_0034.npy
57,35,51.3569,898.482,gen0057_theta_nd_0035.npy,gen0057_A_nd_0035.npy
57,36,58.6019,910.669,gen0057_theta_nd_0036.npy,gen0057_A_nd_0036.npy
57,37,49.1698,892.865,gen0057_theta_nd_0037.npy,gen0057_A_nd_0037.npy
57,38,51.9776,899.004,gen0057_theta_nd_0038.npy,gen0057_A_nd_0038.npy
57,39,61.0956,912.547,gen0057_theta_nd_0039.npy,gen0057_A_nd_0039.npy
57,40,57.1522,907.293,gen0057_theta_nd_0040.npy,gen0057_A_nd_0040.npy
57,41,49.6357,893.307,gen0057_theta_nd_0041.npy,gen0057_A_nd_0041.npy
57,42,53.5992,900.889,gen0057_theta_nd_0042.npy,gen0057_A_nd_0042.npy
57,43,52.8544,899.872,gen0057_theta_nd_0043.npy,gen0057_A_nd_0043.npy
57,44,58.3377,909.412,gen0057_theta_nd_0044.npy,gen0057_A_nd_0044.npy
57,45,51.5483,898.712,gen0057_theta_nd_0045.npy,gen0057_A_nd_0045.npy
57,46,58.3082,908.563,gen0057_theta_nd_0046.npy,gen0057_A_nd_0046.npy
57,47,54.6691,903.869,gen0057_theta_nd_0047.npy,gen0057_A_nd_0047.npy
57,48,51.3093,897.732,gen0057_theta_nd_0048.npy,gen0057_A_nd_0048.npy
57,49,53.3505,900.799,gen0057_theta_nd_0049.npy,gen0057_A_nd_0049.npy
57,50,60.0407,912.003,gen0057_theta_nd_0050.npy,gen0057_A_nd_0050.npy
57,51,53.1965,900.379,gen0057_theta_nd_0051.npy,gen0057_A_nd_0051.npy
57,52,54.5733,902.457,gen0057_theta_nd_0052.npy,gen0057_A_nd_0052.npy
58,0,48.6767,892.811,gen0058_theta_nd_0000.npy,gen0058_A_nd_0000.npy
58,1,60.109,912.309,gen0058_theta_nd_0001.npy,gen0058_A_nd_0001.npy
58,2,58.5709,910.237,gen0058_theta_nd_0002.npy,gen0058_A_nd_0002.npy
58,3,51.1987,897.128,gen0058_theta_nd_0003.npy,gen0058_A_nd_0003.npy
58,4,46.7687,891.099,gen0058_theta_nd_0004.npy,gen0058_A_nd_0004.npy
58,5,61.2266,913.766,gen0058_theta_nd_0005.npy,gen0058_A_nd_0005.npy
58,6,59.783,911.277,gen0058_theta_nd_0006.npy,gen0058_A_nd_0006.npy
58,7,50.499,895.664,gen0058_theta_nd_0007.npy,gen0058_A_nd_0007.npy
58,8,48.4465,892.678,gen0058_theta_nd_0008.npy,gen0058_A_nd_0008.npy
58,9,47.1095,891.129,gen0058_theta_nd_0009.npy,gen0058_A_nd_0009.npy
58,10,58.9776,910.816,gen0058_theta_nd_0010.npy,gen0058_A_nd_0010.npy
58,11,54.576,902.885,gen0058_theta_nd_0011.npy,gen0058_A_nd_0011.npy
58,12,51.1235,896.659,gen0058_theta_nd_0012.npy,gen0058_A_nd_0012.npy
58,13,49.9092,894.171,gen0058_theta_nd_0013.npy,gen0058_A_nd_0013.npy
58,14,56.3757,905.197,gen0058_theta_nd_0014.npy,gen0058_A_nd_0014.npy
58,15,53.8325,901.327,gen0058_theta_nd_0015.npy,gen0058_A_nd_0015.npy
58,16,50.6014,896.426,gen0058_theta_nd_0016.npy,gen0058_A_nd_0016.npy
58,17,54.2536,901.446,gen0058_theta_nd_0017.npy,gen0058_A_nd_0017.npy
58,18,58.5028,909.647,gen0058_theta_nd_0018.npy,gen0058_A_nd_0018.npy
58,19,56.4273,906.724,gen0058_theta_nd_0019.npy,gen0058_A_nd_0019.npy
58,20,50.85,896.556,gen0058_theta_nd_0020.npy,gen0058_A_nd_0020.npy
58,21,58.6019,910.669,gen0058_theta_nd_0021.npy,gen0058_A_nd_0021.npy
58,22,49.1698,892.865,gen0058_theta_nd_0022.npy,gen0058_A_nd_0022.npy
58,23,51.9776,899.004,gen0058_theta_nd_0023.npy,gen0058_A_nd_0023.npy
58,24,61.0956,912.547,gen0058_theta_nd_0024.npy,gen0058_A_nd_0024.npy
58,25,49.6357,893.307,gen0058_theta_nd_0025.npy,gen0058_A_nd_0025.npy
58,26,53.5992,900.889,gen0058_theta_nd_0026.npy,gen0058_A_nd_0026.npy
58,27,52.8544,899.872,gen0058_theta_nd_0027.npy,gen0058_A_nd_0027.npy
58,28,51.5483,898.712,gen0058_theta_nd_0028.npy,gen0058_A_nd_0028.npy
58,29,58.3082,908.563,gen0058_theta_nd_0029.npy,gen0058_A_nd_0029.npy
58,30,51.3093,897.732,gen0058_theta_nd_0030.npy,gen0058_A_nd_0030.npy
58,31,53.1965,900.379,gen0058_theta_nd_0031.npy,gen0058_A_nd_0031.npy
58,32,54.5733,902.457,gen0058_theta_nd_0032.npy,gen0058_A_nd_0032.npy
58,33,59.4282,911.054,gen0058_theta_nd_0033.npy,gen0058_A_nd_0033.npy
58,34,53.4375,900.877,gen0058_theta_nd_0034.npy,gen0058_A_nd_0034.npy
58,35,54.5284,902.338,gen0058_theta_nd_0035.npy,gen0058_A_nd_0035.npy
58,36,53.1899,900.17,gen0058_theta_nd_0036.npy,gen0058_A_nd_0036.npy
58,37,54.845,903.145,gen0058_theta_nd_0037.npy,gen0058_A_nd_0037.npy
58,38,59.2749,910.858,gen0058_theta_nd_0038.npy,gen0058_A_nd_0038.npy
58,39,57.4346,907.284,gen0058_theta_nd_0039.npy,gen0058_A_nd_0039.npy
58,40,58.3587,908.949,gen0058_theta_nd_0040.npy,gen0058_A_nd_0040.npy
58,41,50.5639,896.415,gen0058_theta_nd_0041.npy,gen0058_A_nd_0041.npy
58,42,50.4125,895.204,gen0058_theta_nd_0042.npy,gen0058_A_nd_0042.npy
58,43,60.043,911.591,gen0058_theta_nd_0043.npy,gen0058_A_nd_0043.npy
58,44,55.7765,903.627,gen0058_theta_nd_0044.npy,gen0058_A_nd_0044.npy
58,45,55.8329,904.802,gen0058_theta_nd_0045.npy,gen0058_A_nd_0045.npy
58,46,61.7251,914.045,gen0058_theta_nd_0046.npy,gen0058_A_nd_0046.npy
58,47,52.3296,899.153,gen0058_theta_nd_0047.npy,gen0058_A_nd_0047.npy
58,48,50.1725,894.506,gen0058_theta_nd_0048.npy,gen0058_A_nd_0048.npy
58,49,48.4076,891.385,gen0058_theta_nd_0049.npy,gen0058_A_nd_0049.npy
58,50,60.6852,912.321,gen0058_theta_nd_0050.npy,gen0058_A_nd_0050.npy
58,51,53.3945,900.651,gen0058_theta_nd_0051.npy,gen0058_A_nd_0051.npy
58,52,51.5158,898.304,gen0058_theta_nd_0052.npy,gen0058_A_nd_0052.npy
59,0,58.5709,910.237,gen0059_theta_nd_0000.npy,gen0059_A_nd_0000.npy
59,1,51.1987,897.128,gen0059_theta_nd_0001.npy,gen0059_A_nd_0001.npy
59,2,61.2266,913.766,gen0059_theta_nd_0002.npy,gen0059_A_nd_0002.npy
59,3,59.783,911.277,gen0059_theta_nd_0003.npy,gen0059_A_nd_0003.npy
59,4,51.1235,896.659,gen0059_theta_nd_0004.npy,gen0059_A_nd_0004.npy
59,5,49.9092,894.171,gen0059_theta_nd_0005.npy,gen0059_A_nd_0005.npy
59,6,56.3757,905.197,gen0059_theta_nd_0006.npy,gen0059_A_nd_0006.npy
59,7,50.6014,896.426,gen0059_theta_nd_0007.npy,gen0059_A_nd_0007.npy
59,8,54.2536,901.446,gen0059_theta_nd_0008.npy,gen0059_A_nd_0008.npy
59,9,58.5028,909.647,gen0059_theta_nd_0009.npy,gen0059_A_nd_0009.npy
59,10,56.4273,906.724,gen0059_theta_nd_0010.npy,gen0059_A_nd_0010.npy
59,11,50.85,896.556,gen0059_theta_nd_0011.npy,gen0059_A_nd_0011.npy
59,12,49.1698,892.865,gen0059_theta_nd_0012.npy,gen0059_A_nd_0012.npy
59,13,61.0956,912.547,gen0059_theta_nd_0013.npy,gen0059_A_nd_0013.npy
59,14,49.6357,893.307,gen0059_theta_nd_0014.npy,gen0059_A_nd_0014.npy
59,15,53.5992,900.889,gen0059_theta_nd_0015.npy,gen0059_A_nd_0015.npy
59,16,52.8544,899.872,gen0059_theta_nd_0016.npy,gen0059_A_nd_0016.npy
59,17,58.3082,908.563,gen0059_theta_nd_0017.npy,gen0059_A_nd_0017.npy
59,18,51.3093,897.732,gen0059_theta_nd_0018.npy,gen0059_A_nd_0018.npy
59,19,54.5733,902.457,gen0059_theta_nd_0019.npy,gen0059_A_nd_0019.npy
59,20,59.4282,911.054,gen0059_theta_nd_0020.npy,gen0059_A_nd_0020.npy
59,21,53.4375,900.877,gen0059_theta_nd_0021.npy,gen0059_A_nd_0021.npy
59,22,54.5284,902.338,gen0059_theta_nd_0022.npy,gen0059_A_nd_0022.npy
59,23,59.2749,910.858,gen0059_theta_nd_0023.npy,gen0059_A_nd_0023.npy
59,24,57.4346,907.284,gen0059_theta_nd_0024.npy,gen0059_A_nd_0024.npy
59,25,58.3587,908.949,gen0059_theta_nd_0025.npy,gen0059_A_nd_0025.npy
59,26,50.5639,896.415,gen0059_theta_nd_0026.npy,gen0059_A_nd_0026.npy
59,27,60.043,911.591,gen0059_theta_nd_0027.npy,gen0059_A_nd_0027.npy
59,28,55.7765,903.627,gen0059_theta_nd_0028.npy,gen0059_A_nd_0028.npy
59,29,55.8329,904.802,gen0059_theta_nd_0029.npy,gen0059_A_nd_0029.npy
59,30,61.7251,914.045,gen0059_theta_nd_0030.npy,gen0059_A_nd_0030.npy
59,31,50.1725,894.506,gen0059_theta_nd_0031.npy,gen0059_A_nd_0031.npy
59,32,48.4076,891.385,gen0059_theta_nd_0032.npy,gen0059_A_nd_0032.npy
59,33,60.6852,912.321,gen0059_theta_nd_0033.npy,gen0059_A_nd_0033.npy
59,34,53.3945,900.651,gen0059_theta_nd_0034.npy,gen0059_A_nd_0034.npy
59,35,61.3375,913.969,gen0059_theta_nd_0035.npy,gen0059_A_nd_0035.npy
59,36,50.5188,894.944,gen0059_theta_nd_0036.npy,gen0059_A_nd_0036.npy
59,37,47.3561,889.624,gen0059_theta_nd_0037.npy,gen0059_A_nd_0037.npy
59,38,60.414,911.668,gen0059_theta_nd_0038.npy,gen0059_A_nd_0038.npy
59,39,59.22,910.627,gen0059_theta_nd_0039.npy,gen0059_A_nd_0039.npy
59,40,53.838,900.97,gen0059_theta_nd_0040.npy,gen0059_A_nd_0040.npy
59,41,54.4021,902.211,gen0059_theta_nd_0041.npy,gen0059_A_nd_0041.npy
59,42,50.6059,896.535,gen0059_theta_nd_0042.npy,gen0059_A_nd_0042.npy
59,43,53.214,900.048,gen0059_theta_nd_0043.npy,gen0059_A_nd_0043.npy
59,44,52.4639,898.114,gen0059_theta_nd_0044.npy,gen0059_A_nd_0044.npy
59,45,48.3751,891.278,gen0059_theta_nd_0045.npy,gen0059_A_nd_0045.npy
59,46,55.1971,902.583,gen0059_theta_nd_0046.npy,gen0059_A_nd_0046.npy
59,47,58.1054,907.661,gen0059_theta_nd_0047.npy,gen0059_A_nd_0047.npy
59,48,49.1515,892.433,gen0059_theta_nd_0048.npy,gen0059_A_nd_0048.npy
60,0,49.9092,894.171,gen0060_theta_nd_0000.npy,gen0060_A_nd_0000.npy
60,1,54.2536,901.446,gen0060_theta_nd_0001.npy,gen0060_A_nd_0001.npy
60,2,50.85,896.556,gen0060_theta_nd_0002.npy,gen0060_A_nd_0002.npy
60,3,49.1698,892.865,gen0060_theta_nd_0003.npy,gen0060_A_nd_0003.npy
60,4,61.0956,912.547,gen0060_theta_nd_0004.npy,gen0060_A_nd_0004.npy
60,5,49.6357,893.307,gen0060_theta_nd_0005.npy,gen0060_A_nd_0005.npy
60,6,53.5992,900.889,gen0060_theta_nd_0006.npy,gen0060_A_nd_0006.npy
60,7,58.3082,908.563,gen0060_theta_nd_0007.npy,gen0060_A_nd_0007.npy
60,8,54.5733,902.457,gen0060_theta_nd_0008.npy,gen0060_A_nd_0008.npy
60,9,53.4375,900.877,gen0060_theta_nd_0009.npy,gen0060_A_nd_0009.npy
60,10,54.5284,902.338,gen0060_theta_nd_0010.npy,gen0060_A_nd_0010.npy
60,11,57.4346,907.284,gen0060_theta_nd_0011.npy,gen0060_A_nd_0011.npy
60,12,58.3587,908.949,gen0060_theta_nd_0012.npy,gen0060_A_nd_0012.npy
60,13,60.043,911.591,gen0060_theta_nd_0013.npy,gen0060_A_nd_0013.npy
60,14,55.7765,903.627,gen0060_theta_nd_0014.npy,gen0060_A_nd_0014.npy
60,15,50.1725,894.506,gen0060_theta_nd_0015.npy,gen0060_A_nd_0015.npy
60,16,48.4076,891.385,gen0060_theta_nd_0016.npy,gen0060_A_nd_0016.npy
60,17,53.3945,900.651,gen0060_theta_nd_0017.npy,gen0060_A_nd_0017.npy
60,18,50.5188,894.944,gen0060_theta_nd_0018.npy,gen0060_A_nd_0018.npy
60,19,47.3561,889.624,gen0060_theta_nd_0019.npy,gen0060_A_nd_0019.npy
60,20,60.414,911.668,gen0060_theta_nd_0020.npy,gen0060_A_nd_0020.npy
60,21,53.838,900.97,gen0060_theta_nd_0021.npy,gen0060_A_nd_0021.npy
60,22,52.4639,898.114,gen0060_theta_nd_0022.npy,gen0060_A_nd_0022.npy
60,23,55.1971,902.583,gen0060_theta_nd_0023.npy,gen0060_A_nd_0023.npy
60,24,58.1054,907.661,gen0060_theta_nd_0024.npy,gen0060_A_nd_0024.npy
60,25,49.1515,892.433,gen0060_theta_nd_0025.npy,gen0060_A_nd_0025.npy
60,26,53.3718,899.868,gen0060_theta_nd_0026.npy,gen0060_A_nd_0026.npy
60,27,59.8258,910.691,gen0060_theta_nd_0027.npy,gen0060_A_nd_0027.npy
60,28,48.4056,890.999,gen0060_theta_nd_0028.npy,gen0060_A_nd_0028.npy
60,29,49.386,893.112,gen0060_theta_nd_0029.npy,gen0060_A_nd_0029.npy
60,30,61.9408,913.734,gen0060_theta_nd_0030.npy,gen0060_A_nd_0030.npy
60,31,57.1298,906.801,gen0060_theta_nd_0031.npy,gen0060_A_nd_0031.npy
60,32,52.8765,899.717,gen0060_theta_nd_0032.npy,gen0060_A_nd_0032.npy
60,33,58.7904,909.857,gen0060_theta_nd_0033.npy,gen0060_A_nd_0033.npy
60,34,49.9534,894.457,gen0060_theta_nd_0034.npy,gen0060_A_nd_0034.npy
60,35,55.8612,904.728,gen0060_theta_nd_0035.npy,gen0060_A_nd_0035.npy
60,36,59.5712,910.455,gen0060_theta_nd_0036.npy,gen0060_A_nd_0036.npy
60,37,50.5947,895.445,gen0060_theta_nd_0037.npy,gen0060_A_nd_0037.npy
60,38,47.4608,890.382,gen0060_theta_nd_0038.npy,gen0060_A_nd_0038.npy
60,39,60.7709,912.167,gen0060_theta_nd_0039.npy,gen0060_A_nd_0039.npy
60,40,56.4255,905.025,gen0060_theta_nd_0040.npy,gen0060_A_nd_0040.npy
60,41,50.3526,894.777,gen0060_theta_nd_0041.npy,gen0060_A_nd_0041.npy
60,42,58.7571,909.488,gen0060_theta_nd_0042.npy,gen0060_A_nd_0042.npy
60,43,56.9413,905.868,gen0060_theta_nd_0043.npy,gen0060_A_nd_0043.npy
60,44,50.7196,895.606,gen0060_theta_nd_0044.npy,gen0060_A_nd_0044.npy
60,45,54.4282,901.609,gen0060_theta_nd_0045.npy,gen0060_A_nd_0045.npy
60,46,51.8824,896.966,gen0060_theta_nd_0046.npy,gen0060_A_nd_0046.npy
60,47,51.1496,896.646,gen0060_theta_nd_0047.npy,gen0060_A_nd_0047.npy
61,0,54.2536,901.446,gen0061_theta_nd_0000.npy,gen0061_A_nd_0000.npy
61,1,49.6357,893.307,gen0061_theta_nd_0001.npy,gen0061_A_nd_0001.npy
61,2,53.5992,900.889,gen0061_theta_nd_0002.npy,gen0061_A_nd_0002.npy
61,3,58.3082,908.563,gen0061_theta_nd_0003.npy,gen0061_A_nd_0003.npy
61,4,54.5733,902.457,gen0061_theta_nd_0004.npy,gen0061_A_nd_0004.npy
61,5,53.4375,900.877,gen0061_theta_nd_0005.npy,gen0061_A_nd_0005.npy
61,6,54.5284,902.338,gen0061_theta_nd_0006.npy,gen0061_A_nd_0006.npy
61,7,57.4346,907.284,gen0061_theta_nd_0007.npy,gen0061_A_nd_0007.npy
61,8,58.3587,908.949,gen0061_theta_nd_0008.npy,gen0061_A_nd_0008.npy
61,9,60.043,911.591,gen0061_theta_nd_0009.npy,gen0061_A_nd_0009.npy
61,10,55.7765,903.627,gen0061_theta_nd_0010.npy,gen0061_A_nd_0010.npy
61,11,48.4076,891.385,gen0061_theta_nd_0011.npy,gen0061_A_nd_0011.npy
61,12,53.3945,900.651,gen0061_theta_nd_0012.npy,gen0061_A_nd_0012.npy
61,13,47.3561,889.624,gen0061_theta_nd_0013.npy,gen0061_A_nd_0013.npy
61,14,60.414,911.668,gen0061_theta_nd_0014.npy,gen0061_A_nd_0014.npy
61,15,53.838,900.97,gen0061_theta_nd_0015.npy,gen0061_A_nd_0015.npy
61,16,52.4639,898.114,gen0061_theta_nd_0016.npy,gen0061_A_nd_0016.npy
61,17,55.1971,902.583,gen0061_theta_nd_0017.npy,gen0061_A_nd_0017.npy
61,18,58.1054,907.661,gen0061_theta_nd_0018.npy,gen0061_A_nd_0018.npy
61,19,49.1515,892.433,gen0061_theta_nd_0019.npy,gen0061_A_nd_0019.npy
61,20,53.3718,899.868,gen0061_theta_nd_0020.npy,gen0061_A_nd_0020.npy
61,21,59.8258,910.691,gen0061_theta_nd_0021.npy,gen0061_A_nd_0021.npy
61,22,48.4056,890.999,gen0061_theta_nd_0022.npy,gen0061_A_nd_0022.npy
61,23,61.9408,913.734,gen0061_theta_nd_0023.npy,gen0061_A_nd_0023.npy
61,24,57.1298,906.801,gen0061_theta_nd_0024.npy,gen0061_A_nd_0024.npy
61,25,58.7904,909.857,gen0061_theta_nd_0025.npy,gen0061_A_nd_0025.npy
61,26,59.5712,910.455,gen0061_theta_nd_0026.npy,gen0061_A_nd_0026.npy
61,27,50.5947,895.445,gen0061_theta_nd_0027.npy,gen0061_A_nd_0027.npy
61,28,47.4608,890.382,gen0061_theta_nd_0028.npy,gen0061_A_nd_0028.npy
61,29,56.4255,905.025,gen0061_theta_nd_0029.npy,gen0061_A_nd_0029.npy
61,30,58.7571,909.488,gen0061_theta_nd_0030.npy,gen0061_A_nd_0030.npy
61,31,56.9413,905.868,gen0061_theta_nd_0031.npy,gen0061_A_nd_0031.npy
61,32,50.7196,895.606,gen0061_theta_nd_0032.npy,gen0061_A_nd_0032.npy
61,33,54.4282,901.609,gen0061_theta_nd_0033.npy,gen0061_A_nd_0033.npy
61,34,51.8824,896.966,gen0061_theta_nd_0034.npy,gen0061_A_nd_0034.npy
61,35,51.2885,896.779,gen0061_theta_nd_0035.npy,gen0061_A_nd_0035.npy
61,36,51.9762,897.413,gen0061_theta_nd_0036.npy,gen0061_A_nd_0036.npy
61,37,59.2351,910.09,gen0061_theta_nd_0037.npy,gen0061_A_nd_0037.npy
61,38,61.1752,913.495,gen0061_theta_nd_0038.npy,gen0061_A_nd_0038.npy
61,39,50.4111,893.883,gen0061_theta_nd_0039.npy,gen0061_A_nd_0039.npy
61,40,52.8158,899.088,gen0061_theta_nd_0040.npy,gen0061_A_nd_0040.npy
61,41,51.1533,895.974,gen0061_theta_nd_0041.npy,gen0061_A_nd_0041.npy
61,42,58.9739,909.889,gen0061_theta_nd_0042.npy,gen0061_A_nd_0042.npy
61,43,49.9154,893.582,gen0061_theta_nd_0043.npy,gen0061_A_nd_0043.npy
61,44,53.8126,900.896,gen0061_theta_nd_0044.npy,gen0061_A_nd_0044.npy
61,45,56.089,904.103,gen0061_theta_nd_0045.npy,gen0061_A_nd_0045.npy
61,46,52.0309,897.545,gen0061_theta_nd_0046.npy,gen0061_A_nd_0046.npy
61,47,61.1445,912.152,gen0061_theta_nd_0047.npy,gen0061_A_nd_0047.npy
61,48,49.5756,892.709,gen0061_theta_nd_0048.npy,gen0061_A_nd_0048.npy
61,49,50.5872,894.833,gen0061_theta_nd_0049.npy,gen0061_A_nd_0049.npy
61,50,48.944,892.308,gen0061_theta_nd_0050.npy,gen0061_A_nd_0050.npy
61,51,53.0048,899.128,gen0061_theta_nd_0051.npy,gen0061_A_nd_0051.npy
61,52,57.4457,907.354,gen0061_theta_nd_0052.npy,gen0061_A_nd_0052.npy
61,53,52.6755,898.377,gen0061_theta_nd_0053.npy,gen0061_A_nd_0053.npy
61,54,56.5041,905.319,gen0061_theta_nd_0054.npy,gen0061_A_nd_0054.npy
61,55,46.3842,888.199,gen0061_theta_nd_0055.npy,gen0061_A_nd_0055.npy
62,0,54.2536,901.446,gen0062_theta_nd_0000.npy,gen0062_A_nd_0000.npy
62,1,49.6357,893.307,gen0062_theta_nd_0001.npy,gen0062_A_nd_0001.npy
62,2,58.3082,908.563,gen0062_theta_nd_0002.npy,gen0062_A_nd_0002.npy
62,3,58.3587,908.949,gen0062_theta_nd_0003.npy,gen0062_A_nd_0003.npy
62,4,55.7765,903.627,gen0062_theta_nd_0004.npy,gen0062_A_nd_0004.npy
62,5,47.3561,889.624,gen0062_theta_nd_0005.npy,gen0062_A_nd_0005.npy
62,6,60.414,911.668,gen0062_theta_nd_0006.npy,gen0062_A_nd_0006.npy
62,7,52.4639,898.114,gen0062_theta_nd_0007.npy,gen0062_A_nd_0007.npy
62,8,55.1971,902.583,gen0062_theta_nd_0008.npy,gen0062_A_nd_0008.npy
62,9,58.1054,907.661,gen0062_theta_nd_0009.npy,gen0062_A_nd_0009.npy
62,10,53.3718,899.868,gen0062_theta_nd_0010.npy,gen0062_A_nd_0010.npy
62,11,59.8258,910.691,gen0062_theta_nd_0011.npy,gen0062_A_nd_0011.npy
62,12,61.9408,913.734,gen0062_theta_nd_0012.npy,gen0062_A_nd_0012.npy
62,13,57.1298,906.801,gen0062_theta_nd_0013.npy,gen0062_A_nd_0013.npy
62,14,58.7904,909.857,gen0062_theta_nd_0014.npy,gen0062_A_nd_0014.npy
62,15,59.5712,910.455,gen0062_theta_nd_0015.npy,gen0062_A_nd_0015.npy
62,16,50.5947,895.445,gen0062_theta_nd_0016.npy,gen0062_A_nd_0016.npy
62,17,47.4608,890.382,gen0062_theta_nd_0017.npy,gen0062_A_nd_0017.npy
62,18,58.7571,909.488,gen0062_theta_nd_0018.npy,gen0062_A_nd_0018.npy
62,19,50.7196,895.606,gen0062_theta_nd_0019.npy,gen0062_A_nd_0019.npy
62,20,54.4282,901.609,gen0062_theta_nd_0020.npy,gen0062_A_nd_0020.npy
62,21,51.8824,896.966,gen0062_theta_nd_0021.npy,gen0062_A_nd_0021.npy
62,22,51.2885,896.779,gen0062_theta_nd_0022.npy,gen0062_A_nd_0022.npy
62,23,51.9762,897.413,gen0062_theta_nd_0023.npy,gen0062_A_nd_0023.npy
62,24,59.2351,910.09,gen0062_theta_nd_0024.npy,gen0062_A_nd_0024.npy
62,25,61.1752,913.495,gen0062_theta_nd_0025.npy,gen0062_A_nd_0025.npy
62,26,50.4111,893.883,gen0062_theta_nd_0026.npy,gen0062_A_nd_0026.npy
62,27,51.1533,895.974,gen0062_theta_nd_0027.npy,gen0062_A_nd_0027.npy
62,28,58.9739,909.889,gen0062_theta_nd_0028.npy,gen0062_A_nd_0028.npy
62,29,49.9154,893.582,gen0062_theta_nd_0029.npy,gen0062_A_nd_0029.npy
62,30,56.089,904.103,gen0062_theta_nd_0030.npy,gen0062_A_nd_0030.npy
62,31,52.0309,897.545,gen0062_theta_nd_0031.npy,gen0062_A_nd_0031.npy
62,32,61.1445,912.152,gen0062_theta_nd_0032.npy,gen0062_A_nd_0032.npy
62,33,49.5756,892.709,gen0062_theta_nd_0033.npy,gen0062_A_nd_0033.npy
62,34,50.5872,894.833,gen0062_theta_nd_0034.npy,gen0062_A_nd_0034.npy
62,35,56.5041,905.319,gen0062_theta_nd_0035.npy,gen0062_A_nd_0035.npy
62,36,46.3842,888.199,gen0062_theta_nd_0036.npy,gen0062_A_nd_0036.npy
62,37,48.3635,890.829,gen0062_theta_nd_0037.npy,gen0062_A_nd_0037.npy
62,38,49.4455,892.187,gen0062_theta_nd_0038.npy,gen0062_A_nd_0038.npy
62,39,57.7411,907.048,gen0062_theta_nd_0039.npy,gen0062_A_nd_0039.npy
62,40,48.2137,890.493,gen0062_theta_nd_0040.npy,gen0062_A_nd_0040.npy
62,41,48.4118,890.87,gen0062_theta_nd_0041.npy,gen0062_A_nd_0041.npy
62,42,59.5138,910.355,gen0062_theta_nd_0042.npy,gen0062_A_nd_0042.npy
62,43,56.4863,904.561,gen0062_theta_nd_0043.npy,gen0062_A_nd_0043.npy
62,44,48.9613,891.384,gen0062_theta_nd_0044.npy,gen0062_A_nd_0044.npy
62,45,60.2052,911.274,gen0062_theta_nd_0045.npy,gen0062_A_nd_0045.npy
62,46,57.0569,905.506,gen0062_theta_nd_0046.npy,gen0062_A_nd_0046.npy
62,47,54.0174,900.733,gen0062_theta_nd_0047.npy,gen0062_A_nd_0047.npy
62,48,53.2636,899.01,gen0062_theta_nd_0048.npy,gen0062_A_nd_0048.npy
62,49,53.6366,900.189,gen0062_theta_nd_0049.npy,gen0062_A_nd_0049.npy
62,50,53.7894,900.565,gen0062_theta_nd_0050.npy,gen0062_A_nd_0050.npy
62,51,54.8252,901.87,gen0062_theta_nd_0051.npy,gen0062_A_nd_0051.npy
62,52,52.7912,898.172,gen0062_theta_nd_0052.npy,gen0062_A_nd_0052.npy
63,0,54.2536,901.446,gen0063_theta_nd_0000.npy,gen0063_A_nd_0000.npy
63,1,49.6357,893.307,gen0063_theta_nd_0001.npy,gen0063_A_nd_0001.npy
63,2,55.7765,903.627,gen0063_theta_nd_0002.npy,gen0063_A_nd_0002.npy
63,3,60.414,911.668,gen0063_theta_nd_0003.npy,gen0063_A_nd_0003.npy
63,4,52.4639,898.114,gen0063_theta_nd_0004.npy,gen0063_A_nd_0004.npy
63,5,55.1971,902.583,gen0063_theta_nd_0005.npy,gen0063_A_nd_0005.npy
63,6,58.1054,907.661,gen0063_theta_nd_0006.npy,gen0063_A_nd_0006.npy
63,7,59.8258,910.691,gen0063_theta_nd_0007.npy,gen0063_A_nd_0007.npy
63,8,61.9408,913.734,gen0063_theta_nd_0008.npy,gen0063_A_nd_0008.npy
63,9,59.5712,910.455,gen0063_theta_nd_0009.npy,gen0063_A_nd_0009.npy
63,10,50.5947,895.445,gen0063_theta_nd_0010.npy,gen0063_A_nd_0010.npy
63,11,50.7196,895.606,gen0063_theta_nd_0011.npy,gen0063_A_nd_0011.npy
63,12,54.4282,901.609,gen0063_theta_nd_0012.npy,gen0063_A_nd_0012.npy
63,13,51.8824,896.966,gen0063_theta_nd_0013.npy,gen0063_A_nd_0013.npy
63,14,51.9762,897.413,gen0063_theta_nd_0014.npy,gen0063_A_nd_0014.npy
63,15,59.2351,910.09,gen0063_theta_nd_0015.npy,gen0063_A_nd_0015.npy
63,16,61.1752,913.495,gen0063_theta_nd_0016.npy,gen0063_A_nd_0016.npy
63,17,50.4111,893.883,gen0063_theta_nd_0017.npy,gen0063_A_nd_0017.npy
63,18,51.1533,895.974,gen0063_theta_nd_0018.npy,gen0063_A_nd_0018.npy
63,19,52.0309,897.545,gen0063_theta_nd_0019.npy,gen0063_A_nd_0019.npy
63,20,61.1445,912.152,gen0063_theta_nd_0020.npy,gen0063_A_nd_0020.npy
63,21,49.5756,892.709,gen0063_theta_nd_0021.npy,gen0063_A_nd_0021.npy
63,22,50.5872,894.833,gen0063_theta_nd_0022.npy,gen0063_A_nd_0022.npy
63,23,48.3635,890.829,gen0063_theta_nd_0023.npy,gen0063_A_nd_0023.npy
63,24,49.4455,892.187,gen0063_theta_nd_0024.npy,gen0063_A_nd_0024.npy
63,25,57.7411,907.048,gen0063_theta_nd_0025.npy,gen0063_A_nd_0025.npy
63,26,48.2137,890.493,gen0063_theta_nd_0026.npy,gen0063_A_nd_0026.npy
63,27,48.4118,890.87,gen0063_theta_nd_0027.npy,gen0063_A_nd_0027.npy
63,28,59.5138,910.355,gen0063_theta_nd_0028.npy,gen0063_A_nd_0028.npy
63,29,48.9613,891.384,gen0063_theta_nd_0029.npy,gen0063_A_nd_0029.npy
63,30,60.2052,911.274,gen0063_theta_nd_0030.npy,gen0063_A_nd_0030.npy
63,31,57.0569,905.506,gen0063_theta_nd_0031.npy,gen0063_A_nd_0031.npy
63,32,54.8252,901.87,gen0063_theta_nd_0032.npy,gen0063_A_nd_0032.npy
63,33,52.7912,898.172,gen0063_theta_nd_0033.npy,gen0063_A_nd_0033.npy
63,34,53.3819,898.817,gen0063_theta_nd_0034.npy,gen0063_A_nd_0034.npy
63,35,55.5787,903.58,gen0063_theta_nd_0035.npy,gen0063_A_nd_0035.npy
63,36,55.4279,903.377,gen0063_theta_nd_0036.npy,gen0063_A_nd_0036.npy
63,37,59.0469,909.759,gen0063_theta_nd_0037.npy,gen0063_A_nd_0037.npy
63,38,47.9924,890.399,gen0063_theta_nd_0038.npy,gen0063_A_nd_0038.npy
63,39,58.8429,908.477,gen0063_theta_nd_0039.npy,gen0063_A_nd_0039.npy
63,40,51.3316,896.197,gen0063_theta_nd_0040.npy,gen0063_A_nd_0040.npy
63,41,47.3845,887.926,gen0063_theta_nd_0041.npy,gen0063_A_nd_0041.npy
63,42,56.1476,903.866,gen0063_theta_nd_0042.npy,gen0063_A_nd_0042.npy
63,43,52.2526,898.103,gen0063_theta_nd_0043.npy,gen0063_A_nd_0043.npy
63,44,57.9146,907.571,gen0063_theta_nd_0044.npy,gen0063_A_nd_0044.npy
63,45,57.3569,905.969,gen0063_theta_nd_0045.npy,gen0063_A_nd_0045.npy
63,46,54.5188,901.617,gen0063_theta_nd_0046.npy,gen0063_A_nd_0046.npy
63,47,50.362,893.792,gen0063_theta_nd_0047.npy,gen0063_A_nd_0047.npy
63,48,56.9036,904.558,gen0063_theta_nd_0048.npy,gen0063_A_nd_0048.npy
63,49,60.1112,911.056,gen0063_theta_nd_0049.npy,gen0063_A_nd_0049.npy
63,50,54.2339,900.425,gen0063_theta_nd_0050.npy,gen0063_A_nd_0050.npy
63,51,47.5299,890.055,gen0063_theta_nd_0051.npy,gen0063_A_nd_0051.npy
63,52,49.9772,893.377,gen0063_theta_nd_0052.npy,gen0063_A_nd_0052.npy
63,53,59.7072,910.658,gen0063_theta_nd_0053.npy,gen0063_A_nd_0053.npy
63,54,53.9385,899.783,gen0063_theta_nd_0054.npy,gen0063_A_nd_0054.npy
63,55,58.9177,909.593,gen0063_theta_nd_0055.npy,gen0063_A_nd_0055.npy
64,0,60.414,911.668,gen0064_theta_nd_0000.npy,gen0064_A_nd_0000.npy
64,1,52.4639,898.114,gen0064_theta_nd_0001.npy,gen0064_A_nd_0001.npy
64,2,58.1054,907.661,gen0064_theta_nd_0002.npy,gen0064_A_nd_0002.npy
64,3,61.9408,913.734,gen0064_theta_nd_0003.npy,gen0064_A_nd_0003.npy
64,4,59.5712,910.455,gen0064_theta_nd_0004.npy,gen0064_A_nd_0004.npy
64,5,50.5947,895.445,gen0064_theta_nd_0005.npy,gen0064_A_nd_0005.npy
64,6,50.7196,895.606,gen0064_theta_nd_0006.npy,gen0064_A_nd_0006.npy
64,7,54.4282,901.609,gen0064_theta_nd_0007.npy,gen0064_A_nd_0007.npy
64,8,51.8824,896.966,gen0064_theta_nd_0008.npy,gen0064_A_nd_0008.npy
64,9,59.2351,910.09,gen0064_theta_nd_0009.npy,gen0064_A_nd_0009.npy
64,10,61.1752,913.495,gen0064_theta_nd_0010.npy,gen0064_A_nd_0010.npy
64,11,50.4111,893.883,gen0064_theta_nd_0011.npy,gen0064_A_nd_0011.npy
64,12,51.1533,895.974,gen0064_theta_nd_0012.npy,gen0064_A_nd_0012.npy
64,13,61.1445,912.152,gen0064_theta_nd_0013.npy,gen0064_A_nd_0013.npy
64,14,50.5872,894.833,gen0064_theta_nd_0014.npy,gen0064_A_nd_0014.npy
64,15,48.3635,890.829,gen0064_theta_nd_0015.npy,gen0064_A_nd_0015.npy
64,16,49.4455,892.187,gen0064_theta_nd_0016.npy,gen0064_A_nd_0016.npy
64,17,57.7411,907.048,gen0064_theta_nd_0017.npy,gen0064_A_nd_0017.npy
64,18,48.2137,890.493,gen0064_theta_nd_0018.npy,gen0064_A_nd_0018.npy
64,19,48.4118,890.87,gen0064_theta_nd_0019.npy,gen0064_A_nd_0019.npy
64,20,59.5138,910.355,gen0064_theta_nd_0020.npy,gen0064_A_nd_0020.npy
64,21,60.2052,911.274,gen0064_theta_nd_0021.npy,gen0064_A_nd_0021.npy
64,22,57.0569,905.506,gen0064_theta_nd_0022.npy,gen0064_A_nd_0022.npy
64,23,54.8252,901.87,gen0064_theta_nd_0023.npy,gen0064_A_nd_0023.npy
64,24,52.7912,898.172,gen0064_theta_nd_0024.npy,gen0064_A_nd_0024.npy
64,25,47.9924,890.399,gen0064_theta_nd_0025.npy,gen0064_A_nd_0025.npy
64,26,58.8429,908.477,gen0064_theta_nd_0026.npy,gen0064_A_nd_0026.npy
64,27,51.3316,896.197,gen0064_theta_nd_0027.npy,gen0064_A_nd_0027.npy
64,28,56.1476,903.866,gen0064_theta_nd_0028.npy,gen0064_A_nd_0028.npy
64,29,52.2526,898.103,gen0064_theta_nd_0029.npy,gen0064_A_nd_0029.npy
64,30,57.3569,905.969,gen0064_theta_nd_0030.npy,gen0064_A_nd_0030.npy
64,31,50.362,893.792,gen0064_theta_nd_0031.npy,gen0064_A_nd_0031.npy
64,32,56.9036,904.558,gen0064_theta_nd_0032.npy,gen0064_A_nd_0032.npy
64,33,60.1112,911.056,gen0064_theta_nd_0033.npy,gen0064_A_nd_0033.npy
64,34,54.2339,900.425,gen0064_theta_nd_0034.npy,gen0064_A_nd_0034.npy
64,35,53.9385,899.783,gen0064_theta_nd_0035.npy,gen0064_A_nd_0035.npy
64,36,47.6035,887.387,gen0064_theta_nd_0036.npy,gen0064_A_nd_0036.npy
64,37,55.8511,903.325,gen0064_theta_nd_0037.npy,gen0064_A_nd_0037.npy
64,38,61.9955,913.964,gen0064_theta_nd_0038.npy,gen0064_A_nd_0038.npy
64,39,59.1617,909.459,gen0064_theta_nd_0039.npy,gen0064_A_nd_0039.npy
64,40,59.9409,910.623,gen0064_theta_nd_0040.npy,gen0064_A_nd_0040.npy
64,41,49.9616,892.527,gen0064_theta_nd_0041.npy,gen0064_A_nd_0041.npy
64,42,52.0582,897.173,gen0064_theta_nd_0042.npy,gen0064_A_nd_0042.npy
64,43,54.3553,901.045,gen0064_theta_nd_0043.npy,gen0064_A_nd_0043.npy
64,44,54.6255,901.613,gen0064_theta_nd_0044.npy,gen0064_A_nd_0044.npy
64,45,57.3808,906.689,gen0064_theta_nd_0045.npy,gen0064_A_nd_0045.npy
64,46,58.9444,908.758,gen0064_theta_nd_0046.npy,gen0064_A_nd_0046.npy
64,47,53.5761,898.677,gen0064_theta_nd_0047.npy,gen0064_A_nd_0047.npy
64,48,50.3595,893.087,gen0064_theta_nd_0048.npy,gen0064_A_nd_0048.npy
64,49,58.0934,907.547,gen0064_theta_nd_0049.npy,gen0064_A_nd_0049.npy
64,50,55.2078,902.265,gen0064_theta_nd_0050.npy,gen0064_A_nd_0050.npy
64,51,54.3211,900.662,gen0064_theta_nd_0051.npy,gen0064_A_nd_0051.npy
64,52,49.357,891.25,gen0064_theta_nd_0052.npy,gen0064_A_nd_0052.npy
65,0,60.414,911.668,gen0065_theta_nd_0000.npy,gen0065_A_nd_0000.npy
65,1,58.1054,907.661,gen0065_theta_nd_0001.npy,gen0065_A_nd_0001.npy
65,2,61.9408,913.734,gen0065_theta_nd_0002.npy,gen0065_A_nd_0002.npy
65,3,59.5712,910.455,gen0065_theta_nd_0003.npy,gen0065_A_nd_0003.npy
65,4,54.4282,901.609,gen0065_theta_nd_0004.npy,gen0065_A_nd_0004.npy
65,5,51.8824,896.966,gen0065_theta_nd_0005.npy,gen0065_A_nd_0005.npy
65,6,59.2351,910.09,gen0065_theta_nd_0006.npy,gen0065_A_nd_0006.npy
65,7,61.1752,913.495,gen0065_theta_nd_0007.npy,gen0065_A_nd_0007.npy
65,8,50.4111,893.883,gen0065_theta_nd_0008.npy,gen0065_A_nd_0008.npy
65,9,51.1533,895.974,gen0065_theta_nd_0009.npy,gen0065_A_nd_0009.npy
65,10,61.1445,912.152,gen0065_theta_nd_0010.npy,gen0065_A_nd_0010.npy
65,11,57.7411,907.048,gen0065_theta_nd_0011.npy,gen0065_A_nd_0011.npy
65,12,48.4118,890.87,gen0065_theta_nd_0012.npy,gen0065_A_nd_0012.npy
65,13,59.5138,910.355,gen0065_theta_nd_0013.npy,gen0065_A_nd_0013.npy
65,14,60.2052,911.274,gen0065_theta_nd_0014.npy,gen0065_A_nd_0014.npy
65,15,57.0569,905.506,gen0065_theta_nd_0015.npy,gen0065_A_nd_0015.npy
65,16,54.8252,901.87,gen0065_theta_nd_0016.npy,gen0065_A_nd_0016.npy
65,17,47.9924,890.399,gen0065_theta_nd_0017.npy,gen0065_A_nd_0017.npy
65,18,58.8429,908.477,gen0065_theta_nd_0018.npy,gen0065_A_nd_0018.npy
65,19,51.3316,896.197,gen0065_theta_nd_0019.npy,gen0065_A_nd_0019.npy
65,20,56.9036,904.558,gen0065_theta_nd_0020.npy,gen0065_A_nd_0020.npy
65,21,60.1112,911.056,gen0065_theta_nd_0021.npy,gen0065_A_nd_0021.npy
65,22,54.2339,900.425,gen0065_theta_nd_0022.npy,gen0065_A_nd_0022.npy
65,23,47.6035,887.387,gen0065_theta_nd_0023.npy,gen0065_A_nd_0023.npy
65,24,55.8511,903.325,gen0065_theta_nd_0024.npy,gen0065_A_nd_0024.npy
65,25,61.9955,913.964,gen0065_theta_nd_0025.npy,gen0065_A_nd_0025.npy
65,26,59.1617,909.459,gen0065_theta_nd_0026.npy,gen0065_A_nd_0026.npy
65,27,59.9409,910.623,gen0065_theta_nd_0027.npy,gen0065_A_nd_0027.npy
65,28,49.9616,892.527,gen0065_theta_nd_0028.npy,gen0065_A_nd_0028.npy
65,29,52.0582,897.173,gen0065_theta_nd_0029.npy,gen0065_A_nd_0029.npy
65,30,54.3553,901.045,gen0065_theta_nd_0030.npy,gen0065_A_nd_0030.npy
65,31,54.6255,901.613,gen0065_theta_nd_0031.npy,gen0065_A_nd_0031.npy
65,32,58.9444,908.758,gen0065_theta_nd_0032.npy,gen0065_A_nd_0032.npy
65,33,53.5761,898.677,gen0065_theta_nd_0033.npy,gen0065_A_nd_0033.npy
65,34,58.0934,907.547,gen0065_theta_nd_0034.npy,gen0065_A_nd_0034.npy
65,35,55.2078,902.265,gen0065_theta_nd_0035.npy,gen0065_A_nd_0035.npy
65,36,54.3211,900.662,gen0065_theta_nd_0036.npy,gen0065_A_nd_0036.npy
65,37,49.357,891.25,gen0065_theta_nd_0037.npy,gen0065_A_nd_0037.npy
65,38,49.5485,891.375,gen0065_theta_nd_0038.npy,gen0065_A_nd_0038.npy
65,39,55.5997,903.268,gen0065_theta_nd_0039.npy,gen0065_A_nd_0039.npy
65,40,56.0003,903.553,gen0065_theta_nd_0040.npy,gen0065_A_nd_0040.npy
65,41,54.1608,899.538,gen0065_theta_nd_0041.npy,gen0065_A_nd_0041.npy
65,42,58.5821,908.383,gen0065_theta_nd_0042.npy,gen0065_A_nd_0042.npy
65,43,49.8692,892.054,gen0065_theta_nd_0043.npy,gen0065_A_nd_0043.npy
65,44,59.1676,909.839,gen0065_theta_nd_0044.npy,gen0065_A_nd_0044.npy
65,45,50.9733,894.161,gen0065_theta_nd_0045.npy,gen0065_A_nd_0045.npy
65,46,48.3697,890.492,gen0065_theta_nd_0046.npy,gen0065_A_nd_0046.npy
65,47,55.0485,902.064,gen0065_theta_nd_0047.npy,gen0065_A_nd_0047.npy
65,48,56.3496,903.69,gen0065_theta_nd_0048.npy,gen0065_A_nd_0048.npy
65,49,60.3748,911.536,gen0065_theta_nd_0049.npy,gen0065_A_nd_0049.npy
65,50,50.3725,892.539,gen0065_theta_nd_0050.npy,gen0065_A_nd_0050.npy
65,51,52.8838,898.079,gen0065_theta_nd_0051.npy,gen0065_A_nd_0051.npy
65,52,53.9787,899.521,gen0065_theta_nd_0052.npy,gen0065_A_nd_0052.npy
65,53,57.4809,905.749,gen0065_theta_nd_0053.npy,gen0065_A_nd_0053.npy
65,54,56.4624,904.378,gen0065_theta_nd_0054.npy,gen0065_A_nd_0054.npy
66,0,60.414,911.668,gen0066_theta_nd_0000.npy,gen0066_A_nd_0000.npy
66,1,58.1054,907.661,gen0066_theta_nd_0001.npy,gen0066_A_nd_0001.npy
66,2,51.8824,896.966,gen0066_theta_nd_0002.npy,gen0066_A_nd_0002.npy
66,3,51.1533,895.974,gen0066_theta_nd_0003.npy,gen0066_A_nd_0003.npy
66,4,61.1445,912.152,gen0066_theta_nd_0004.npy,gen0066_A_nd_0004.npy
66,5,57.7411,907.048,gen0066_theta_nd_0005.npy,gen0066_A_nd_0005.npy
66,6,60.2052,911.274,gen0066_theta_nd_0006.npy,gen0066_A_nd_0006.npy
66,7,57.0569,905.506,gen0066_theta_nd_0007.npy,gen0066_A_nd_0007.npy
66,8,54.8252,901.87,gen0066_theta_nd_0008.npy,gen0066_A_nd_0008.npy
66,9,56.9036,904.558,gen0066_theta_nd_0009.npy,gen0066_A_nd_0009.npy
66,10,54.2339,900.425,gen0066_theta_nd_0010.npy,gen0066_A_nd_0010.npy
66,11,47.6035,887.387,gen0066_theta_nd_0011.npy,gen0066_A_nd_0011.npy
66,12,55.8511,903.325,gen0066_theta_nd_0012.npy,gen0066_A_nd_0012.npy
66,13,59.1617,909.459,gen0066_theta_nd_0013.npy,gen0066_A_nd_0013.npy
66,14,52.0582,897.173,gen0066_theta_nd_0014.npy,gen0066_A_nd_0014.npy
66,15,54.3553,901.045,gen0066_theta_nd_0015.npy,gen0066_A_nd_0015.npy
66,16,53.5761,898.677,gen0066_theta_nd_0016.npy,gen0066_A_nd_0016.npy
66,17,58.0934,907.547,gen0066_theta_nd_0017.npy,gen0066_A_nd_0017.npy
66,18,55.2078,902.265,gen0066_theta_nd_0018.npy,gen0066_A_nd_0018.npy
66,19,54.3211,900.662,gen0066_theta_nd_0019.npy,gen0066_A_nd_0019.npy
66,20,49.357,891.25,gen0066_theta_nd_0020.npy,gen0066_A_nd_0020.npy
66,21,49.5485,891.375,gen0066_theta_nd_0021.npy,gen0066_A_nd_0021.npy
66,22,56.0003,903.553,gen0066_theta_nd_0022.npy,gen0066_A_nd_0022.npy
66,23,49.8692,892.054,gen0066_theta_nd_0023.npy,gen0066_A_nd_0023.npy
66,24,59.1676,909.839,gen0066_theta_nd_0024.npy,gen0066_A_nd_0024.npy
66,25,55.0485,902.064,gen0066_theta_nd_0025.npy,gen0066_A_nd_0025.npy
66,26,56.3496,903.69,gen0066_theta_nd_0026.npy,gen0066_A_nd_0026.npy
66,27,60.3748,911.536,gen0066_theta_nd_0027.npy,gen0066_A_nd_0027.npy
66,28,52.8838,898.079,gen0066_theta_nd_0028.npy,gen0066_A_nd_0028.npy
66,29,53.9787,899.521,gen0066_theta_nd_0029.npy,gen0066_A_nd_0029.npy
66,30,57.4809,905.749,gen0066_theta_nd_0030.npy,gen0066_A_nd_0030.npy
66,31,56.4624,904.378,gen0066_theta_nd_0031.npy,gen0066_A_nd_0031.npy
66,32,62.4777,913.706,gen0066_theta_nd_0032.npy,gen0066_A_nd_0032.npy
66,33,58.9879,908.664,gen0066_theta_nd_0033.npy,gen0066_A_nd_0033.npy
66,34,52.5834,897.346,gen0066_theta_nd_0034.npy,gen0066_A_nd_0034.npy
66,35,49.652,891.655,gen0066_theta_nd_0035.npy,gen0066_A_nd_0035.npy
66,36,61.628,912.947,gen0066_theta_nd_0036.npy,gen0066_A_nd_0036.npy
66,37,53.9485,898.759,gen0066_theta_nd_0037.npy,gen0066_A_nd_0037.npy
66,38,50.9864,893.893,gen0066_theta_nd_0038.npy,gen0066_A_nd_0038.npy
66,39,51.1283,895.031,gen0066_theta_nd_0039.npy,gen0066_A_nd_0039.npy
66,40,59.0464,909.232,gen0066_theta_nd_0040.npy,gen0066_A_nd_0040.npy
66,41,59.4377,909.955,gen0066_theta_nd_0041.npy,gen0066_A_nd_0041.npy
66,42,54.1656,899.532,gen0066_theta_nd_0042.npy,gen0066_A_nd_0042.npy
66,43,55.1987,902.108,gen0066_theta_nd_0043.npy,gen0066_A_nd_0043.npy
66,44,58.8495,908.36,gen0066_theta_nd_0044.npy,gen0066_A_nd_0044.npy
66,45,59.9759,910.243,gen0066_theta_nd_0045.npy,gen0066_A_nd_0045.npy
66,46,50.4787,892.522,gen0066_theta_nd_0046.npy,gen0066_A_nd_0046.npy
66,47,57.5905,907.026,gen0066_theta_nd_0047.npy,gen0066_A_nd_0047.npy
66,48,55.7786,902.97,gen0066_theta_nd_0048.npy,gen0066_A_nd_0048.npy
66,49,48.8808,888.363,gen0066_theta_nd_0049.npy,gen0066_A_nd_0049.npy
66,50,58.2727,907.735,gen0066_theta_nd_0050.npy,gen0066_A_nd_0050.npy
66,51,60.1731,911.051,gen0066_theta_nd_0051.npy,gen0066_A_nd_0051.npy
66,52,47.4512,886.427,gen0066_theta_nd_0052.npy,gen0066_A_nd_0052.npy
66,53,52.8267,897.853,gen0066_theta_nd_0053.npy,gen0066_A_nd_0053.npy
66,54,51.6305,895.995,gen0066_theta_nd_0054.npy,gen0066_A_nd_0054.npy
66,55,54.7727,901.109,gen0066_theta_nd_0055.npy,gen0066_A_nd_0055.npy
67,0,58.1054,907.661,gen0067_theta_nd_0000.npy,gen0067_A_nd_0000.npy
67,1,61.1445,912.152,gen0067_theta_nd_0001.npy,gen0067_A_nd_0001.npy
67,2,57.7411,907.048,gen0067_theta_nd_0002.npy,gen0067_A_nd_0002.npy
67,3,57.0569,905.506,gen0067_theta_nd_0003.npy,gen0067_A_nd_0003.npy
67,4,47.6035,887.387,gen0067_theta_nd_0004.npy,gen0067_A_nd_0004.npy
67,5,55.8511,903.325,gen0067_theta_nd_0005.npy,gen0067_A_nd_0005.npy
67,6,59.1617,909.459,gen0067_theta_nd_0006.npy,gen0067_A_nd_0006.npy
67,7,58.0934,907.547,gen0067_theta_nd_0007.npy,gen0067_A_nd_0007.npy
67,8,55.2078,902.265,gen0067_theta_nd_0008.npy,gen0067_A_nd_0008.npy
67,9,49.357,891.25,gen0067_theta_nd_0009.npy,gen0067_A_nd_0009.npy
67,10,49.5485,891.375,gen0067_theta_nd_0010.npy,gen0067_A_nd_0010.npy
67,11,56.0003,903.553,gen0067_theta_nd_0011.npy,gen0067_A_nd_0011.npy
67,12,59.1676,909.839,gen0067_theta_nd_0012.npy,gen0067_A_nd_0012.npy
67,13,56.3496,903.69,gen0067_theta_nd_0013.npy,gen0067_A_nd_0013.npy
67,14,52.8838,898.079,gen0067_theta_nd_0014.npy,gen0067_A_nd_0014.npy
67,15,57.4809,905.749,gen0067_theta_nd_0015.npy,gen0067_A_nd_0015.npy
67,16,62.4777,913.706,gen0067_theta_nd_0016.npy,gen0067_A_nd_0016.npy
67,17,58.9879,908.664,gen0067_theta_nd_0017.npy,gen0067_A_nd_0017.npy
67,18,52.5834,897.346,gen0067_theta_nd_0018.npy,gen0067_A_nd_0018.npy
67,19,61.628,912.947,gen0067_theta_nd_0019.npy,gen0067_A_nd_0019.npy
67,20,53.9485,898.759,gen0067_theta_nd_0020.npy,gen0067_A_nd_0020.npy
67,21,50.9864,893.893,gen0067_theta_nd_0021.npy,gen0067_A_nd_0021.npy
67,22,59.0464,909.232,gen0067_theta_nd_0022.npy,gen0067_A_nd_0022.npy
67,23,59.4377,909.955,gen0067_theta_nd_0023.npy,gen0067_A_nd_0023.npy
67,24,54.1656,899.532,gen0067_theta_nd_0024.npy,gen0067_A_nd_0024.npy
67,25,55.1987,902.108,gen0067_theta_nd_0025.npy,gen0067_A_nd_0025.npy
67,26,58.8495,908.36,gen0067_theta_nd_0026.npy,gen0067_A_nd_0026.npy
67,27,59.9759,910.243,gen0067_theta_nd_0027.npy,gen0067_A_nd_0027.npy
67,28,50.4787,892.522,gen0067_theta_nd_0028.npy,gen0067_A_nd_0028.npy
67,29,55.7786,902.97,gen0067_theta_nd_0029.npy,gen0067_A_nd_0029.npy
67,30,48.8808,888.363,gen0067_theta_nd_0030.npy,gen0067_A_nd_0030.npy
67,31,58.2727,907.735,gen0067_theta_nd_0031.npy,gen0067_A_nd_0031.npy
67,32,47.4512,886.427,gen0067_theta_nd_0032.npy,gen0067_A_nd_0032.npy
67,33,52.8267,897.853,gen0067_theta_nd_0033.npy,gen0067_A_nd_0033.npy
67,34,51.6305,895.995,gen0067_theta_nd_0034.npy,gen0067_A_nd_0034.npy
67,35,54.89,900.828,gen0067_theta_nd_0035.npy,gen0067_A_nd_0035.npy
67,36,53.7683,898.375,gen0067_theta_nd_0036.npy,gen0067_A_nd_0036.npy
67,37,52.2906,896.781,gen0067_theta_nd_0037.npy,gen0067_A_nd_0037.npy
67,38,59.777,910.143,gen0067_theta_nd_0038.npy,gen0067_A_nd_0038.npy
67,39,54.1556,899.482,gen0067_theta_nd_0039.npy,gen0067_A_nd_0039.npy
67,40,61.2387,912.303,gen0067_theta_nd_0040.npy,gen0067_A_nd_0040.npy
67,41,60.2919,910.738,gen0067_theta_nd_0041.npy,gen0067_A_nd_0041.npy
67,42,54.4453,900.149,gen0067_theta_nd_0042.npy,gen0067_A_nd_0042.npy
67,43,50.2727,891.501,gen0067_theta_nd_0043.npy,gen0067_A_nd_0043.npy
67,44,58.0228,907.238,gen0067_theta_nd_0044.npy,gen0067_A_nd_0044.npy
67,45,47.1404,885.663,gen0067_theta_nd_0045.npy,gen0067_A_nd_0045.npy
67,46,57.6467,906.057,gen0067_theta_nd_0046.npy,gen0067_A_nd_0046.npy
67,47,55.1009,901.115,gen0067_theta_nd_0047.npy,gen0067_A_nd_0047.npy
67,48,54.5124,900.57,gen0067_theta_nd_0048.npy,gen0067_A_nd_0048.npy
67,49,61.9431,912.974,gen0067_theta_nd_0049.npy,gen0067_A_nd_0049.npy
67,50,56.915,904.375,gen0067_theta_nd_0050.npy,gen0067_A_nd_0050.npy
67,51,58.7464,907.965,gen0067_theta_nd_0051.npy,gen0067_A_nd_0051.npy
67,52,60.4927,911.365,gen0067_theta_nd_0052.npy,gen0067_A_nd_0052.npy
67,53,51.2316,894.663,gen0067_theta_nd_0053.npy,gen0067_A_nd_0053.npy
68,0,48.7371,888.089,gen0068_theta_nd_0000.npy,gen0068_A_nd_0000.npy
68,1,57.4809,905.749,gen0068_theta_nd_0001.npy,gen0068_A_nd_0001.npy
68,2,53.7683,898.375,gen0068_theta_nd_0002.npy,gen0068_A_nd_0002.npy
68,3,61.1445,912.152,gen0068_theta_nd_0003.npy,gen0068_A_nd_0003.npy
68,4,59.9719,909.816,gen0068_theta_nd_0004.npy,gen0068_A_nd_0004.npy
68,5,56.915,904.375,gen0068_theta_nd_0005.npy,gen0068_A_nd_0005.npy
68,6,62.4777,913.706,gen0068_theta_nd_0006.npy,gen0068_A_nd_0006.npy
68,7,47.4512,886.427,gen0068_theta_nd_0007.npy,gen0068_A_nd_0007.npy
68,8,59.2506,909.666,gen0068_theta_nd_0008.npy,gen0068_A_nd_0008.npy
68,9,60.8469,911.326,gen0068_theta_nd_0009.npy,gen0068_A_nd_0009.npy
68,10,56.3699,903.661,gen0068_theta_nd_0010.npy,gen0068_A_nd_0010.npy
68,11,52.2906,896.781,gen0068_theta_nd_0011.npy,gen0068_A_nd_0011.npy
68,12,57.1666,905.32,gen0068_theta_nd_0012.npy,gen0068_A_nd_0012.npy
68,13,52.8267,897.853,gen0068_theta_nd_0013.npy,gen0068_A_nd_0013.npy
68,14,56.2243,903.36,gen0068_theta_nd_0014.npy,gen0068_A_nd_0014.npy
68,15,58.1054,907.661,gen0068_theta_nd_0015.npy,gen0068_A_nd_0015.npy
68,16,58.2727,907.735,gen0068_theta_nd_0016.npy,gen0068_A_nd_0016.npy
68,17,58.9879,908.664,gen0068_theta_nd_0017.npy,gen0068_A_nd_0017.npy
68,18,55.1009,901.115,gen0068_theta_nd_0018.npy,gen0068_A_nd_0018.npy
68,19,47.1404,885.663,gen0068_theta_nd_0019.npy,gen0068_A_nd_0019.npy
68,20,57.6467,906.057,gen0068_theta_nd_0020.npy,gen0068_A_nd_0020.npy
68,21,55.1987,902.108,gen0068_theta_nd_0021.npy,gen0068_A_nd_0021.npy
68,22,61.9431,912.974,gen0068_theta_nd_0022.npy,gen0068_A_nd_0022.npy
68,23,49.357,891.25,gen0068_theta_nd_0023.npy,gen0068_A_nd_0023.npy
68,24,55.9556,902.68,gen0068_theta_nd_0024.npy,gen0068_A_nd_0024.npy
68,25,51.3789,895.15,gen0068_theta_nd_0025.npy,gen0068_A_nd_0025.npy
68,26,61.3966,912.889,gen0068_theta_nd_0026.npy,gen0068_A_nd_0026.npy
68,27,58.7464,907.965,gen0068_theta_nd_0027.npy,gen0068_A_nd_0027.npy
68,28,48.8944,890.694,gen0068_theta_nd_0028.npy,gen0068_A_nd_0028.npy
68,29,54.51,899.984,gen0068_theta_nd_0029.npy,gen0068_A_nd_0029.npy
68,30,55.4288,902.613,gen0068_theta_nd_0030.npy,gen0068_A_nd_0030.npy
68,31,48.1833,887.566,gen0068_theta_nd_0031.npy,gen0068_A_nd_0031.npy
68,32,62.1083,913.188,gen0068_theta_nd_0032.npy,gen0068_A_nd_0032.npy
68,33,52.5834,897.346,gen0068_theta_nd_0033.npy,gen0068_A_nd_0033.npy
68,34,51.6733,895.446,gen0068_theta_nd_0034.npy,gen0068_A_nd_0034.npy
68,35,48.8808,888.363,gen0068_theta_nd_0035.npy,gen0068_A_nd_0035.npy
68,36,53.6373,897.889,gen0068_theta_nd_0036.npy,gen0068_A_nd_0036.npy
68,37,49.5485,891.375,gen0068_theta_nd_0037.npy,gen0068_A_nd_0037.npy
68,38,54.1656,899.532,gen0068_theta_nd_0038.npy,gen0068_A_nd_0038.npy
68,39,55.0373,900.444,gen0068_theta_nd_0039.npy,gen0068_A_nd_0039.npy
68,40,50.4787,892.522,gen0068_theta_nd_0040.npy,gen0068_A_nd_0040.npy
68,41,51.2316,894.663,gen0068_theta_nd_0041.npy,gen0068_A_nd_0041.npy
68,42,57.7411,907.048,gen0068_theta_nd_0042.npy,gen0068_A_nd_0042.npy
68,43,60.2919,910.738,gen0068_theta_nd_0043.npy,gen0068_A_nd_0043.npy
68,44,61.628,912.947,gen0068_theta_nd_0044.npy,gen0068_A_nd_0044.npy
68,45,60.0378,910.117,gen0068_theta_nd_0045.npy,gen0068_A_nd_0045.npy
68,46,51.0883,893.385,gen0068_theta_nd_0046.npy,gen0068_A_nd_0046.npy
68,47,59.1617,909.459,gen0068_theta_nd_0047.npy,gen0068_A_nd_0047.npy
68,48,61.2387,912.303,gen0068_theta_nd_0048.npy,gen0068_A_nd_0048.npy
68,49,55.4036,902.425,gen0068_theta_nd_0049.npy,gen0068_A_nd_0049.npy
68,50,51.6653,895.428,gen0068_theta_nd_0050.npy,gen0068_A_nd_0050.npy
68,51,58.0228,907.238,gen0068_theta_nd_0051.npy,gen0068_A_nd_0051.npy
68,52,53.9485,898.759,gen0068_theta_nd_0052.npy,gen0068_A_nd_0052.npy
68,53,51.2723,894.711,gen0068_theta_nd_0053.npy,gen0068_A_nd_0053.npy
68,54,50.2727,891.501,gen0068_theta_nd_0054.npy,gen0068_A_nd_0054.npy
68,55,47.6035,887.387,gen0068_theta_nd_0055.npy,gen0068_A_nd_0055.npy
68,56,55.2078,902.265,gen0068_theta_nd_0056.npy,gen0068_A_nd_0056.npy
68,57,58.8631,908.278,gen0068_theta_nd_0057.npy,gen0068_A_nd_0057.npy
68,58,59.0464,909.232,gen0068_theta_nd_0058.npy,gen0068_A_nd_0058.npy
68,59,54.1556,899.482,gen0068_theta_nd_0059.npy,gen0068_A_nd_0059.npy
68,60,58.0934,907.547,gen0068_theta_nd_0060.npy,gen0068_A_nd_0060.npy
69,0,47.6035,887.387,gen0069_theta_nd_0000.npy,gen0069_A_nd_0000.npy
69,1,50.2727,891.501,gen0069_theta_nd_0001.npy,gen0069_A_nd_0001.npy
69,2,55.9556,902.68,gen0069_theta_nd_0002.npy,gen0069_A_nd_0002.npy
69,3,60.1172,910.201,gen0069_theta_nd_0003.npy,gen0069_A_nd_0003.npy
69,4,57.1666,905.32,gen0069_theta_nd_0004.npy,gen0069_A_nd_0004.npy
69,5,60.2919,910.738,gen0069_theta_nd_0005.npy,gen0069_A_nd_0005.npy
69,6,48.8808,888.363,gen0069_theta_nd_0006.npy,gen0069_A_nd_0006.npy
69,7,59.9719,909.816,gen0069_theta_nd_0007.npy,gen0069_A_nd_0007.npy
69,8,57.7603,907.159,gen0069_theta_nd_0008.npy,gen0069_A_nd_0008.npy
69,9,54.1656,899.532,gen0069_theta_nd_0009.npy,gen0069_A_nd_0009.npy
69,10,53.6373,897.889,gen0069_theta_nd_0010.npy,gen0069_A_nd_0010.npy
69,11,51.5631,894.481,gen0069_theta_nd_0011.npy,gen0069_A_nd_0011.npy
69,12,62.1083,913.188,gen0069_theta_nd_0012.npy,gen0069_A_nd_0012.npy
69,13,56.3699,903.661,gen0069_theta_nd_0013.npy,gen0069_A_nd_0013.npy
69,14,47.0827,885.534,gen0069_theta_nd_0014.npy,gen0069_A_nd_0014.npy
69,15,58.3832,907.62,gen0069_theta_nd_0015.npy,gen0069_A_nd_0015.npy
69,16,61.9431,912.974,gen0069_theta_nd_0016.npy,gen0069_A_nd_0016.npy
69,17,53.9485,898.759,gen0069_theta_nd_0017.npy,gen0069_A_nd_0017.npy
69,18,54.51,899.984,gen0069_theta_nd_0018.npy,gen0069_A_nd_0018.npy
69,19,47.4512,886.427,gen0069_theta_nd_0019.npy,gen0069_A_nd_0019.npy
69,20,59.5387,908.902,gen0069_theta_nd_0020.npy,gen0069_A_nd_0020.npy
69,21,48.9067,888.738,gen0069_theta_nd_0021.npy,gen0069_A_nd_0021.npy
69,22,52.5834,897.346,gen0069_theta_nd_0022.npy,gen0069_A_nd_0022.npy
69,23,55.6413,901.821,gen0069_theta_nd_0023.npy,gen0069_A_nd_0023.npy
69,24,51.0883,893.385,gen0069_theta_nd_0024.npy,gen0069_A_nd_0024.npy
69,25,56.7715,904.045,gen0069_theta_nd_0025.npy,gen0069_A_nd_0025.npy
69,26,57.4809,905.749,gen0069_theta_nd_0026.npy,gen0069_A_nd_0026.npy
69,27,58.9879,908.664,gen0069_theta_nd_0027.npy,gen0069_A_nd_0027.npy
69,28,55.0373,900.444,gen0069_theta_nd_0028.npy,gen0069_A_nd_0028.npy
69,29,52.4759,896.818,gen0069_theta_nd_0029.npy,gen0069_A_nd_0029.npy
69,30,52.0459,896.246,gen0069_theta_nd_0030.npy,gen0069_A_nd_0030.npy
69,31,60.8469,911.326,gen0069_theta_nd_0031.npy,gen0069_A_nd_0031.npy
69,32,62.4777,913.706,gen0069_theta_nd_0032.npy,gen0069_A_nd_0032.npy
69,33,56.915,904.375,gen0069_theta_nd_0033.npy,gen0069_A_nd_0033.npy
69,34,49.6912,890.75,gen0069_theta_nd_0034.npy,gen0069_A_nd_0034.npy
69,35,51.7475,896.046,gen0069_theta_nd_0035.npy,gen0069_A_nd_0035.npy
69,36,55.1009,901.115,gen0069_theta_nd_0036.npy,gen0069_A_nd_0036.npy
69,37,58.0934,907.547,gen0069_theta_nd_0037.npy,gen0069_A_nd_0037.npy
69,38,52.8267,897.853,gen0069_theta_nd_0038.npy,gen0069_A_nd_0038.npy
69,39,50.3598,892.259,gen0069_theta_nd_0039.npy,gen0069_A_nd_0039.npy
69,40,47.2086,885.973,gen0069_theta_nd_0040.npy,gen0069_A_nd_0040.npy
69,41,57.6467,906.057,gen0069_theta_nd_0041.npy,gen0069_A_nd_0041.npy
69,42,60.6413,911.208,gen0069_theta_nd_0042.npy,gen0069_A_nd_0042.npy
69,43,53.8023,898.182,gen0069_theta_nd_0043.npy,gen0069_A_nd_0043.npy
69,44,51.6653,895.428,gen0069_theta_nd_0044.npy,gen0069_A_nd_0044.npy
69,45,58.7464,907.965,gen0069_theta_nd_0045.npy,gen0069_A_nd_0045.npy
69,46,58.8631,908.278,gen0069_theta_nd_0046.npy,gen0069_A_nd_0046.npy
69,47,50.8931,892.946,gen0069_theta_nd_0047.npy,gen0069_A_nd_0047.npy
69,48,52.2906,896.781,gen0069_theta_nd_0048.npy,gen0069_A_nd_0048.npy
69,49,51.6733,895.446,gen0069_theta_nd_0049.npy,gen0069_A_nd_0049.npy
69,50,55.7082,901.924,gen0069_theta_nd_0050.npy,gen0069_A_nd_0050.npy
69,51,57.7411,907.048,gen0069_theta_nd_0051.npy,gen0069_A_nd_0051.npy
69,52,60.4589,910.885,gen0069_theta_nd_0052.npy,gen0069_A_nd_0052.npy
69,53,56.2243,903.36,gen0069_theta_nd_0053.npy,gen0069_A_nd_0053.npy
69,54,58.5659,907.775,gen0069_theta_nd_0054.npy,gen0069_A_nd_0054.npy
69,55,60.0378,910.117,gen0069_theta_nd_0055.npy,gen0069_A_nd_0055.npy
69,56,54.1556,899.482,gen0069_theta_nd_0056.npy,gen0069_A_nd_0056.npy
69,57,59.7022,909.162,gen0069_theta_nd_0057.npy,gen0069_A_nd_0057.npy
69,58,54.6322,900.195,gen0069_theta_nd_0058.npy,gen0069_A_nd_0058.npy
69,59,47.1404,885.663,gen0069_theta_nd_0059.npy,gen0069_A_nd_0059.npy
69,60,50.4411,892.361,gen0069_theta_nd_0060.npy,gen0069_A_nd_0060.npy
70,0,52.0737,894.782,gen0070_theta_nd_0000.npy,gen0070_A_nd_0000.npy
70,1,57.7411,907.048,gen0070_theta_nd_0001.npy,gen0070_A_nd_0001.npy
70,2,59.7348,909.495,gen0070_theta_nd_0002.npy,gen0070_A_nd_0002.npy
70,3,51.3669,894.295,gen0070_theta_nd_0003.npy,gen0070_A_nd_0003.npy
70,4,55.0373,900.444,gen0070_theta_nd_0004.npy,gen0070_A_nd_0004.npy
70,5,49.117,889.729,gen0070_theta_nd_0005.npy,gen0070_A_nd_0005.npy
70,6,53.8023,898.182,gen0070_theta_nd_0006.npy,gen0070_A_nd_0006.npy
70,7,47.2086,885.973,gen0070_theta_nd_0007.npy,gen0070_A_nd_0007.npy
70,8,54.51,899.984,gen0070_theta_nd_0008.npy,gen0070_A_nd_0008.npy
70,9,56.6503,903.191,gen0070_theta_nd_0009.npy,gen0070_A_nd_0009.npy
70,10,51.1084,893.115,gen0070_theta_nd_0010.npy,gen0070_A_nd_0010.npy
70,11,47.4512,886.427,gen0070_theta_nd_0011.npy,gen0070_A_nd_0011.npy
70,12,48.0893,887.394,gen0070_theta_nd_0012.npy,gen0070_A_nd_0012.npy
70,13,48.9067,888.738,gen0070_theta_nd_0013.npy,gen0070_A_nd_0013.npy
70,14,52.5834,897.346,gen0070_theta_nd_0014.npy,gen0070_A_nd_0014.npy
70,15,52.4759,896.818,gen0070_theta_nd_0015.npy,gen0070_A_nd_0015.npy
70,16,60.2919,910.738,gen0070_theta_nd_0016.npy,gen0070_A_nd_0016.npy
70,17,55.1009,901.115,gen0070_theta_nd_0017.npy,gen0070_A_nd_0017.npy
70,18,55.4444,901.42,gen0070_theta_nd_0018.npy,gen0070_A_nd_0018.npy
70,19,48.8808,888.363,gen0070_theta_nd_0019.npy,gen0070_A_nd_0019.npy
70,20,52.218,896.625,gen0070_theta_nd_0020.npy,gen0070_A_nd_0020.npy
70,21,59.1296,907.812,gen0070_theta_nd_0021.npy,gen0070_A_nd_0021.npy
70,22,50.2727,891.501,gen0070_theta_nd_0022.npy,gen0070_A_nd_0022.npy
70,23,51.5631,894.481,gen0070_theta_nd_0023.npy,gen0070_A_nd_0023.npy
70,24,55.6413,901.821,gen0070_theta_nd_0024.npy,gen0070_A_nd_0024.npy
70,25,55.9556,902.68,gen0070_theta_nd_0025.npy,gen0070_A_nd_0025.npy
70,26,62.1083,913.188,gen0070_theta_nd_0026.npy,gen0070_A_nd_0026.npy
70,27,57.4611,905.221,gen0070_theta_nd_0027.npy,gen0070_A_nd_0027.npy
70,28,58.9777,907.211,gen0070_theta_nd_0028.npy,gen0070_A_nd_0028.npy
70,29,57.1644,904.73,gen0070_theta_nd_0029.npy,gen0070_A_nd_0029.npy
70,30,52.1155,895.773,gen0070_theta_nd_0030.npy,gen0070_A_nd_0030.npy
70,31,50.3598,892.259,gen0070_theta_nd_0031.npy,gen0070_A_nd_0031.npy
70,32,53.9485,898.759,gen0070_theta_nd_0032.npy,gen0070_A_nd_0032.npy
70,33,59.5387,908.902,gen0070_theta_nd_0033.npy,gen0070_A_nd_0033.npy
70,34,54.1656,899.532,gen0070_theta_nd_0034.npy,gen0070_A_nd_0034.npy
70,35,62.4777,913.706,gen0070_theta_nd_0035.npy,gen0070_A_nd_0035.npy
70,36,60.1172,910.201,gen0070_theta_nd_0036.npy,gen0070_A_nd_0036.npy
70,37,61.9431,912.974,gen0070_theta_nd_0037.npy,gen0070_A_nd_0037.npy
70,38,61.2743,911.07,gen0070_theta_nd_0038.npy,gen0070_A_nd_0038.npy
70,39,58.1071,907.14,gen0070_theta_nd_0039.npy,gen0070_A_nd_0039.npy
70,40,47.0827,885.534,gen0070_theta_nd_0040.npy,gen0070_A_nd_0040.npy
70,41,56.915,904.375,gen0070_theta_nd_0041.npy,gen0070_A_nd_0041.npy
70,42,48.4629,887.99,gen0070_theta_nd_0042.npy,gen0070_A_nd_0042.npy
70,43,53.401,897.715,gen0070_theta_nd_0043.npy,gen0070_A_nd_0043.npy
70,44,53.6373,897.889,gen0070_theta_nd_0044.npy,gen0070_A_nd_0044.npy
70,45,56.7715,904.045,gen0070_theta_nd_0045.npy,gen0070_A_nd_0045.npy
70,46,49.6912,890.75,gen0070_theta_nd_0046.npy,gen0070_A_nd_0046.npy
70,47,57.6467,906.057,gen0070_theta_nd_0047.npy,gen0070_A_nd_0047.npy
70,48,50.2873,892.161,gen0070_theta_nd_0048.npy,gen0070_A_nd_0048.npy
70,49,52.2029,895.866,gen0070_theta_nd_0049.npy,gen0070_A_nd_0049.npy
70,50,55.145,901.151,gen0070_theta_nd_0050.npy,gen0070_A_nd_0050.npy
70,51,59.9719,909.816,gen0070_theta_nd_0051.npy,gen0070_A_nd_0051.npy
70,52,55.2918,901.251,gen0070_theta_nd_0052.npy,gen0070_A_nd_0052.npy
70,53,50.8931,892.946,gen0070_theta_nd_0053.npy,gen0070_A_nd_0053.npy
70,54,52.2906,896.781,gen0070_theta_nd_0054.npy,gen0070_A_nd_0054.npy
70,55,50.0253,890.814,gen0070_theta_nd_0055.npy,gen0070_A_nd_0055.npy
70,56,60.4589,910.885,gen0070_theta_nd_0056.npy,gen0070_A_nd_0056.npy
70,57,55.7082,901.924,gen0070_theta_nd_0057.npy,gen0070_A_nd_0057.npy
70,58,54.1556,899.482,gen0070_theta_nd_0058.npy,gen0070_A_nd_0058.npy
70,59,54.6322,900.195,gen0070_theta_nd_0059.npy,gen0070_A_nd_0059.npy
70,60,54.7369,900.218,gen0070_theta_nd_0060.npy,gen0070_A_nd_0060.npy
71,0,52.0737,894.782,gen0071_theta_nd_0000.npy,gen0071_A_nd_0000.npy
71,1,59.7348,909.495,gen0071_theta_nd_0001.npy,gen0071_A_nd_0001.npy
71,2,51.3669,894.295,gen0071_theta_nd_0002.npy,gen0071_A_nd_0002.npy
71,3,55.0373,900.444,gen0071_theta_nd_0003.npy,gen0071_A_nd_0003.npy
71,4,49.117,889.729,gen0071_theta_nd_0004.npy,gen0071_A_nd_0004.npy
71,5,54.51,899.984,gen0071_theta_nd_0005.npy,gen0071_A_nd_0005.npy
71,6,56.6503,903.191,gen0071_theta_nd_0006.npy,gen0071_A_nd_0006.npy
71,7,51.1084,893.115,gen0071_theta_nd_0007.npy,gen0071_A_nd_0007.npy
71,8,47.4512,886.427,gen0071_theta_nd_0008.npy,gen0071_A_nd_0008.npy
71,9,48.0893,887.394,gen0071_theta_nd_0009.npy,gen0071_A_nd_0009.npy
71,10,48.9067,888.738,gen0071_theta_nd_0010.npy,gen0071_A_nd_0010.npy
71,11,52.5834,897.346,gen0071_theta_nd_0011.npy,gen0071_A_nd_0011.npy
71,12,60.2919,910.738,gen0071_theta_nd_0012.npy,gen0071_A_nd_0012.npy
71,13,48.8808,888.363,gen0071_theta_nd_0013.npy,gen0071_A_nd_0013.npy
71,14,59.1296,907.812,gen0071_theta_nd_0014.npy,gen0071_A_nd_0014.npy
71,15,50.2727,891.501,gen0071_theta_nd_0015.npy,gen0071_A_nd_0015.npy
71,16,51.5631,894.481,gen0071_theta_nd_0016.npy,gen0071_A_nd_0016.npy
71,17,55.6413,901.821,gen0071_theta_nd_0017.npy,gen0071_A_nd_0017.npy
71,18,55.9556,902.68,gen0071_theta_nd_0018.npy,gen0071_A_nd_0018.npy
71,19,62.1083,913.188,gen0071_theta_nd_0019.npy,gen0071_A_nd_0019.npy
71,20,57.4611,905.221,gen0071_theta_nd_0020.npy,gen0071_A_nd_0020.npy
71,21,58.9777,907.211,gen0071_theta_nd_0021.npy,gen0071_A_nd_0021.npy
71,22,59.5387,908.902,gen0071_theta_nd_0022.npy,gen0071_A_nd_0022.npy
71,23,62.4777,913.706,gen0071_theta_nd_0023.npy,gen0071_A_nd_0023.npy
71,24,61.9431,912.974,gen0071_theta_nd_0024.npy,gen0071_A_nd_0024.npy
71,25,61.2743,911.07,gen0071_theta_nd_0025.npy,gen0071_A_nd_0025.npy
71,26,47.0827,885.534,gen0071_theta_nd_0026.npy,gen0071_A_nd_0026.npy
71,27,56.915,904.375,gen0071_theta_nd_0027.npy,gen0071_A_nd_0027.npy
71,28,48.4629,887.99,gen0071_theta_nd_0028.npy,gen0071_A_nd_0028.npy
71,29,53.401,897.715,gen0071_theta_nd_0029.npy,gen0071_A_nd_0029.npy
71,30,53.6373,897.889,gen0071_theta_nd_0030.npy,gen0071_A_nd_0030.npy
71,31,56.7715,904.045,gen0071_theta_nd_0031.npy,gen0071_A_nd_0031.npy
71,32,57.6467,906.057,gen0071_theta_nd_0032.npy,gen0071_A_nd_0032.npy
71,33,50.2873,892.161,gen0071_theta_nd_0033.npy,gen0071_A_nd_0033.npy
71,34,50.8931,892.946,gen0071_theta_nd_0034.npy,gen0071_A_nd_0034.npy
71,35,50.0253,890.814,gen0071_theta_nd_0035.npy,gen0071_A_nd_0035.npy
71,36,60.4589,910.885,gen0071_theta_nd_0036.npy,gen0071_A_nd_0036.npy
71,37,55.7082,901.924,gen0071_theta_nd_0037.npy,gen0071_A_nd_0037.npy
71,38,47.4429,885.679,gen0071_theta_nd_0038.npy,gen0071_A_nd_0038.npy
71,39,55.5332,900.985,gen0071_theta_nd_0039.npy,gen0071_A_nd_0039.npy
71,40,49.7061,890.571,gen0071_theta_nd_0040.npy,gen0071_A_nd_0040.npy
71,41,58.9275,906.953,gen0071_theta_nd_0041.npy,gen0071_A_nd_0041.npy
71,42,54.7877,900.078,gen0071_theta_nd_0042.npy,gen0071_A_nd_0042.npy
71,43,49.5156,890.493,gen0071_theta_nd_0043.npy,gen0071_A_nd_0043.npy
71,44,58.8834,906.707,gen0071_theta_nd_0044.npy,gen0071_A_nd_0044.npy
71,45,54.1134,898.155,gen0071_theta_nd_0045.npy,gen0071_A_nd_0045.npy
71,46,58.921,906.82,gen0071_theta_nd_0046.npy,gen0071_A_nd_0046.npy
71,47,60.2136,909.723,gen0071_theta_nd_0047.npy,gen0071_A_nd_0047.npy
71,48,49.4469,890.18,gen0071_theta_nd_0048.npy,gen0071_A_nd_0048.npy
71,49,54.7934,900.155,gen0071_theta_nd_0049.npy,gen0071_A_nd_0049.npy
71,50,54.4858,899.394,gen0071_theta_nd_0050.npy,gen0071_A_nd_0050.npy
71,51,49.4117,890.014,gen0071_theta_nd_0051.npy,gen0071_A_nd_0051.npy
71,52,50.5357,892.215,gen0071_theta_nd_0052.npy,gen0071_A_nd_0052.npy
71,53,52.5401,895.765,gen0071_theta_nd_0053.npy,gen0071_A_nd_0053.npy
71,54,61.2981,911.107,gen0071_theta_nd_0054.npy,gen0071_A_nd_0054.npy
71,55,55.7508,902.136,gen0071_theta_nd_0055.npy,gen0071_A_nd_0055.npy
71,56,57.2313,904.651,gen0071_theta_nd_0056.npy,gen0071_A_nd_0056.npy
71,57,59.1637,908.307,gen0071_theta_nd_0057.npy,gen0071_A_nd_0057.npy
72,0,52.0737,894.782,gen0072_theta_nd_0000.npy,gen0072_A_nd_0000.npy
72,1,59.7348,909.495,gen0072_theta_nd_0001.npy,gen0072_A_nd_0001.npy
72,2,55.0373,900.444,gen0072_theta_nd_0002.npy,gen0072_A_nd_0002.npy
72,3,56.6503,903.191,gen0072_theta_nd_0003.npy,gen0072_A_nd_0003.npy
72,4,47.4512,886.427,gen0072_theta_nd_0004.npy,gen0072_A_nd_0004.npy
72,5,48.0893,887.394,gen0072_theta_nd_0005.npy,gen0072_A_nd_0005.npy
72,6,48.9067,888.738,gen0072_theta_nd_0006.npy,gen0072_A_nd_0006.npy
72,7,52.5834,897.346,gen0072_theta_nd_0007.npy,gen0072_A_nd_0007.npy
72,8,48.8808,888.363,gen0072_theta_nd_0008.npy,gen0072_A_nd_0008.npy
72,9,59.1296,907.812,gen0072_theta_nd_0009.npy,gen0072_A_nd_0009.npy
72,10,55.6413,901.821,gen0072_theta_nd_0010.npy,gen0072_A_nd_0010.npy
72,11,55.9556,902.68,gen0072_theta_nd_0011.npy,gen0072_A_nd_0011.npy
72,12,62.1083,913.188,gen0072_theta_nd_0012.npy,gen0072_A_nd_0012.npy
72,13,58.9777,907.211,gen0072_theta_nd_0013.npy,gen0072_A_nd_0013.npy
72,14,62.4777,913.706,gen0072_theta_nd_0014.npy,gen0072_A_nd_0014.npy
72,15,61.9431,912.974,gen0072_theta_nd_0015.npy,gen0072_A_nd_0015.npy
72,16,61.2743,911.07,gen0072_theta_nd_0016.npy,gen0072_A_nd_0016.npy
72,17,47.0827,885.534,gen0072_theta_nd_0017.npy,gen0072_A_nd_0017.npy
72,18,48.4629,887.99,gen0072_theta_nd_0018.npy,gen0072_A_nd_0018.npy
72,19,56.7715,904.045,gen0072_theta_nd_0019.npy,gen0072_A_nd_0019.npy
72,20,50.2873,892.161,gen0072_theta_nd_0020.npy,gen0072_A_nd_0020.npy
72,21,50.0253,890.814,gen0072_theta_nd_0021.npy,gen0072_A_nd_0021.npy
72,22,55.7082,901.924,gen0072_theta_nd_0022.npy,gen0072_A_nd_0022.npy
72,23,47.4429,885.679,gen0072_theta_nd_0023.npy,gen0072_A_nd_0023.npy
72,24,55.5332,900.985,gen0072_theta_nd_0024.npy,gen0072_A_nd_0024.npy
72,25,58.9275,906.953,gen0072_theta_nd_0025.npy,gen0072_A_nd_0025.npy
72,26,58.8834,906.707,gen0072_theta_nd_0026.npy,gen0072_A_nd_0026.npy
72,27,54.1134,898.155,gen0072_theta_nd_0027.npy,gen0072_A_nd_0027.npy
72,28,58.921,906.82,gen0072_theta_nd_0028.npy,gen0072_A_nd_0028.npy
72,29,60.2136,909.723,gen0072_theta_nd_0029.npy,gen0072_A_nd_0029.npy
72,30,50.5357,892.215,gen0072_theta_nd_0030.npy,gen0072_A_nd_0030.npy
72,31,52.5401,895.765,gen0072_theta_nd_0031.npy,gen0072_A_nd_0031.npy
72,32,61.2981,911.107,gen0072_theta_nd_0032.npy,gen0072_A_nd_0032.npy
72,33,55.7508,902.136,gen0072_theta_nd_0033.npy,gen0072_A_nd_0033.npy
72,34,57.2313,904.651,gen0072_theta_nd_0034.npy,gen0072_A_nd_0034.npy
72,35,54.3922,898.923,gen0072_theta_nd_0035.npy,gen0072_A_nd_0035.npy
72,36,60.6834,910.226,gen0072_theta_nd_0036.npy,gen0072_A_nd_0036.npy
72,37,62.606,913.746,gen0072_theta_nd_0037.npy,gen0072_A_nd_0037.npy
72,38,54.0007,897.595,gen0072_theta_nd_0038.npy,gen0072_A_nd_0038.npy
72,39,56.9489,904.242,gen0072_theta_nd_0039.npy,gen0072_A_nd_0039.npy
72,40,50.6287,892.449,gen0072_theta_nd_0040.npy,gen0072_A_nd_0040.npy
72,41,60.8077,910.867,gen0072_theta_nd_0041.npy,gen0072_A_nd_0041.npy
72,42,61.3423,912.266,gen0072_theta_nd_0042.npy,gen0072_A_nd_0042.npy
72,43,50.2826,891.256,gen0072_theta_nd_0043.npy,gen0072_A_nd_0043.npy
72,44,51.3802,893.649,gen0072_theta_nd_0044.npy,gen0072_A_nd_0044.npy
72,45,54.2549,898.725,gen0072_theta_nd_0045.npy,gen0072_A_nd_0045.npy
72,46,51.9807,894.217,gen0072_theta_nd_0046.npy,gen0072_A_nd_0046.npy
72,47,59.5571,907.939,gen0072_theta_nd_0047.npy,gen0072_A_nd_0047.npy
72,48,54.8333,899.66,gen0072_theta_nd_0048.npy,gen0072_A_nd_0048.npy
72,49,51.1877,892.755,gen0072_theta_nd_0049.npy,gen0072_A_nd_0049.npy
72,50,50.0924,891.194,gen0072_theta_nd_0050.npy,gen0072_A_nd_0050.npy
72,51,54.7617,899.452,gen0072_theta_nd_0051.npy,gen0072_A_nd_0051.npy
72,52,54.5701,899.023,gen0072_theta_nd_0052.npy,gen0072_A_nd_0052.npy
72,53,49.7637,889.728,gen0072_theta_nd_0053.npy,gen0072_A_nd_0053.npy
72,54,56.4047,903.161,gen0072_theta_nd_0054.npy,gen0072_A_nd_0054.npy
72,55,50.6578,892.633,gen0072_theta_nd_0055.npy,gen0072_A_nd_0055.npy
72,56,57.7874,905.203,gen0072_theta_nd_0056.npy,gen0072_A_nd_0056.npy
73,0,47.0827,885.534,gen0073_theta_nd_0000.npy,gen0073_A_nd_0000.npy
73,1,55.7082,901.924,gen0073_theta_nd_0001.npy,gen0073_A_nd_0001.npy
73,2,54.5701,899.023,gen0073_theta_nd_0002.npy,gen0073_A_nd_0002.npy
73,3,50.6287,892.449,gen0073_theta_nd_0003.npy,gen0073_A_nd_0003.npy
73,4,55.1385,900.338,gen0073_theta_nd_0004.npy,gen0073_A_nd_0004.npy
73,5,56.6503,903.191,gen0073_theta_nd_0005.npy,gen0073_A_nd_0005.npy
73,6,48.8808,888.363,gen0073_theta_nd_0006.npy,gen0073_A_nd_0006.npy
73,7,55.9607,902.16,gen0073_theta_nd_0007.npy,gen0073_A_nd_0007.npy
73,8,56.7715,904.045,gen0073_theta_nd_0008.npy,gen0073_A_nd_0008.npy
73,9,48.4629,887.99,gen0073_theta_nd_0009.npy,gen0073_A_nd_0009.npy
73,10,49.7637,889.728,gen0073_theta_nd_0010.npy,gen0073_A_nd_0010.npy
73,11,57.7874,905.203,gen0073_theta_nd_0011.npy,gen0073_A_nd_0011.npy
73,12,54.3136,898.669,gen0073_theta_nd_0012.npy,gen0073_A_nd_0012.npy
73,13,59.1296,907.812,gen0073_theta_nd_0013.npy,gen0073_A_nd_0013.npy
73,14,51.3802,893.649,gen0073_theta_nd_0014.npy,gen0073_A_nd_0014.npy
73,15,50.6225,890.875,gen0073_theta_nd_0015.npy,gen0073_A_nd_0015.npy
73,16,61.2981,911.107,gen0073_theta_nd_0016.npy,gen0073_A_nd_0016.npy
73,17,59.0971,906.907,gen0073_theta_nd_0017.npy,gen0073_A_nd_0017.npy
73,18,54.0007,897.595,gen0073_theta_nd_0018.npy,gen0073_A_nd_0018.npy
73,19,55.591,901.039,gen0073_theta_nd_0019.npy,gen0073_A_nd_0019.npy
73,20,52.2586,895.132,gen0073_theta_nd_0020.npy,gen0073_A_nd_0020.npy
73,21,52.5401,895.765,gen0073_theta_nd_0021.npy,gen0073_A_nd_0021.npy
73,22,48.0893,887.394,gen0073_theta_nd_0022.npy,gen0073_A_nd_0022.npy
73,23,61.6576,912.442,gen0073_theta_nd_0023.npy,gen0073_A_nd_0023.npy
73,24,60.8077,910.867,gen0073_theta_nd_0024.npy,gen0073_A_nd_0024.npy
73,25,52.9462,896.176,gen0073_theta_nd_0025.npy,gen0073_A_nd_0025.npy
73,26,62.1083,913.188,gen0073_theta_nd_0026.npy,gen0073_A_nd_0026.npy
73,27,56.2872,903.03,gen0073_theta_nd_0027.npy,gen0073_A_nd_0027.npy
73,28,56.9489,904.242,gen0073_theta_nd_0028.npy,gen0073_A_nd_0028.npy
73,29,51.9807,894.217,gen0073_theta_nd_0029.npy,gen0073_A_nd_0029.npy
73,30,50.049,890.735,gen0073_theta_nd_0030.npy,gen0073_A_nd_0030.npy
73,31,58.0636,905.931,gen0073_theta_nd_0031.npy,gen0073_A_nd_0031.npy
73,32,61.9431,912.974,gen0073_theta_nd_0032.npy,gen0073_A_nd_0032.npy
73,33,58.8834,906.707,gen0073_theta_nd_0033.npy,gen0073_A_nd_0033.npy
73,34,54.8333,899.66,gen0073_theta_nd_0034.npy,gen0073_A_nd_0034.npy
73,35,50.9208,892.612,gen0073_theta_nd_0035.npy,gen0073_A_nd_0035.npy
73,36,60.4379,909.322,gen0073_theta_nd_0036.npy,gen0073_A_nd_0036.npy
73,37,57.2313,904.651,gen0073_theta_nd_0037.npy,gen0073_A_nd_0037.npy
73,38,54.1134,898.155,gen0073_theta_nd_0038.npy,gen0073_A_nd_0038.npy
73,39,62.606,913.746,gen0073_theta_nd_0039.npy,gen0073_A_nd_0039.npy
73,40,48.9067,888.738,gen0073_theta_nd_0040.npy,gen0073_A_nd_0040.npy
73,41,59.5571,907.939,gen0073_theta_nd_0041.npy,gen0073_A_nd_0041.npy
73,42,59.933,909.22,gen0073_theta_nd_0042.npy,gen0073_A_nd_0042.npy
73,43,62.4777,913.706,gen0073_theta_nd_0043.npy,gen0073_A_nd_0043.npy
73,44,58.921,906.82,gen0073_theta_nd_0044.npy,gen0073_A_nd_0044.npy
73,45,56.4047,903.161,gen0073_theta_nd_0045.npy,gen0073_A_nd_0045.npy
73,46,52.0737,894.782,gen0073_theta_nd_0046.npy,gen0073_A_nd_0046.npy
73,47,47.5243,885.596,gen0073_theta_nd_0047.npy,gen0073_A_nd_0047.npy
73,48,55.6798,901.434,gen0073_theta_nd_0048.npy,gen0073_A_nd_0048.npy
73,49,51.6094,893.704,gen0073_theta_nd_0049.npy,gen0073_A_nd_0049.npy
73,50,50.4834,890.808,gen0073_theta_nd_0050.npy,gen0073_A_nd_0050.npy
73,51,61.2552,910.872,gen0073_theta_nd_0051.npy,gen0073_A_nd_0051.npy
73,52,51.1877,892.755,gen0073_theta_nd_0052.npy,gen0073_A_nd_0052.npy
73,53,60.6834,910.226,gen0073_theta_nd_0053.npy,gen0073_A_nd_0053.npy
73,54,54.3922,898.923,gen0073_theta_nd_0054.npy,gen0073_A_nd_0054.npy
73,55,58.0216,905.845,gen0073_theta_nd_0055.npy,gen0073_A_nd_0055.npy
73,56,55.7508,902.136,gen0073_theta_nd_0056.npy,gen0073_A_nd_0056.npy
73,57,54.7617,899.452,gen0073_theta_nd_0057.npy,gen0073_A_nd_0057.npy
73,58,54.8435,900.073,gen0073_theta_nd_0058.npy,gen0073_A_nd_0058.npy
73,59,55.5332,900.985,gen0073_theta_nd_0059.npy,gen0073_A_nd_0059.npy
73,60,61.3423,912.266,gen0073_theta_nd_0060.npy,gen0073_A_nd_0060.npy
74,0,61.2981,911.107,gen0074_theta_nd_0000.npy,gen0074_A_nd_0000.npy
74,1,50.9208,892.612,gen0074_theta_nd_0001.npy,gen0074_A_nd_0001.npy
74,2,56.9489,904.242,gen0074_theta_nd_0002.npy,gen0074_A_nd_0002.npy
74,3,61.9431,912.974,gen0074_theta_nd_0003.npy,gen0074_A_nd_0003.npy
74,4,53.2626,896.97,gen0074_theta_nd_0004.npy,gen0074_A_nd_0004.npy
74,5,52.2586,895.132,gen0074_theta_nd_0005.npy,gen0074_A_nd_0005.npy
74,6,48.8808,888.363,gen0074_theta_nd_0006.npy,gen0074_A_nd_0006.npy
74,7,54.5701,899.023,gen0074_theta_nd_0007.npy,gen0074_A_nd_0007.npy
74,8,51.6511,893.192,gen0074_theta_nd_0008.npy,gen0074_A_nd_0008.npy
74,9,54.0007,897.595,gen0074_theta_nd_0009.npy,gen0074_A_nd_0009.npy
74,10,56.6503,903.191,gen0074_theta_nd_0010.npy,gen0074_A_nd_0010.npy
74,11,53.5162,897.054,gen0074_theta_nd_0011.npy,gen0074_A_nd_0011.npy
74,12,58.2765,905.634,gen0074_theta_nd_0012.npy,gen0074_A_nd_0012.npy
74,13,62.606,913.746,gen0074_theta_nd_0013.npy,gen0074_A_nd_0013.npy
74,14,58.8834,906.707,gen0074_theta_nd_0014.npy,gen0074_A_nd_0014.npy
74,15,60.8919,910.566,gen0074_theta_nd_0015.npy,gen0074_A_nd_0015.npy
74,16,50.6813,891.389,gen0074_theta_nd_0016.npy,gen0074_A_nd_0016.npy
74,17,55.591,901.039,gen0074_theta_nd_0017.npy,gen0074_A_nd_0017.npy
74,18,56.2872,903.03,gen0074_theta_nd_0018.npy,gen0074_A_nd_0018.npy
74,19,54.8333,899.66,gen0074_theta_nd_0019.npy,gen0074_A_nd_0019.npy
74,20,55.1385,900.338,gen0074_theta_nd_0020.npy,gen0074_A_nd_0020.npy
74,21,48.0893,887.394,gen0074_theta_nd_0021.npy,gen0074_A_nd_0021.npy
74,22,55.3366,900.869,gen0074_theta_nd_0022.npy,gen0074_A_nd_0022.npy
74,23,55.7082,901.924,gen0074_theta_nd_0023.npy,gen0074_A_nd_0023.npy
74,24,61.618,912.295,gen0074_theta_nd_0024.npy,gen0074_A_nd_0024.npy
74,25,49.8923,890.674,gen0074_theta_nd_0025.npy,gen0074_A_nd_0025.npy
74,26,52.5401,895.765,gen0074_theta_nd_0026.npy,gen0074_A_nd_0026.npy
74,27,54.1134,898.155,gen0074_theta_nd_0027.npy,gen0074_A_nd_0027.npy
74,28,56.8363,903.765,gen0074_theta_nd_0028.npy,gen0074_A_nd_0028.npy
74,29,55.9607,902.16,gen0074_theta_nd_0029.npy,gen0074_A_nd_0029.npy
74,30,54.5098,898.243,gen0074_theta_nd_0030.npy,gen0074_A_nd_0030.npy
74,31,57.7874,905.203,gen0074_theta_nd_0031.npy,gen0074_A_nd_0031.npy
74,32,62.1083,913.188,gen0074_theta_nd_0032.npy,gen0074_A_nd_0032.npy
74,33,51.9807,894.217,gen0074_theta_nd_0033.npy,gen0074_A_nd_0033.npy
74,34,59.5571,907.939,gen0074_theta_nd_0034.npy,gen0074_A_nd_0034.npy
74,35,48.4629,887.99,gen0074_theta_nd_0035.npy,gen0074_A_nd_0035.npy
74,36,59.2158,907.126,gen0074_theta_nd_0036.npy,gen0074_A_nd_0036.npy
74,37,51.7296,894.135,gen0074_theta_nd_0037.npy,gen0074_A_nd_0037.npy
74,38,59.933,909.22,gen0074_theta_nd_0038.npy,gen0074_A_nd_0038.npy
74,39,60.4379,909.322,gen0074_theta_nd_0039.npy,gen0074_A_nd_0039.npy
74,40,50.6225,890.875,gen0074_theta_nd_0040.npy,gen0074_A_nd_0040.npy
74,41,52.9462,896.176,gen0074_theta_nd_0041.npy,gen0074_A_nd_0041.npy
74,42,47.0827,885.534,gen0074_theta_nd_0042.npy,gen0074_A_nd_0042.npy
74,43,49.7637,889.728,gen0074_theta_nd_0043.npy,gen0074_A_nd_0043.npy
74,44,48.9067,888.738,gen0074_theta_nd_0044.npy,gen0074_A_nd_0044.npy
74,45,57.2313,904.651,gen0074_theta_nd_0045.npy,gen0074_A_nd_0045.npy
74,46,59.0971,906.907,gen0074_theta_nd_0046.npy,gen0074_A_nd_0046.npy
74,47,51.1877,892.755,gen0074_theta_nd_0047.npy,gen0074_A_nd_0047.npy
74,48,56.4047,903.161,gen0074_theta_nd_0048.npy,gen0074_A_nd_0048.npy
74,49,52.0737,894.782,gen0074_theta_nd_0049.npy,gen0074_A_nd_0049.npy
74,50,61.3423,912.266,gen0074_theta_nd_0050.npy,gen0074_A_nd_0050.npy
74,51,56.1005,902.842,gen0074_theta_nd_0051.npy,gen0074_A_nd_0051.npy
74,52,53.0869,896.927,gen0074_theta_nd_0052.npy,gen0074_A_nd_0052.npy
74,53,56.723,903.391,gen0074_theta_nd_0053.npy,gen0074_A_nd_0053.npy
74,54,60.6834,910.226,gen0074_theta_nd_0054.npy,gen0074_A_nd_0054.npy
74,55,55.3852,900.936,gen0074_theta_nd_0055.npy,gen0074_A_nd_0055.npy
74,56,56.0431,902.566,gen0074_theta_nd_0056.npy,gen0074_A_nd_0056.npy
74,57,50.4834,890.808,gen0074_theta_nd_0057.npy,gen0074_A_nd_0057.npy
74,58,54.7617,899.452,gen0074_theta_nd_0058.npy,gen0074_A_nd_0058.npy
74,59,49.6993,889.593,gen0074_theta_nd_0059.npy,gen0074_A_nd_0059.npy
74,60,50.049,890.735,gen0074_theta_nd_0060.npy,gen0074_A_nd_0060.npy
75,0,61.618,912.295,gen0075_theta_nd_0000.npy,gen0075_A_nd_0000.npy
75,1,57.7874,905.203,gen0075_theta_nd_0001.npy,gen0075_A_nd_0001.npy
75,2,54.8333,899.66,gen0075_theta_nd_0002.npy,gen0075_A_nd_0002.npy
75,3,60.8919,910.566,gen0075_theta_nd_0003.npy,gen0075_A_nd_0003.npy
75,4,55.9607,902.16,gen0075_theta_nd_0004.npy,gen0075_A_nd_0004.npy
75,5,54.0007,897.595,gen0075_theta_nd_0005.npy,gen0075_A_nd_0005.npy
75,6,59.5796,907.162,gen0075_theta_nd_0006.npy,gen0075_A_nd_0006.npy
75,7,52.5401,895.765,gen0075_theta_nd_0007.npy,gen0075_A_nd_0007.npy
75,8,56.542,903.08,gen0075_theta_nd_0008.npy,gen0075_A_nd_0008.npy
75,9,53.4147,896.428,gen0075_theta_nd_0009.npy,gen0075_A_nd_0009.npy
75,10,60.0027,909.077,gen0075_theta_nd_0010.npy,gen0075_A_nd_0010.npy
75,11,50.6225,890.875,gen0075_theta_nd_0011.npy,gen0075_A_nd_0011.npy
75,12,62.1083,913.188,gen0075_theta_nd_0012.npy,gen0075_A_nd_0012.npy
75,13,51.2386,893.19,gen0075_theta_nd_0013.npy,gen0075_A_nd_0013.npy
75,14,57.0416,904.067,gen0075_theta_nd_0014.npy,gen0075_A_nd_0014.npy
75,15,50.9649,892.301,gen0075_theta_nd_0015.npy,gen0075_A_nd_0015.npy
75,16,60.5346,909.291,gen0075_theta_nd_0016.npy,gen0075_A_nd_0016.npy
75,17,55.591,901.039,gen0075_theta_nd_0017.npy,gen0075_A_nd_0017.npy
75,18,48.0893,887.394,gen0075_theta_nd_0018.npy,gen0075_A_nd_0018.npy
75,19,52.9462,896.176,gen0075_theta_nd_0019.npy,gen0075_A_nd_0019.npy
75,20,49.7637,889.728,gen0075_theta_nd_0020.npy,gen0075_A_nd_0020.npy
75,21,48.9067,888.738,gen0075_theta_nd_0021.npy,gen0075_A_nd_0021.npy
75,22,61.2981,911.107,gen0075_theta_nd_0022.npy,gen0075_A_nd_0022.npy
75,23,56.8363,903.765,gen0075_theta_nd_0023.npy,gen0075_A_nd_0023.npy
75,24,56.3555,902.422,gen0075_theta_nd_0024.npy,gen0075_A_nd_0024.npy
75,25,59.4628,906.902,gen0075_theta_nd_0025.npy,gen0075_A_nd_0025.npy
75,26,51.6511,893.192,gen0075_theta_nd_0026.npy,gen0075_A_nd_0026.npy
75,27,50.049,890.735,gen0075_theta_nd_0027.npy,gen0075_A_nd_0027.npy
75,28,54.5701,899.023,gen0075_theta_nd_0028.npy,gen0075_A_nd_0028.npy
75,29,52.2586,895.132,gen0075_theta_nd_0029.npy,gen0075_A_nd_0029.npy
75,30,52.4382,895.302,gen0075_theta_nd_0030.npy,gen0075_A_nd_0030.npy
75,31,58.8834,906.707,gen0075_theta_nd_0031.npy,gen0075_A_nd_0031.npy
75,32,55.862,901.836,gen0075_theta_nd_0032.npy,gen0075_A_nd_0032.npy
75,33,54.5098,898.243,gen0075_theta_nd_0033.npy,gen0075_A_nd_0033.npy
75,34,53.5162,897.054,gen0075_theta_nd_0034.npy,gen0075_A_nd_0034.npy
75,35,51.9807,894.217,gen0075_theta_nd_0035.npy,gen0075_A_nd_0035.npy
75,36,58.4185,905.52,gen0075_theta_nd_0036.npy,gen0075_A_nd_0036.npy
75,37,48.8808,888.363,gen0075_theta_nd_0037.npy,gen0075_A_nd_0037.npy
75,38,62.606,913.746,gen0075_theta_nd_0038.npy,gen0075_A_nd_0038.npy
75,39,48.4629,887.99,gen0075_theta_nd_0039.npy,gen0075_A_nd_0039.npy
75,40,55.1385,900.338,gen0075_theta_nd_0040.npy,gen0075_A_nd_0040.npy
75,41,57.7051,904.791,gen0075_theta_nd_0041.npy,gen0075_A_nd_0041.npy
75,42,61.9431,912.974,gen0075_theta_nd_0042.npy,gen0075_A_nd_0042.npy
75,43,47.0827,885.534,gen0075_theta_nd_0043.npy,gen0075_A_nd_0043.npy
75,44,55.3829,900.438,gen0075_theta_nd_0044.npy,gen0075_A_nd_0044.npy
75,45,51.7296,894.135,gen0075_theta_nd_0045.npy,gen0075_A_nd_0045.npy
75,46,50.6813,891.389,gen0075_theta_nd_0046.npy,gen0075_A_nd_0046.npy
75,47,57.2313,904.651,gen0075_theta_nd_0047.npy,gen0075_A_nd_0047.npy
75,48,60.6834,910.226,gen0075_theta_nd_0048.npy,gen0075_A_nd_0048.npy
75,49,55.7231,901.496,gen0075_theta_nd_0049.npy,gen0075_A_nd_0049.npy
75,50,55.3852,900.936,gen0075_theta_nd_0050.npy,gen0075_A_nd_0050.npy
75,51,56.723,903.391,gen0075_theta_nd_0051.npy,gen0075_A_nd_0051.npy
75,52,56.6503,903.191,gen0075_theta_nd_0052.npy,gen0075_A_nd_0052.npy
75,53,49.6993,889.593,gen0075_theta_nd_0053.npy,gen0075_A_nd_0053.npy
75,54,50.2299,890.764,gen0075_theta_nd_0054.npy,gen0075_A_nd_0054.npy
75,55,50.4834,890.808,gen0075_theta_nd_0055.npy,gen0075_A_nd_0055.npy
75,56,56.2317,902.17,gen0075_theta_nd_0056.npy,gen0075_A_nd_0056.npy
75,57,52.0737,894.782,gen0075_theta_nd_0057.npy,gen0075_A_nd_0057.npy
75,58,51.2003,892.917,gen0075_theta_nd_0058.npy,gen0075_A_nd_0058.npy
75,59,54.4746,898.155,gen0075_theta_nd_0059.npy,gen0075_A_nd_0059.npy
75,60,61.3423,912.266,gen0075_theta_nd_0060.npy,gen0075_A_nd_0060.npy
76,0,52.4445,894.939,gen0076_theta_nd_0000.npy,gen0076_A_nd_0000.npy
76,1,61.8595,912.138,gen0076_theta_nd_0001.npy,gen0076_A_nd_0001.npy
76,2,54.8333,899.66,gen0076_theta_nd_0002.npy,gen0076_A_nd_0002.npy
76,3,56.3555,902.422,gen0076_theta_nd_0003.npy,gen0076_A_nd_0003.npy
76,4,59.1937,905.695,gen0076_theta_nd_0004.npy,gen0076_A_nd_0004.npy
76,5,48.8808,888.363,gen0076_theta_nd_0005.npy,gen0076_A_nd_0005.npy
76,6,50.6225,890.875,gen0076_theta_nd_0006.npy,gen0076_A_nd_0006.npy
76,7,55.2873,899.918,gen0076_theta_nd_0007.npy,gen0076_A_nd_0007.npy
76,8,59.7435,908.66,gen0076_theta_nd_0008.npy,gen0076_A_nd_0008.npy
76,9,59.4628,906.902,gen0076_theta_nd_0009.npy,gen0076_A_nd_0009.npy
76,10,52.6651,895.315,gen0076_theta_nd_0010.npy,gen0076_A_nd_0010.npy
76,11,57.2313,904.651,gen0076_theta_nd_0011.npy,gen0076_A_nd_0011.npy
76,12,55.3829,900.438,gen0076_theta_nd_0012.npy,gen0076_A_nd_0012.npy
76,13,55.937,901.71,gen0076_theta_nd_0013.npy,gen0076_A_nd_0013.npy
76,14,48.0893,887.394,gen0076_theta_nd_0014.npy,gen0076_A_nd_0014.npy
76,15,49.9683,890.664,gen0076_theta_nd_0015.npy,gen0076_A_nd_0015.npy
76,16,60.2427,908.97,gen0076_theta_nd_0016.npy,gen0076_A_nd_0016.npy
76,17,56.5675,902.956,gen0076_theta_nd_0017.npy,gen0076_A_nd_0017.npy
76,18,51.9807,894.217,gen0076_theta_nd_0018.npy,gen0076_A_nd_0018.npy
76,19,58.4185,905.52,gen0076_theta_nd_0019.npy,gen0076_A_nd_0019.npy
76,20,50.6813,891.389,gen0076_theta_nd_0020.npy,gen0076_A_nd_0020.npy
76,21,55.591,901.039,gen0076_theta_nd_0021.npy,gen0076_A_nd_0021.npy
76,22,56.1189,901.814,gen0076_theta_nd_0022.npy,gen0076_A_nd_0022.npy
76,23,60.6834,910.226,gen0076_theta_nd_0023.npy,gen0076_A_nd_0023.npy
76,24,51.3066,892.502,gen0076_theta_nd_0024.npy,gen0076_A_nd_0024.npy
76,25,47.0827,885.534,gen0076_theta_nd_0025.npy,gen0076_A_nd_0025.npy
76,26,61.2981,911.107,gen0076_theta_nd_0026.npy,gen0076_A_nd_0026.npy
76,27,49.6369,889.258,gen0076_theta_nd_0027.npy,gen0076_A_nd_0027.npy
76,28,48.9067,888.738,gen0076_theta_nd_0028.npy,gen0076_A_nd_0028.npy
76,29,54.1182,897.803,gen0076_theta_nd_0029.npy,gen0076_A_nd_0029.npy
76,30,62.606,913.746,gen0076_theta_nd_0030.npy,gen0076_A_nd_0030.npy
76,31,53.6657,897.228,gen0076_theta_nd_0031.npy,gen0076_A_nd_0031.npy
76,32,57.7051,904.791,gen0076_theta_nd_0032.npy,gen0076_A_nd_0032.npy
76,33,54.5098,898.243,gen0076_theta_nd_0033.npy,gen0076_A_nd_0033.npy
76,34,49.7637,889.728,gen0076_theta_nd_0034.npy,gen0076_A_nd_0034.npy
76,35,48.4629,887.99,gen0076_theta_nd_0035.npy,gen0076_A_nd_0035.npy
76,36,56.8363,903.765,gen0076_theta_nd_0036.npy,gen0076_A_nd_0036.npy
76,37,57.0416,904.067,gen0076_theta_nd_0037.npy,gen0076_A_nd_0037.npy
76,38,57.7874,905.203,gen0076_theta_nd_0038.npy,gen0076_A_nd_0038.npy
76,39,52.9462,896.176,gen0076_theta_nd_0039.npy,gen0076_A_nd_0039.npy
76,40,62.1083,913.188,gen0076_theta_nd_0040.npy,gen0076_A_nd_0040.npy
76,41,59.5796,907.162,gen0076_theta_nd_0041.npy,gen0076_A_nd_0041.npy
76,42,60.6338,909.112,gen0076_theta_nd_0042.npy,gen0076_A_nd_0042.npy
76,43,51.8098,893.457,gen0076_theta_nd_0043.npy,gen0076_A_nd_0043.npy
76,44,53.4147,896.428,gen0076_theta_nd_0044.npy,gen0076_A_nd_0044.npy
76,45,54.0007,897.595,gen0076_theta_nd_0045.npy,gen0076_A_nd_0045.npy
76,46,50.9649,892.301,gen0076_theta_nd_0046.npy,gen0076_A_nd_0046.npy
76,47,61.9431,912.974,gen0076_theta_nd_0047.npy,gen0076_A_nd_0047.npy
76,48,54.6057,898.576,gen0076_theta_nd_0048.npy,gen0076_A_nd_0048.npy
76,49,59.6638,908.325,gen0076_theta_nd_0049.npy,gen0076_A_nd_0049.npy
76,50,51.6511,893.192,gen0076_theta_nd_0050.npy,gen0076_A_nd_0050.npy
76,51,52.0737,894.782,gen0076_theta_nd_0051.npy,gen0076_A_nd_0051.npy
76,52,56.6781,903.25,gen0076_theta_nd_0052.npy,gen0076_A_nd_0052.npy
76,53,50.049,890.735,gen0076_theta_nd_0053.npy,gen0076_A_nd_0053.npy
76,54,49.6993,889.593,gen0076_theta_nd_0054.npy,gen0076_A_nd_0054.npy
76,55,55.7231,901.496,gen0076_theta_nd_0055.npy,gen0076_A_nd_0055.npy
76,56,50.4834,890.808,gen0076_theta_nd_0056.npy,gen0076_A_nd_0056.npy
76,57,53.5162,897.054,gen0076_theta_nd_0057.npy,gen0076_A_nd_0057.npy
76,58,55.4995,900.774,gen0076_theta_nd_0058.npy,gen0076_A_nd_0058.npy
76,59,48.3563,887.614,gen0076_theta_nd_0059.npy,gen0076_A_nd_0059.npy
76,60,56.2317,902.17,gen0076_theta_nd_0060.npy,gen0076_A_nd_0060.npy
77,0,52.6651,895.315,gen0077_theta_nd_0000.npy,gen0077_A_nd_0000.npy
77,1,51.9563,893.173,gen0077_theta_nd_0001.npy,gen0077_A_nd_0001.npy
77,2,49.9683,890.664,gen0077_theta_nd_0002.npy,gen0077_A_nd_0002.npy
77,3,56.0379,901.497,gen0077_theta_nd_0003.npy,gen0077_A_nd_0003.npy
77,4,50.6813,891.389,gen0077_theta_nd_0004.npy,gen0077_A_nd_0004.npy
77,5,59.1937,905.695,gen0077_theta_nd_0005.npy,gen0077_A_nd_0005.npy
77,6,54.1182,897.803,gen0077_theta_nd_0006.npy,gen0077_A_nd_0006.npy
77,7,51.3066,892.502,gen0077_theta_nd_0007.npy,gen0077_A_nd_0007.npy
77,8,57.7874,905.203,gen0077_theta_nd_0008.npy,gen0077_A_nd_0008.npy
77,9,61.0087,910.775,gen0077_theta_nd_0009.npy,gen0077_A_nd_0009.npy
77,10,59.8046,907.764,gen0077_theta_nd_0010.npy,gen0077_A_nd_0010.npy
77,11,54.6749,898.412,gen0077_theta_nd_0011.npy,gen0077_A_nd_0011.npy
77,12,60.4521,908.943,gen0077_theta_nd_0012.npy,gen0077_A_nd_0012.npy
77,13,56.6781,903.25,gen0077_theta_nd_0013.npy,gen0077_A_nd_0013.npy
77,14,63.007,913.499,gen0077_theta_nd_0014.npy,gen0077_A_nd_0014.npy
77,15,60.6338,909.112,gen0077_theta_nd_0015.npy,gen0077_A_nd_0015.npy
77,16,55.8101,901.378,gen0077_theta_nd_0016.npy,gen0077_A_nd_0016.npy
77,17,57.0088,903.847,gen0077_theta_nd_0017.npy,gen0077_A_nd_0017.npy
77,18,48.4629,887.99,gen0077_theta_nd_0018.npy,gen0077_A_nd_0018.npy
77,19,59.4628,906.902,gen0077_theta_nd_0019.npy,gen0077_A_nd_0019.npy
77,20,57.4473,904.652,gen0077_theta_nd_0020.npy,gen0077_A_nd_0020.npy
77,21,57.2313,904.651,gen0077_theta_nd_0021.npy,gen0077_A_nd_0021.npy
77,22,59.5796,907.162,gen0077_theta_nd_0022.npy,gen0077_A_nd_0022.npy
77,23,61.9431,912.974,gen0077_theta_nd_0023.npy,gen0077_A_nd_0023.npy
77,24,49.6369,889.258,gen0077_theta_nd_0024.npy,gen0077_A_nd_0024.npy
77,25,55.2873,899.918,gen0077_theta_nd_0025.npy,gen0077_A_nd_0025.npy
77,26,52.976,895.889,gen0077_theta_nd_0026.npy,gen0077_A_nd_0026.npy
77,27,48.0893,887.394,gen0077_theta_nd_0027.npy,gen0077_A_nd_0027.npy
77,28,49.6993,889.593,gen0077_theta_nd_0028.npy,gen0077_A_nd_0028.npy
77,29,55.4889,900.491,gen0077_theta_nd_0029.npy,gen0077_A_nd_0029.npy
77,30,56.4798,902.669,gen0077_theta_nd_0030.npy,gen0077_A_nd_0030.npy
77,31,56.2317,902.17,gen0077_theta_nd_0031.npy,gen0077_A_nd_0031.npy
77,32,55.0773,898.822,gen0077_theta_nd_0032.npy,gen0077_A_nd_0032.npy
77,33,48.8808,888.363,gen0077_theta_nd_0033.npy,gen0077_A_nd_0033.npy
77,34,62.1083,913.188,gen0077_theta_nd_0034.npy,gen0077_A_nd_0034.npy
77,35,52.0238,894.047,gen0077_theta_nd_0035.npy,gen0077_A_nd_0035.npy
77,36,50.6225,890.875,gen0077_theta_nd_0036.npy,gen0077_A_nd_0036.npy
77,37,55.0857,899.694,gen0077_theta_nd_0037.npy,gen0077_A_nd_0037.npy
77,38,58.4185,905.52,gen0077_theta_nd_0038.npy,gen0077_A_nd_0038.npy
77,39,53.7129,896.663,gen0077_theta_nd_0039.npy,gen0077_A_nd_0039.npy
77,40,47.0827,885.534,gen0077_theta_nd_0040.npy,gen0077_A_nd_0040.npy
77,41,61.4506,911.411,gen0077_theta_nd_0041.npy,gen0077_A_nd_0041.npy
77,42,47.3872,886.384,gen0077_theta_nd_0042.npy,gen0077_A_nd_0042.npy
77,43,52.5854,894.21,gen0077_theta_nd_0043.npy,gen0077_A_nd_0043.npy
77,44,49.5666,888.638,gen0077_theta_nd_0044.npy,gen0077_A_nd_0044.npy
77,45,54.0562,897.183,gen0077_theta_nd_0045.npy,gen0077_A_nd_0045.npy
77,46,57.7051,904.791,gen0077_theta_nd_0046.npy,gen0077_A_nd_0046.npy
77,47,56.1189,901.814,gen0077_theta_nd_0047.npy,gen0077_A_nd_0047.npy
77,48,48.3563,887.614,gen0077_theta_nd_0048.npy,gen0077_A_nd_0048.npy
77,49,56.5675,902.956,gen0077_theta_nd_0049.npy,gen0077_A_nd_0049.npy
77,50,55.591,901.039,gen0077_theta_nd_0050.npy,gen0077_A_nd_0050.npy
77,51,50.049,890.735,gen0077_theta_nd_0051.npy,gen0077_A_nd_0051.npy
77,52,61.2981,911.107,gen0077_theta_nd_0052.npy,gen0077_A_nd_0052.npy
77,53,53.4147,896.428,gen0077_theta_nd_0053.npy,gen0077_A_nd_0053.npy
77,54,61.8595,912.138,gen0077_theta_nd_0054.npy,gen0077_A_nd_0054.npy
77,55,50.4834,890.808,gen0077_theta_nd_0055.npy,gen0077_A_nd_0055.npy
77,56,49.7637,889.728,gen0077_theta_nd_0056.npy,gen0077_A_nd_0056.npy
77,57,55.3829,900.438,gen0077_theta_nd_0057.npy,gen0077_A_nd_0057.npy
77,58,56.3555,902.422,gen0077_theta_nd_0058.npy,gen0077_A_nd_0058.npy
77,59,56.8363,903.765,gen0077_theta_nd_0059.npy,gen0077_A_nd_0059.npy
77,60,50.9649,892.301,gen0077_theta_nd_0060.npy,gen0077_A_nd_0060.npy
78,0,52.6651,895.315,gen0078_theta_nd_0000.npy,gen0078_A_nd_0000.npy
78,1,51.9563,893.173,gen0078_theta_nd_0001.npy,gen0078_A_nd_0001.npy
78,2,56.0379,901.497,gen0078_theta_nd_0002.npy,gen0078_A_nd_0002.npy
78,3,50.6813,891.389,gen0078_theta_nd_0003.npy,gen0078_A_nd_0003.npy
78,4,59.1937,905.695,gen0078_theta_nd_0004.npy,gen0078_A_nd_0004.npy
78,5,51.3066,892.502,gen0078_theta_nd_0005.npy,gen0078_A_nd_0005.npy
78,6,61.0087,910.775,gen0078_theta_nd_0006.npy,gen0078_A_nd_0006.npy
78,7,59.8046,907.764,gen0078_theta_nd_0007.npy,gen0078_A_nd_0007.npy
78,8,54.6749,898.412,gen0078_theta_nd_0008.npy,gen0078_A_nd_0008.npy
78,9,60.4521,908.943,gen0078_theta_nd_0009.npy,gen0078_A_nd_0009.npy
78,10,63.007,913.499,gen0078_theta_nd_0010.npy,gen0078_A_nd_0010.npy
78,11,60.6338,909.112,gen0078_theta_nd_0011.npy,gen0078_A_nd_0011.npy
78,12,59.4628,906.902,gen0078_theta_nd_0012.npy,gen0078_A_nd_0012.npy
78,13,57.4473,904.652,gen0078_theta_nd_0013.npy,gen0078_A_nd_0013.npy
78,14,49.6369,889.258,gen0078_theta_nd_0014.npy,gen0078_A_nd_0014.npy
78,15,55.2873,899.918,gen0078_theta_nd_0015.npy,gen0078_A_nd_0015.npy
78,16,52.976,895.889,gen0078_theta_nd_0016.npy,gen0078_A_nd_0016.npy
78,17,49.6993,889.593,gen0078_theta_nd_0017.npy,gen0078_A_nd_0017.npy
78,18,55.4889,900.491,gen0078_theta_nd_0018.npy,gen0078_A_nd_0018.npy
78,19,55.0773,898.822,gen0078_theta_nd_0019.npy,gen0078_A_nd_0019.npy
78,20,48.8808,888.363,gen0078_theta_nd_0020.npy,gen0078_A_nd_0020.npy
78,21,52.0238,894.047,gen0078_theta_nd_0021.npy,gen0078_A_nd_0021.npy
78,22,50.6225,890.875,gen0078_theta_nd_0022.npy,gen0078_A_nd_0022.npy
78,23,58.4185,905.52,gen0078_theta_nd_0023.npy,gen0078_A_nd_0023.npy
78,24,53.7129,896.663,gen0078_theta_nd_0024.npy,gen0078_A_nd_0024.npy
78,25,47.0827,885.534,gen0078_theta_nd_0025.npy,gen0078_A_nd_0025.npy
78,26,61.4506,911.411,gen0078_theta_nd_0026.npy,gen0078_A_nd_0026.npy
78,27,47.3872,886.384,gen0078_theta_nd_0027.npy,gen0078_A_nd_0027.npy
78,28,52.5854,894.21,gen0078_theta_nd_0028.npy,gen0078_A_nd_0028.npy
78,29,49.5666,888.638,gen0078_theta_nd_0029.npy,gen0078_A_nd_0029.npy
78,30,54.0562,897.183,gen0078_theta_nd_0030.npy,gen0078_A_nd_0030.npy
78,31,56.1189,901.814,gen0078_theta_nd_0031.npy,gen0078_A_nd_0031.npy
78,32,55.591,901.039,gen0078_theta_nd_0032.npy,gen0078_A_nd_0032.npy
78,33,61.2981,911.107,gen0078_theta_nd_0033.npy,gen0078_A_nd_0033.npy
78,34,50.4834,890.808,gen0078_theta_nd_0034.npy,gen0078_A_nd_0034.npy
78,35,55.3829,900.438,gen0078_theta_nd_0035.npy,gen0078_A_nd_0035.npy
78,36,50.9649,892.301,gen0078_theta_nd_0036.npy,gen0078_A_nd_0036.npy
78,37,61.9191,911.899,gen0078_theta_nd_0037.npy,gen0078_A_nd_0037.npy
78,38,57.7316,904.75,gen0078_theta_nd_0038.npy,gen0078_A_nd_0038.npy
78,39,54.3642,897.504,gen0078_theta_nd_0039.npy,gen0078_A_nd_0039.npy
78,40,55.6091,901.227,gen0078_theta_nd_0040.npy,gen0078_A_nd_0040.npy
78,41,56.3134,901.831,gen0078_theta_nd_0041.npy,gen0078_A_nd_0041.npy
78,42,48.4913,886.969,gen0078_theta_nd_0042.npy,gen0078_A_nd_0042.npy
78,43,58.1114,905.081,gen0078_theta_nd_0043.npy,gen0078_A_nd_0043.npy
78,44,62.562,912.965,gen0078_theta_nd_0044.npy,gen0078_A_nd_0044.npy
78,45,49.7738,889.659,gen0078_theta_nd_0045.npy,gen0078_A_nd_0045.npy
78,46,50.2121,890.05,gen0078_theta_nd_0046.npy,gen0078_A_nd_0046.npy
78,47,51.5661,892.78,gen0078_theta_nd_0047.npy,gen0078_A_nd_0047.npy
78,48,52.6216,895.103,gen0078_theta_nd_0048.npy,gen0078_A_nd_0048.npy
78,49,53.4925,896.359,gen0078_theta_nd_0049.npy,gen0078_A_nd_0049.npy
78,50,56.011,901.34,gen0078_theta_nd_0050.npy,gen0078_A_nd_0050.npy
78,51,59.7479,907.016,gen0078_theta_nd_0051.npy,gen0078_A_nd_0051.npy
78,52,54.4406,898.319,gen0078_theta_nd_0052.npy,gen0078_A_nd_0052.npy
78,53,56.8049,901.993,gen0078_theta_nd_0053.npy,gen0078_A_nd_0053.npy
78,54,55.1148,899.109,gen0078_theta_nd_0054.npy,gen0078_A_nd_0054.npy
78,55,57.3393,903.444,gen0078_theta_nd_0055.npy,gen0078_A_nd_0055.npy
79,0,50.2121,890.05,gen0079_theta_nd_0000.npy,gen0079_A_nd_0000.npy
79,1,56.8049,901.993,gen0079_theta_nd_0001.npy,gen0079_A_nd_0001.npy
79,2,55.2873,899.918,gen0079_theta_nd_0002.npy,gen0079_A_nd_0002.npy
79,3,52.8789,895.875,gen0079_theta_nd_0003.npy,gen0079_A_nd_0003.npy
79,4,59.8046,907.764,gen0079_theta_nd_0004.npy,gen0079_A_nd_0004.npy
79,5,48.7102,886.698,gen0079_theta_nd_0005.npy,gen0079_A_nd_0005.npy
79,6,47.0827,885.534,gen0079_theta_nd_0006.npy,gen0079_A_nd_0006.npy
79,7,58.4691,904.805,gen0079_theta_nd_0007.npy,gen0079_A_nd_0007.npy
79,8,57.3393,903.444,gen0079_theta_nd_0008.npy,gen0079_A_nd_0008.npy
79,9,50.6813,891.389,gen0079_theta_nd_0009.npy,gen0079_A_nd_0009.npy
79,10,55.1701,899.327,gen0079_theta_nd_0010.npy,gen0079_A_nd_0010.npy
79,11,50.6225,890.875,gen0079_theta_nd_0011.npy,gen0079_A_nd_0011.npy
79,12,62.562,912.965,gen0079_theta_nd_0012.npy,gen0079_A_nd_0012.npy
79,13,54.6766,898.018,gen0079_theta_nd_0013.npy,gen0079_A_nd_0013.npy
79,14,54.3642,897.504,gen0079_theta_nd_0014.npy,gen0079_A_nd_0014.npy
79,15,55.7286,900.135,gen0079_theta_nd_0015.npy,gen0079_A_nd_0015.npy
79,16,61.3529,911.176,gen0079_theta_nd_0016.npy,gen0079_A_nd_0016.npy
79,17,62.3373,912.121,gen0079_theta_nd_0017.npy,gen0079_A_nd_0017.npy
79,18,47.8417,886.106,gen0079_theta_nd_0018.npy,gen0079_A_nd_0018.npy
79,19,49.8698,888.877,gen0079_theta_nd_0019.npy,gen0079_A_nd_0019.npy
79,20,52.2635,893.791,gen0079_theta_nd_0020.npy,gen0079_A_nd_0020.npy
79,21,52.6651,895.315,gen0079_theta_nd_0021.npy,gen0079_A_nd_0021.npy
79,22,49.5666,888.638,gen0079_theta_nd_0022.npy,gen0079_A_nd_0022.npy
79,23,54.5553,897.567,gen0079_theta_nd_0023.npy,gen0079_A_nd_0023.npy
79,24,53.7129,896.663,gen0079_theta_nd_0024.npy,gen0079_A_nd_0024.npy
79,25,51.6026,892.653,gen0079_theta_nd_0025.npy,gen0079_A_nd_0025.npy
79,26,50.8012,892.232,gen0079_theta_nd_0026.npy,gen0079_A_nd_0026.npy
79,27,56.3134,901.831,gen0079_theta_nd_0027.npy,gen0079_A_nd_0027.npy
79,28,56.0379,901.497,gen0079_theta_nd_0028.npy,gen0079_A_nd_0028.npy
79,29,59.7479,907.016,gen0079_theta_nd_0029.npy,gen0079_A_nd_0029.npy
79,30,61.9191,911.899,gen0079_theta_nd_0030.npy,gen0079_A_nd_0030.npy
79,31,59.1943,905.411,gen0079_theta_nd_0031.npy,gen0079_A_nd_0031.npy
79,32,51.3066,892.502,gen0079_theta_nd_0032.npy,gen0079_A_nd_0032.npy
79,33,57.4473,904.652,gen0079_theta_nd_0033.npy,gen0079_A_nd_0033.npy
79,34,60.6338,909.112,gen0079_theta_nd_0034.npy,gen0079_A_nd_0034.npy
79,35,52.5854,894.21,gen0079_theta_nd_0035.npy,gen0079_A_nd_0035.npy
79,36,48.8808,888.363,gen0079_theta_nd_0036.npy,gen0079_A_nd_0036.npy
79,37,59.4628,906.902,gen0079_theta_nd_0037.npy,gen0079_A_nd_0037.npy
79,38,60.0772,907.905,gen0079_theta_nd_0038.npy,gen0079_A_nd_0038.npy
79,39,51.9563,893.173,gen0079_theta_nd_0039.npy,gen0079_A_nd_0039.npy
79,40,56.8965,902.585,gen0079_theta_nd_0040.npy,gen0079_A_nd_0040.npy
79,41,60.4521,908.943,gen0079_theta_nd_0041.npy,gen0079_A_nd_0041.npy
79,42,55.0773,898.822,gen0079_theta_nd_0042.npy,gen0079_A_nd_0042.npy
79,43,63.007,913.499,gen0079_theta_nd_0043.npy,gen0079_A_nd_0043.npy
79,44,61.0087,910.775,gen0079_theta_nd_0044.npy,gen0079_A_nd_0044.npy
79,45,50.727,891.881,gen0079_theta_nd_0045.npy,gen0079_A_nd_0045.npy
79,46,50.9649,892.301,gen0079_theta_nd_0046.npy,gen0079_A_nd_0046.npy
79,47,50.4834,890.808,gen0079_theta_nd_0047.npy,gen0079_A_nd_0047.npy
79,48,54.0562,897.183,gen0079_theta_nd_0048.npy,gen0079_A_nd_0048.npy
79,49,61.4506,911.411,gen0079_theta_nd_0049.npy,gen0079_A_nd_0049.npy
79,50,50.1851,889.883,gen0079_theta_nd_0050.npy,gen0079_A_nd_0050.npy
79,51,57.7316,904.75,gen0079_theta_nd_0051.npy,gen0079_A_nd_0051.npy
79,52,56.1237,901.632,gen0079_theta_nd_0052.npy,gen0079_A_nd_0052.npy
79,53,52.6216,895.103,gen0079_theta_nd_0053.npy,gen0079_A_nd_0053.npy
79,54,53.4925,896.359,gen0079_theta_nd_0054.npy,gen0079_A_nd_0054.npy
79,55,52.976,895.889,gen0079_theta_nd_0055.npy,gen0079_A_nd_0055.npy
79,56,55.2252,899.333,gen0079_theta_nd_0056.npy,gen0079_A_nd_0056.npy
79,57,60.1097,908.901,gen0079_theta_nd_0057.npy,gen0079_A_nd_0057.npy
79,58,51.632,893.049,gen0079_theta_nd_0058.npy,gen0079_A_nd_0058.npy
79,59,61.2981,911.107,gen0079_theta_nd_0059.npy,gen0079_A_nd_0059.npy
79,60,56.011,901.34,gen0079_theta_nd_0060.npy,gen0079_A_nd_0060.npy
80,0,55.1701,899.327,gen0080_theta_nd_0000.npy,gen0080_A_nd_0000.npy
80,1,58.4691,904.805,gen0080_theta_nd_0001.npy,gen0080_A_nd_0001.npy
80,2,47.8417,886.106,gen0080_theta_nd_0002.npy,gen0080_A_nd_0002.npy
80,3,56.8965,902.585,gen0080_theta_nd_0003.npy,gen0080_A_nd_0003.npy
80,4,49.5666,888.638,gen0080_theta_nd_0004.npy,gen0080_A_nd_0004.npy
80,5,56.8049,901.993,gen0080_theta_nd_0005.npy,gen0080_A_nd_0005.npy
80,6,50.8128,891.266,gen0080_theta_nd_0006.npy,gen0080_A_nd_0006.npy
80,7,61.3529,911.176,gen0080_theta_nd_0007.npy,gen0080_A_nd_0007.npy
80,8,51.9563,893.173,gen0080_theta_nd_0008.npy,gen0080_A_nd_0008.npy
80,9,62.562,912.965,gen0080_theta_nd_0009.npy,gen0080_A_nd_0009.npy
80,10,53.7972,896.209,gen0080_theta_nd_0010.npy,gen0080_A_nd_0010.npy
80,11,55.7286,900.135,gen0080_theta_nd_0011.npy,gen0080_A_nd_0011.npy
80,12,49.8698,888.877,gen0080_theta_nd_0012.npy,gen0080_A_nd_0012.npy
80,13,48.7102,886.698,gen0080_theta_nd_0013.npy,gen0080_A_nd_0013.npy
80,14,51.6026,892.653,gen0080_theta_nd_0014.npy,gen0080_A_nd_0014.npy
80,15,59.1943,905.411,gen0080_theta_nd_0015.npy,gen0080_A_nd_0015.npy
80,16,57.3932,904.158,gen0080_theta_nd_0016.npy,gen0080_A_nd_0016.npy
80,17,60.6338,909.112,gen0080_theta_nd_0017.npy,gen0080_A_nd_0017.npy
80,18,55.0773,898.822,gen0080_theta_nd_0018.npy,gen0080_A_nd_0018.npy
80,19,47.0827,885.534,gen0080_theta_nd_0019.npy,gen0080_A_nd_0019.npy
80,20,52.6651,895.315,gen0080_theta_nd_0020.npy,gen0080_A_nd_0020.npy
80,21,53.7132,895.989,gen0080_theta_nd_0021.npy,gen0080_A_nd_0021.npy
80,22,63.007,913.499,gen0080_theta_nd_0022.npy,gen0080_A_nd_0022.npy
80,23,54.1498,897.204,gen0080_theta_nd_0023.npy,gen0080_A_nd_0023.npy
80,24,59.2239,906.872,gen0080_theta_nd_0024.npy,gen0080_A_nd_0024.npy
80,25,56.3134,901.831,gen0080_theta_nd_0025.npy,gen0080_A_nd_0025.npy
80,26,50.7657,890.783,gen0080_theta_nd_0026.npy,gen0080_A_nd_0026.npy
80,27,56.1478,900.98,gen0080_theta_nd_0027.npy,gen0080_A_nd_0027.npy
80,28,51.3066,892.502,gen0080_theta_nd_0028.npy,gen0080_A_nd_0028.npy
80,29,59.7479,907.016,gen0080_theta_nd_0029.npy,gen0080_A_nd_0029.npy
80,30,55.2873,899.918,gen0080_theta_nd_0030.npy,gen0080_A_nd_0030.npy
80,31,50.52,890.698,gen0080_theta_nd_0031.npy,gen0080_A_nd_0031.npy
80,32,60.0782,908.868,gen0080_theta_nd_0032.npy,gen0080_A_nd_0032.npy
80,33,55.9652,900.621,gen0080_theta_nd_0033.npy,gen0080_A_nd_0033.npy
80,34,52.8789,895.875,gen0080_theta_nd_0034.npy,gen0080_A_nd_0034.npy
80,35,52.5854,894.21,gen0080_theta_nd_0035.npy,gen0080_A_nd_0035.npy
80,36,57.0525,903.228,gen0080_theta_nd_0036.npy,gen0080_A_nd_0036.npy
80,37,48.8808,888.363,gen0080_theta_nd_0037.npy,gen0080_A_nd_0037.npy
80,38,50.8295,891.882,gen0080_theta_nd_0038.npy,gen0080_A_nd_0038.npy
80,39,50.1907,890.037,gen0080_theta_nd_0039.npy,gen0080_A_nd_0039.npy
80,40,53.9488,896.85,gen0080_theta_nd_0040.npy,gen0080_A_nd_0040.npy
80,41,60.4521,908.943,gen0080_theta_nd_0041.npy,gen0080_A_nd_0041.npy
80,42,60.9047,909.863,gen0080_theta_nd_0042.npy,gen0080_A_nd_0042.npy
80,43,61.9191,911.899,gen0080_theta_nd_0043.npy,gen0080_A_nd_0043.npy
80,44,59.8046,907.764,gen0080_theta_nd_0044.npy,gen0080_A_nd_0044.npy
80,45,52.3545,893.644,gen0080_theta_nd_0045.npy,gen0080_A_nd_0045.npy
80,46,54.5553,897.567,gen0080_theta_nd_0046.npy,gen0080_A_nd_0046.npy
80,47,62.3373,912.121,gen0080_theta_nd_0047.npy,gen0080_A_nd_0047.npy
80,48,61.0087,910.775,gen0080_theta_nd_0048.npy,gen0080_A_nd_0048.npy
80,49,58.1865,904.263,gen0080_theta_nd_0049.npy,gen0080_A_nd_0049.npy
80,50,55.2252,899.333,gen0080_theta_nd_0050.npy,gen0080_A_nd_0050.npy
80,51,61.2981,911.107,gen0080_theta_nd_0051.npy,gen0080_A_nd_0051.npy
80,52,50.1851,889.883,gen0080_theta_nd_0052.npy,gen0080_A_nd_0052.npy
80,53,60.0772,907.905,gen0080_theta_nd_0053.npy,gen0080_A_nd_0053.npy
80,54,54.801,897.7,gen0080_theta_nd_0054.npy,gen0080_A_nd_0054.npy
80,55,57.3393,903.444,gen0080_theta_nd_0055.npy,gen0080_A_nd_0055.npy
80,56,51.632,893.049,gen0080_theta_nd_0056.npy,gen0080_A_nd_0056.npy
80,57,52.6216,895.103,gen0080_theta_nd_0057.npy,gen0080_A_nd_0057.npy
80,58,54.0562,897.183,gen0080_theta_nd_0058.npy,gen0080_A_nd_0058.npy
80,59,55.7793,900.198,gen0080_theta_nd_0059.npy,gen0080_A_nd_0059.npy
80,60,56.5669,901.962,gen0080_theta_nd_0060.npy,gen0080_A_nd_0060.npy
81,0,53.7132,895.989,gen0081_theta_nd_0000.npy,gen0081_A_nd_0000.npy
81,1,47.0827,885.534,gen0081_theta_nd_0001.npy,gen0081_A_nd_0001.npy
81,2,55.2873,899.918,gen0081_theta_nd_0002.npy,gen0081_A_nd_0002.npy
81,3,59.7479,907.016,gen0081_theta_nd_0003.npy,gen0081_A_nd_0003.npy
81,4,50.9347,891.119,gen0081_theta_nd_0004.npy,gen0081_A_nd_0004.npy
81,5,59.2239,906.872,gen0081_theta_nd_0005.npy,gen0081_A_nd_0005.npy
81,6,50.1907,890.037,gen0081_theta_nd_0006.npy,gen0081_A_nd_0006.npy
81,7,54.5553,897.567,gen0081_theta_nd_0007.npy,gen0081_A_nd_0007.npy
81,8,63.007,913.499,gen0081_theta_nd_0008.npy,gen0081_A_nd_0008.npy
81,9,62.3373,912.121,gen0081_theta_nd_0009.npy,gen0081_A_nd_0009.npy
81,10,60.6338,909.112,gen0081_theta_nd_0010.npy,gen0081_A_nd_0010.npy
81,11,49.8698,888.877,gen0081_theta_nd_0011.npy,gen0081_A_nd_0011.npy
81,12,53.3347,895.297,gen0081_theta_nd_0012.npy,gen0081_A_nd_0012.npy
81,13,57.0525,903.228,gen0081_theta_nd_0013.npy,gen0081_A_nd_0013.npy
81,14,50.4295,890.256,gen0081_theta_nd_0014.npy,gen0081_A_nd_0014.npy
81,15,55.2081,898.188,gen0081_theta_nd_0015.npy,gen0081_A_nd_0015.npy
81,16,51.9563,893.173,gen0081_theta_nd_0016.npy,gen0081_A_nd_0016.npy
81,17,48.7102,886.698,gen0081_theta_nd_0017.npy,gen0081_A_nd_0017.npy
81,18,60.3478,907.932,gen0081_theta_nd_0018.npy,gen0081_A_nd_0018.npy
81,19,61.0087,910.775,gen0081_theta_nd_0019.npy,gen0081_A_nd_0019.npy
81,20,56.8049,901.993,gen0081_theta_nd_0020.npy,gen0081_A_nd_0020.npy
81,21,62.562,912.965,gen0081_theta_nd_0021.npy,gen0081_A_nd_0021.npy
81,22,55.8448,899.936,gen0081_theta_nd_0022.npy,gen0081_A_nd_0022.npy
81,23,56.1478,900.98,gen0081_theta_nd_0023.npy,gen0081_A_nd_0023.npy
81,24,55.2252,899.333,gen0081_theta_nd_0024.npy,gen0081_A_nd_0024.npy
81,25,51.3066,892.502,gen0081_theta_nd_0025.npy,gen0081_A_nd_0025.npy
81,26,56.3134,901.831,gen0081_theta_nd_0026.npy,gen0081_A_nd_0026.npy
81,27,50.7657,890.783,gen0081_theta_nd_0027.npy,gen0081_A_nd_0027.npy
81,28,51.0682,892.057,gen0081_theta_nd_0028.npy,gen0081_A_nd_0028.npy
81,29,53.7972,896.209,gen0081_theta_nd_0029.npy,gen0081_A_nd_0029.npy
81,30,52.3545,893.644,gen0081_theta_nd_0030.npy,gen0081_A_nd_0030.npy
81,31,61.9191,911.899,gen0081_theta_nd_0031.npy,gen0081_A_nd_0031.npy
81,32,55.0795,897.928,gen0081_theta_nd_0032.npy,gen0081_A_nd_0032.npy
81,33,60.9047,909.863,gen0081_theta_nd_0033.npy,gen0081_A_nd_0033.npy
81,34,49.5666,888.638,gen0081_theta_nd_0034.npy,gen0081_A_nd_0034.npy
81,35,47.8417,886.106,gen0081_theta_nd_0035.npy,gen0081_A_nd_0035.npy
81,36,55.9652,900.621,gen0081_theta_nd_0036.npy,gen0081_A_nd_0036.npy
81,37,52.5854,894.21,gen0081_theta_nd_0037.npy,gen0081_A_nd_0037.npy
81,38,59.8046,907.764,gen0081_theta_nd_0038.npy,gen0081_A_nd_0038.npy
81,39,59.1943,905.411,gen0081_theta_nd_0039.npy,gen0081_A_nd_0039.npy
81,40,57.5866,904.242,gen0081_theta_nd_0040.npy,gen0081_A_nd_0040.npy
81,41,52.6216,895.103,gen0081_theta_nd_0041.npy,gen0081_A_nd_0041.npy
81,42,58.1865,904.263,gen0081_theta_nd_0042.npy,gen0081_A_nd_0042.npy
81,43,61.3529,911.176,gen0081_theta_nd_0043.npy,gen0081_A_nd_0043.npy
81,44,53.9488,896.85,gen0081_theta_nd_0044.npy,gen0081_A_nd_0044.npy
81,45,49.077,887.256,gen0081_theta_nd_0045.npy,gen0081_A_nd_0045.npy
81,46,56.9603,902.591,gen0081_theta_nd_0046.npy,gen0081_A_nd_0046.npy
81,47,58.4742,904.624,gen0081_theta_nd_0047.npy,gen0081_A_nd_0047.npy
81,48,54.1498,897.204,gen0081_theta_nd_0048.npy,gen0081_A_nd_0048.npy
81,49,57.3932,904.158,gen0081_theta_nd_0049.npy,gen0081_A_nd_0049.npy
81,50,51.6026,892.653,gen0081_theta_nd_0050.npy,gen0081_A_nd_0050.npy
81,51,60.0772,907.905,gen0081_theta_nd_0051.npy,gen0081_A_nd_0051.npy
81,52,61.2981,911.107,gen0081_theta_nd_0052.npy,gen0081_A_nd_0052.npy
81,53,54.801,897.7,gen0081_theta_nd_0053.npy,gen0081_A_nd_0053.npy
81,54,55.2786,899.673,gen0081_theta_nd_0054.npy,gen0081_A_nd_0054.npy
81,55,56.8965,902.585,gen0081_theta_nd_0055.npy,gen0081_A_nd_0055.npy
81,56,56.5669,901.962,gen0081_theta_nd_0056.npy,gen0081_A_nd_0056.npy
81,57,50.52,890.698,gen0081_theta_nd_0057.npy,gen0081_A_nd_0057.npy
81,58,54.0562,897.183,gen0081_theta_nd_0058.npy,gen0081_A_nd_0058.npy
81,59,56.1616,901.613,gen0081_theta_nd_0059.npy,gen0081_A_nd_0059.npy
81,60,60.5436,908.814,gen0081_theta_nd_0060.npy,gen0081_A_nd_0060.npy
82,0,53.7132,895.989,gen0082_theta_nd_0000.npy,gen0082_A_nd_0000.npy
82,1,59.7479,907.016,gen0082_theta_nd_0001.npy,gen0082_A_nd_0001.npy
82,2,50.9347,891.119,gen0082_theta_nd_0002.npy,gen0082_A_nd_0002.npy
82,3,59.2239,906.872,gen0082_theta_nd_0003.npy,gen0082_A_nd_0003.npy
82,4,50.1907,890.037,gen0082_theta_nd_0004.npy,gen0082_A_nd_0004.npy
82,5,54.5553,897.567,gen0082_theta_nd_0005.npy,gen0082_A_nd_0005.npy
82,6,63.007,913.499,gen0082_theta_nd_0006.npy,gen0082_A_nd_0006.npy
82,7,62.3373,912.121,gen0082_theta_nd_0007.npy,gen0082_A_nd_0007.npy
82,8,49.8698,888.877,gen0082_theta_nd_0008.npy,gen0082_A_nd_0008.npy
82,9,53.3347,895.297,gen0082_theta_nd_0009.npy,gen0082_A_nd_0009.npy
82,10,57.0525,903.228,gen0082_theta_nd_0010.npy,gen0082_A_nd_0010.npy
82,11,50.4295,890.256,gen0082_theta_nd_0011.npy,gen0082_A_nd_0011.npy
82,12,55.2081,898.188,gen0082_theta_nd_0012.npy,gen0082_A_nd_0012.npy
82,13,51.9563,893.173,gen0082_theta_nd_0013.npy,gen0082_A_nd_0013.npy
82,14,48.7102,886.698,gen0082_theta_nd_0014.npy,gen0082_A_nd_0014.npy
82,15,56.8049,901.993,gen0082_theta_nd_0015.npy,gen0082_A_nd_0015.npy
82,16,62.562,912.965,gen0082_theta_nd_0016.npy,gen0082_A_nd_0016.npy
82,17,55.8448,899.936,gen0082_theta_nd_0017.npy,gen0082_A_nd_0017.npy
82,18,51.3066,892.502,gen0082_theta_nd_0018.npy,gen0082_A_nd_0018.npy
82,19,50.7657,890.783,gen0082_theta_nd_0019.npy,gen0082_A_nd_0019.npy
82,20,53.7972,896.209,gen0082_theta_nd_0020.npy,gen0082_A_nd_0020.npy
82,21,52.3545,893.644,gen0082_theta_nd_0021.npy,gen0082_A_nd_0021.npy
82,22,61.9191,911.899,gen0082_theta_nd_0022.npy,gen0082_A_nd_0022.npy
82,23,55.0795,897.928,gen0082_theta_nd_0023.npy,gen0082_A_nd_0023.npy
82,24,49.5666,888.638,gen0082_theta_nd_0024.npy,gen0082_A_nd_0024.npy
82,25,52.5854,894.21,gen0082_theta_nd_0025.npy,gen0082_A_nd_0025.npy
82,26,59.1943,905.411,gen0082_theta_nd_0026.npy,gen0082_A_nd_0026.npy
82,27,52.6216,895.103,gen0082_theta_nd_0027.npy,gen0082_A_nd_0027.npy
82,28,58.1865,904.263,gen0082_theta_nd_0028.npy,gen0082_A_nd_0028.npy
82,29,61.3529,911.176,gen0082_theta_nd_0029.npy,gen0082_A_nd_0029.npy
82,30,53.9488,896.85,gen0082_theta_nd_0030.npy,gen0082_A_nd_0030.npy
82,31,49.077,887.256,gen0082_theta_nd_0031.npy,gen0082_A_nd_0031.npy
82,32,56.9603,902.591,gen0082_theta_nd_0032.npy,gen0082_A_nd_0032.npy
82,33,58.4742,904.624,gen0082_theta_nd_0033.npy,gen0082_A_nd_0033.npy
82,34,54.1498,897.204,gen0082_theta_nd_0034.npy,gen0082_A_nd_0034.npy
82,35,51.6026,892.653,gen0082_theta_nd_0035.npy,gen0082_A_nd_0035.npy
82,36,61.2981,911.107,gen0082_theta_nd_0036.npy,gen0082_A_nd_0036.npy
82,37,54.801,897.7,gen0082_theta_nd_0037.npy,gen0082_A_nd_0037.npy
82,38,56.5669,901.962,gen0082_theta_nd_0038.npy,gen0082_A_nd_0038.npy
82,39,50.52,890.698,gen0082_theta_nd_0039.npy,gen0082_A_nd_0039.npy
82,40,54.0562,897.183,gen0082_theta_nd_0040.npy,gen0082_A_nd_0040.npy
82,41,54.4529,897.257,gen0082_theta_nd_0041.npy,gen0082_A_nd_0041.npy
82,42,60.6029,908.1,gen0082_theta_nd_0042.npy,gen0082_A_nd_0042.npy
82,43,48.3593,884.761,gen0082_theta_nd_0043.npy,gen0082_A_nd_0043.npy
82,44,56.0321,900.301,gen0082_theta_nd_0044.npy,gen0082_A_nd_0044.npy
82,45,56.0629,900.39,gen0082_theta_nd_0045.npy,gen0082_A_nd_0045.npy
82,46,51.2123,891.881,gen0082_theta_nd_0046.npy,gen0082_A_nd_0046.npy
82,47,60.6017,907.329,gen0082_theta_nd_0047.npy,gen0082_A_nd_0047.npy
82,48,56.9017,902.442,gen0082_theta_nd_0048.npy,gen0082_A_nd_0048.npy
82,49,58.5341,904.749,gen0082_theta_nd_0049.npy,gen0082_A_nd_0049.npy
82,50,55.072,897.791,gen0082_theta_nd_0050.npy,gen0082_A_nd_0050.npy
82,51,55.4057,898.913,gen0082_theta_nd_0051.npy,gen0082_A_nd_0051.npy
82,52,56.442,900.548,gen0082_theta_nd_0052.npy,gen0082_A_nd_0052.npy
82,53,57.9058,903.844,gen0082_theta_nd_0053.npy,gen0082_A_nd_0053.npy
82,54,47.0732,883.858,gen0082_theta_nd_0054.npy,gen0082_A_nd_0054.npy
82,55,48.8279,886.887,gen0082_theta_nd_0055.npy,gen0082_A_nd_0055.npy
82,56,56.1155,900.528,gen0082_theta_nd_0056.npy,gen0082_A_nd_0056.npy
82,57,61.2785,908.866,gen0082_theta_nd_0057.npy,gen0082_A_nd_0057.npy
82,58,53.9426,896.242,gen0082_theta_nd_0058.npy,gen0082_A_nd_0058.npy
83,0,53.7132,895.989,gen0083_theta_nd_0000.npy,gen0083_A_nd_0000.npy
83,1,50.9347,891.119,gen0083_theta_nd_0001.npy,gen0083_A_nd_0001.npy
83,2,59.2239,906.872,gen0083_theta_nd_0002.npy,gen0083_A_nd_0002.npy
83,3,63.007,913.499,gen0083_theta_nd_0003.npy,gen0083_A_nd_0003.npy
83,4,62.3373,912.121,gen0083_theta_nd_0004.npy,gen0083_A_nd_0004.npy
83,5,49.8698,888.877,gen0083_theta_nd_0005.npy,gen0083_A_nd_0005.npy
83,6,53.3347,895.297,gen0083_theta_nd_0006.npy,gen0083_A_nd_0006.npy
83,7,57.0525,903.228,gen0083_theta_nd_0007.npy,gen0083_A_nd_0007.npy
83,8,55.2081,898.188,gen0083_theta_nd_0008.npy,gen0083_A_nd_0008.npy
83,9,51.9563,893.173,gen0083_theta_nd_0009.npy,gen0083_A_nd_0009.npy
83,10,56.8049,901.993,gen0083_theta_nd_0010.npy,gen0083_A_nd_0010.npy
83,11,62.562,912.965,gen0083_theta_nd_0011.npy,gen0083_A_nd_0011.npy
83,12,55.8448,899.936,gen0083_theta_nd_0012.npy,gen0083_A_nd_0012.npy
83,13,50.7657,890.783,gen0083_theta_nd_0013.npy,gen0083_A_nd_0013.npy
83,14,52.3545,893.644,gen0083_theta_nd_0014.npy,gen0083_A_nd_0014.npy
83,15,55.0795,897.928,gen0083_theta_nd_0015.npy,gen0083_A_nd_0015.npy
83,16,49.5666,888.638,gen0083_theta_nd_0016.npy,gen0083_A_nd_0016.npy
83,17,59.1943,905.411,gen0083_theta_nd_0017.npy,gen0083_A_nd_0017.npy
83,18,49.077,887.256,gen0083_theta_nd_0018.npy,gen0083_A_nd_0018.npy
83,19,56.9603,902.591,gen0083_theta_nd_0019.npy,gen0083_A_nd_0019.npy
83,20,58.4742,904.624,gen0083_theta_nd_0020.npy,gen0083_A_nd_0020.npy
83,21,51.6026,892.653,gen0083_theta_nd_0021.npy,gen0083_A_nd_0021.npy
83,22,54.801,897.7,gen0083_theta_nd_0022.npy,gen0083_A_nd_0022.npy
83,23,56.5669,901.962,gen0083_theta_nd_0023.npy,gen0083_A_nd_0023.npy
83,24,60.6029,908.1,gen0083_theta_nd_0024.npy,gen0083_A_nd_0024.npy
83,25,48.3593,884.761,gen0083_theta_nd_0025.npy,gen0083_A_nd_0025.npy
83,26,56.0629,900.39,gen0083_theta_nd_0026.npy,gen0083_A_nd_0026.npy
83,27,60.6017,907.329,gen0083_theta_nd_0027.npy,gen0083_A_nd_0027.npy
83,28,56.9017,902.442,gen0083_theta_nd_0028.npy,gen0083_A_nd_0028.npy
83,29,58.5341,904.749,gen0083_theta_nd_0029.npy,gen0083_A_nd_0029.npy
83,30,55.072,897.791,gen0083_theta_nd_0030.npy,gen0083_A_nd_0030.npy
83,31,56.442,900.548,gen0083_theta_nd_0031.npy,gen0083_A_nd_0031.npy
83,32,47.0732,883.858,gen0083_theta_nd_0032.npy,gen0083_A_nd_0032.npy
83,33,56.1155,900.528,gen0083_theta_nd_0033.npy,gen0083_A_nd_0033.npy
83,34,61.2785,908.866,gen0083_theta_nd_0034.npy,gen0083_A_nd_0034.npy
83,35,58.3097,903.462,gen0083_theta_nd_0035.npy,gen0083_A_nd_0035.npy
83,36,51.2235,891.735,gen0083_theta_nd_0036.npy,gen0083_A_nd_0036.npy
83,37,48.4826,885.86,gen0083_theta_nd_0037.npy,gen0083_A_nd_0037.npy
83,38,54.7123,897.117,gen0083_theta_nd_0038.npy,gen0083_A_nd_0038.npy
83,39,52.8436,893.712,gen0083_theta_nd_0039.npy,gen0083_A_nd_0039.npy
83,40,56.4486,900.673,gen0083_theta_nd_0040.npy,gen0083_A_nd_0040.npy
83,41,47.0147,883.238,gen0083_theta_nd_0041.npy,gen0083_A_nd_0041.npy
83,42,48.8921,886.708,gen0083_theta_nd_0042.npy,gen0083_A_nd_0042.npy
83,43,53.0812,894.824,gen0083_theta_nd_0043.npy,gen0083_A_nd_0043.npy
83,44,61.5691,909.686,gen0083_theta_nd_0044.npy,gen0083_A_nd_0044.npy
83,45,51.5226,892.298,gen0083_theta_nd_0045.npy,gen0083_A_nd_0045.npy
83,46,50.5596,890.035,gen0083_theta_nd_0046.npy,gen0083_A_nd_0046.npy
83,47,55.5999,898.789,gen0083_theta_nd_0047.npy,gen0083_A_nd_0047.npy
83,48,53.6583,895.882,gen0083_theta_nd_0048.npy,gen0083_A_nd_0048.npy
83,49,54.0099,896.1,gen0083_theta_nd_0049.npy,gen0083_A_nd_0049.npy
83,50,50.4059,889.731,gen0083_theta_nd_0050.npy,gen0083_A_nd_0050.npy
83,51,53.3341,894.948,gen0083_theta_nd_0051.npy,gen0083_A_nd_0051.npy
83,52,56.0335,900.197,gen0083_theta_nd_0052.npy,gen0083_A_nd_0052.npy
83,53,54.0844,897.003,gen0083_theta_nd_0053.npy,gen0083_A_nd_0053.npy
83,54,48.7619,886.67,gen0083_theta_nd_0054.npy,gen0083_A_nd_0054.npy
83,55,61.9392,911.12,gen0083_theta_nd_0055.npy,gen0083_A_nd_0055.npy
83,56,60.0458,906.955,gen0083_theta_nd_0056.npy,gen0083_A_nd_0056.npy
83,57,55.3125,898.742,gen0083_theta_nd_0057.npy,gen0083_A_nd_0057.npy
84,0,50.6372,888.795,gen0084_theta_nd_0000.npy,gen0084_A_nd_0000.npy
84,1,60.6017,907.329,gen0084_theta_nd_0001.npy,gen0084_A_nd_0001.npy
84,2,56.4486,900.673,gen0084_theta_nd_0002.npy,gen0084_A_nd_0002.npy
84,3,54.7123,897.117,gen0084_theta_nd_0003.npy,gen0084_A_nd_0003.npy
84,4,58.8745,904.653,gen0084_theta_nd_0004.npy,gen0084_A_nd_0004.npy
84,5,48.3593,884.761,gen0084_theta_nd_0005.npy,gen0084_A_nd_0005.npy
84,6,53.3347,895.297,gen0084_theta_nd_0006.npy,gen0084_A_nd_0006.npy
84,7,50.6963,890.58,gen0084_theta_nd_0007.npy,gen0084_A_nd_0007.npy
84,8,50.7657,890.783,gen0084_theta_nd_0008.npy,gen0084_A_nd_0008.npy
84,9,51.0869,891.591,gen0084_theta_nd_0009.npy,gen0084_A_nd_0009.npy
84,10,59.1943,905.411,gen0084_theta_nd_0010.npy,gen0084_A_nd_0010.npy
84,11,55.6457,899.463,gen0084_theta_nd_0011.npy,gen0084_A_nd_0011.npy
84,12,54.0099,896.1,gen0084_theta_nd_0012.npy,gen0084_A_nd_0012.npy
84,13,47.0147,883.238,gen0084_theta_nd_0013.npy,gen0084_A_nd_0013.npy
84,14,60.8012,908.075,gen0084_theta_nd_0014.npy,gen0084_A_nd_0014.npy
84,15,56.0629,900.39,gen0084_theta_nd_0015.npy,gen0084_A_nd_0015.npy
84,16,63.007,913.499,gen0084_theta_nd_0016.npy,gen0084_A_nd_0016.npy
84,17,49.077,887.256,gen0084_theta_nd_0017.npy,gen0084_A_nd_0017.npy
84,18,55.8689,899.914,gen0084_theta_nd_0018.npy,gen0084_A_nd_0018.npy
84,19,56.829,901.567,gen0084_theta_nd_0019.npy,gen0084_A_nd_0019.npy
84,20,62.0882,911.88,gen0084_theta_nd_0020.npy,gen0084_A_nd_0020.npy
84,21,57.0917,902.164,gen0084_theta_nd_0021.npy,gen0084_A_nd_0021.npy
84,22,61.9392,911.12,gen0084_theta_nd_0022.npy,gen0084_A_nd_0022.npy
84,23,55.2081,898.188,gen0084_theta_nd_0023.npy,gen0084_A_nd_0023.npy
84,24,58.4742,904.624,gen0084_theta_nd_0024.npy,gen0084_A_nd_0024.npy
84,25,51.9563,893.173,gen0084_theta_nd_0025.npy,gen0084_A_nd_0025.npy
84,26,51.4803,891.922,gen0084_theta_nd_0026.npy,gen0084_A_nd_0026.npy
84,27,53.0812,894.824,gen0084_theta_nd_0027.npy,gen0084_A_nd_0027.npy
84,28,48.8921,886.708,gen0084_theta_nd_0028.npy,gen0084_A_nd_0028.npy
84,29,58.3744,903.817,gen0084_theta_nd_0029.npy,gen0084_A_nd_0029.npy
84,30,49.5666,888.638,gen0084_theta_nd_0030.npy,gen0084_A_nd_0030.npy
84,31,52.3545,893.644,gen0084_theta_nd_0031.npy,gen0084_A_nd_0031.npy
84,32,55.3125,898.742,gen0084_theta_nd_0032.npy,gen0084_A_nd_0032.npy
84,33,47.0732,883.858,gen0084_theta_nd_0033.npy,gen0084_A_nd_0033.npy
84,34,60.1002,907.159,gen0084_theta_nd_0034.npy,gen0084_A_nd_0034.npy
84,35,48.4826,885.86,gen0084_theta_nd_0035.npy,gen0084_A_nd_0035.npy
84,36,56.5581,901.004,gen0084_theta_nd_0036.npy,gen0084_A_nd_0036.npy
84,37,61.5691,909.686,gen0084_theta_nd_0037.npy,gen0084_A_nd_0037.npy
84,38,54.849,897.566,gen0084_theta_nd_0038.npy,gen0084_A_nd_0038.npy
84,39,62.562,912.965,gen0084_theta_nd_0039.npy,gen0084_A_nd_0039.npy
84,40,54.2979,896.379,gen0084_theta_nd_0040.npy,gen0084_A_nd_0040.npy
84,41,52.8436,893.712,gen0084_theta_nd_0041.npy,gen0084_A_nd_0041.npy
84,42,49.3728,888.125,gen0084_theta_nd_0042.npy,gen0084_A_nd_0042.npy
84,43,57.3874,903.086,gen0084_theta_nd_0043.npy,gen0084_A_nd_0043.npy
84,44,61.2785,908.866,gen0084_theta_nd_0044.npy,gen0084_A_nd_0044.npy
84,45,51.6026,892.653,gen0084_theta_nd_0045.npy,gen0084_A_nd_0045.npy
84,46,48.879,886.219,gen0084_theta_nd_0046.npy,gen0084_A_nd_0046.npy
84,47,53.6583,895.882,gen0084_theta_nd_0047.npy,gen0084_A_nd_0047.npy
84,48,53.3341,894.948,gen0084_theta_nd_0048.npy,gen0084_A_nd_0048.npy
84,49,56.1155,900.528,gen0084_theta_nd_0049.npy,gen0084_A_nd_0049.npy
84,50,56.442,900.548,gen0084_theta_nd_0050.npy,gen0084_A_nd_0050.npy
84,51,57.4423,903.273,gen0084_theta_nd_0051.npy,gen0084_A_nd_0051.npy
84,52,50.9347,891.119,gen0084_theta_nd_0052.npy,gen0084_A_nd_0052.npy
84,53,62.3373,912.121,gen0084_theta_nd_0053.npy,gen0084_A_nd_0053.npy
84,54,51.2235,891.735,gen0084_theta_nd_0054.npy,gen0084_A_nd_0054.npy
84,55,54.4152,896.882,gen0084_theta_nd_0055.npy,gen0084_A_nd_0055.npy
84,56,58.3097,903.462,gen0084_theta_nd_0056.npy,gen0084_A_nd_0056.npy
84,57,55.5999,898.789,gen0084_theta_nd_0057.npy,gen0084_A_nd_0057.npy
84,58,55.0795,897.928,gen0084_theta_nd_0058.npy,gen0084_A_nd_0058.npy
84,59,53.7132,895.989,gen0084_theta_nd_0059.npy,gen0084_A_nd_0059.npy
84,60,51.5226,892.298,gen0084_theta_nd_0060.npy,gen0084_A_nd_0060.npy
85,0,61.5691,909.686,gen0085_theta_nd_0000.npy,gen0085_A_nd_0000.npy
85,1,50.9771,891.097,gen0085_theta_nd_0001.npy,gen0085_A_nd_0001.npy
85,2,53.7132,895.989,gen0085_theta_nd_0002.npy,gen0085_A_nd_0002.npy
85,3,53.3341,894.948,gen0085_theta_nd_0003.npy,gen0085_A_nd_0003.npy
85,4,56.5581,901.004,gen0085_theta_nd_0004.npy,gen0085_A_nd_0004.npy
85,5,62.562,912.965,gen0085_theta_nd_0005.npy,gen0085_A_nd_0005.npy
85,6,55.6768,899.266,gen0085_theta_nd_0006.npy,gen0085_A_nd_0006.npy
85,7,60.6017,907.329,gen0085_theta_nd_0007.npy,gen0085_A_nd_0007.npy
85,8,55.2081,898.188,gen0085_theta_nd_0008.npy,gen0085_A_nd_0008.npy
85,9,48.4826,885.86,gen0085_theta_nd_0009.npy,gen0085_A_nd_0009.npy
85,10,58.8745,904.653,gen0085_theta_nd_0010.npy,gen0085_A_nd_0010.npy
85,11,57.4423,903.273,gen0085_theta_nd_0011.npy,gen0085_A_nd_0011.npy
85,12,48.3593,884.761,gen0085_theta_nd_0012.npy,gen0085_A_nd_0012.npy
85,13,63.007,913.499,gen0085_theta_nd_0013.npy,gen0085_A_nd_0013.npy
85,14,52.196,893.581,gen0085_theta_nd_0014.npy,gen0085_A_nd_0014.npy
85,15,49.5666,888.638,gen0085_theta_nd_0015.npy,gen0085_A_nd_0015.npy
85,16,53.6605,895.388,gen0085_theta_nd_0016.npy,gen0085_A_nd_0016.npy
85,17,63.3938,913.52,gen0085_theta_nd_0017.npy,gen0085_A_nd_0017.npy
85,18,60.1002,907.159,gen0085_theta_nd_0018.npy,gen0085_A_nd_0018.npy
85,19,58.3097,903.462,gen0085_theta_nd_0019.npy,gen0085_A_nd_0019.npy
85,20,62.3373,912.121,gen0085_theta_nd_0020.npy,gen0085_A_nd_0020.npy
85,21,49.1268,887.876,gen0085_theta_nd_0021.npy,gen0085_A_nd_0021.npy
85,22,50.8267,889.859,gen0085_theta_nd_0022.npy,gen0085_A_nd_0022.npy
85,23,52.8436,893.712,gen0085_theta_nd_0023.npy,gen0085_A_nd_0023.npy
85,24,58.4742,904.624,gen0085_theta_nd_0024.npy,gen0085_A_nd_0024.npy
85,25,57.0917,902.164,gen0085_theta_nd_0025.npy,gen0085_A_nd_0025.npy
85,26,51.5372,891.695,gen0085_theta_nd_0026.npy,gen0085_A_nd_0026.npy
85,27,55.0795,897.928,gen0085_theta_nd_0027.npy,gen0085_A_nd_0027.npy
85,28,47.0147,883.238,gen0085_theta_nd_0028.npy,gen0085_A_nd_0028.npy
85,29,56.9092,901.534,gen0085_theta_nd_0029.npy,gen0085_A_nd_0029.npy
85,30,51.6026,892.653,gen0085_theta_nd_0030.npy,gen0085_A_nd_0030.npy
85,31,57.2095,902.809,gen0085_theta_nd_0031.npy,gen0085_A_nd_0031.npy
85,32,54.7123,897.117,gen0085_theta_nd_0032.npy,gen0085_A_nd_0032.npy
85,33,55.5999,898.789,gen0085_theta_nd_0033.npy,gen0085_A_nd_0033.npy
85,34,51.9563,893.173,gen0085_theta_nd_0034.npy,gen0085_A_nd_0034.npy
85,35,61.2785,908.866,gen0085_theta_nd_0035.npy,gen0085_A_nd_0035.npy
85,36,49.0818,887.15,gen0085_theta_nd_0036.npy,gen0085_A_nd_0036.npy
85,37,48.879,886.219,gen0085_theta_nd_0037.npy,gen0085_A_nd_0037.npy
85,38,50.6372,888.795,gen0085_theta_nd_0038.npy,gen0085_A_nd_0038.npy
85,39,59.4979,905.673,gen0085_theta_nd_0039.npy,gen0085_A_nd_0039.npy
85,40,51.3007,891.511,gen0085_theta_nd_0040.npy,gen0085_A_nd_0040.npy
85,41,60.8012,908.075,gen0085_theta_nd_0041.npy,gen0085_A_nd_0041.npy
85,42,56.1155,900.528,gen0085_theta_nd_0042.npy,gen0085_A_nd_0042.npy
85,43,47.1422,884.436,gen0085_theta_nd_0043.npy,gen0085_A_nd_0043.npy
85,44,59.935,907.092,gen0085_theta_nd_0044.npy,gen0085_A_nd_0044.npy
85,45,54.5251,896.7,gen0085_theta_nd_0045.npy,gen0085_A_nd_0045.npy
85,46,59.1943,905.411,gen0085_theta_nd_0046.npy,gen0085_A_nd_0046.npy
85,47,55.8689,899.914,gen0085_theta_nd_0047.npy,gen0085_A_nd_0047.npy
85,48,54.2979,896.379,gen0085_theta_nd_0048.npy,gen0085_A_nd_0048.npy
85,49,47.0732,883.858,gen0085_theta_nd_0049.npy,gen0085_A_nd_0049.npy
85,50,62.2585,910.642,gen0085_theta_nd_0050.npy,gen0085_A_nd_0050.npy
85,51,58.3744,903.817,gen0085_theta_nd_0051.npy,gen0085_A_nd_0051.npy
85,52,55.4529,898.679,gen0085_theta_nd_0052.npy,gen0085_A_nd_0052.npy
85,53,55.4224,898.323,gen0085_theta_nd_0053.npy,gen0085_A_nd_0053.npy
85,54,54.423,896.625,gen0085_theta_nd_0054.npy,gen0085_A_nd_0054.npy
85,55,58.8924,905.036,gen0085_theta_nd_0055.npy,gen0085_A_nd_0055.npy
85,56,49.0084,886.331,gen0085_theta_nd_0056.npy,gen0085_A_nd_0056.npy
85,57,51.1155,891.188,gen0085_theta_nd_0057.npy,gen0085_A_nd_0057.npy
85,58,54.849,897.566,gen0085_theta_nd_0058.npy,gen0085_A_nd_0058.npy
85,59,52.3545,893.644,gen0085_theta_nd_0059.npy,gen0085_A_nd_0059.npy
85,60,49.3728,888.125,gen0085_theta_nd_0060.npy,gen0085_A_nd_0060.npy
86,0,61.5691,909.686,gen0086_theta_nd_0000.npy,gen0086_A_nd_0000.npy
86,1,50.6372,888.795,gen0086_theta_nd_0001.npy,gen0086_A_nd_0001.npy
86,2,60.8012,908.075,gen0086_theta_nd_0002.npy,gen0086_A_nd_0002.npy
86,3,55.2314,897.951,gen0086_theta_nd_0003.npy,gen0086_A_nd_0003.npy
86,4,59.1943,905.411,gen0086_theta_nd_0004.npy,gen0086_A_nd_0004.npy
86,5,58.3744,903.817,gen0086_theta_nd_0005.npy,gen0086_A_nd_0005.npy
86,6,61.3703,908.883,gen0086_theta_nd_0006.npy,gen0086_A_nd_0006.npy
86,7,49.8202,888.165,gen0086_theta_nd_0007.npy,gen0086_A_nd_0007.npy
86,8,54.849,897.566,gen0086_theta_nd_0008.npy,gen0086_A_nd_0008.npy
86,9,59.4979,905.673,gen0086_theta_nd_0009.npy,gen0086_A_nd_0009.npy
86,10,51.3007,891.511,gen0086_theta_nd_0010.npy,gen0086_A_nd_0010.npy
86,11,60.1002,907.159,gen0086_theta_nd_0011.npy,gen0086_A_nd_0011.npy
86,12,57.0917,902.164,gen0086_theta_nd_0012.npy,gen0086_A_nd_0012.npy
86,13,63.007,913.499,gen0086_theta_nd_0013.npy,gen0086_A_nd_0013.npy
86,14,45.7752,880.281,gen0086_theta_nd_0014.npy,gen0086_A_nd_0014.npy
86,15,62.4694,912.086,gen0086_theta_nd_0015.npy,gen0086_A_nd_0015.npy
86,16,56.188,900.298,gen0086_theta_nd_0016.npy,gen0086_A_nd_0016.npy
86,17,59.935,907.092,gen0086_theta_nd_0017.npy,gen0086_A_nd_0017.npy
86,18,60.6017,907.329,gen0086_theta_nd_0018.npy,gen0086_A_nd_0018.npy
86,19,53.6605,895.388,gen0086_theta_nd_0019.npy,gen0086_A_nd_0019.npy
86,20,49.0818,887.15,gen0086_theta_nd_0020.npy,gen0086_A_nd_0020.npy
86,21,63.3938,913.52,gen0086_theta_nd_0021.npy,gen0086_A_nd_0021.npy
86,22,54.2979,896.379,gen0086_theta_nd_0022.npy,gen0086_A_nd_0022.npy
86,23,47.0147,883.238,gen0086_theta_nd_0023.npy,gen0086_A_nd_0023.npy
86,24,57.2095,902.809,gen0086_theta_nd_0024.npy,gen0086_A_nd_0024.npy
86,25,52.8436,893.712,gen0086_theta_nd_0025.npy,gen0086_A_nd_0025.npy
86,26,54.5394,896.882,gen0086_theta_nd_0026.npy,gen0086_A_nd_0026.npy
86,27,50.9771,891.097,gen0086_theta_nd_0027.npy,gen0086_A_nd_0027.npy
86,28,58.8311,904.504,gen0086_theta_nd_0028.npy,gen0086_A_nd_0028.npy
86,29,49.578,887.474,gen0086_theta_nd_0029.npy,gen0086_A_nd_0029.npy
86,30,55.6768,899.266,gen0086_theta_nd_0030.npy,gen0086_A_nd_0030.npy
86,31,52.86,894.183,gen0086_theta_nd_0031.npy,gen0086_A_nd_0031.npy
86,32,53.7132,895.989,gen0086_theta_nd_0032.npy,gen0086_A_nd_0032.npy
86,33,58.1236,903.239,gen0086_theta_nd_0033.npy,gen0086_A_nd_0033.npy
86,34,48.7597,885.865,gen0086_theta_nd_0034.npy,gen0086_A_nd_0034.npy
86,35,52.2263,892.933,gen0086_theta_nd_0035.npy,gen0086_A_nd_0035.npy
86,36,50.8267,889.859,gen0086_theta_nd_0036.npy,gen0086_A_nd_0036.npy
86,37,49.0084,886.331,gen0086_theta_nd_0037.npy,gen0086_A_nd_0037.npy
86,38,55.4529,898.679,gen0086_theta_nd_0038.npy,gen0086_A_nd_0038.npy
86,39,56.9092,901.534,gen0086_theta_nd_0039.npy,gen0086_A_nd_0039.npy
86,40,61.1457,908.563,gen0086_theta_nd_0040.npy,gen0086_A_nd_0040.npy
86,41,53.3341,894.948,gen0086_theta_nd_0041.npy,gen0086_A_nd_0041.npy
86,42,55.94,899.934,gen0086_theta_nd_0042.npy,gen0086_A_nd_0042.npy
86,43,56.5581,901.004,gen0086_theta_nd_0043.npy,gen0086_A_nd_0043.npy
86,44,62.2585,910.642,gen0086_theta_nd_0044.npy,gen0086_A_nd_0044.npy
86,45,51.9602,892.249,gen0086_theta_nd_0045.npy,gen0086_A_nd_0045.npy
86,46,58.8924,905.036,gen0086_theta_nd_0046.npy,gen0086_A_nd_0046.npy
86,47,48.3593,884.761,gen0086_theta_nd_0047.npy,gen0086_A_nd_0047.npy
86,48,47.0732,883.858,gen0086_theta_nd_0048.npy,gen0086_A_nd_0048.npy
86,49,55.8689,899.914,gen0086_theta_nd_0049.npy,gen0086_A_nd_0049.npy
86,50,54.423,896.625,gen0086_theta_nd_0050.npy,gen0086_A_nd_0050.npy
86,51,52.7203,893.508,gen0086_theta_nd_0051.npy,gen0086_A_nd_0051.npy
86,52,61.2785,908.866,gen0086_theta_nd_0052.npy,gen0086_A_nd_0052.npy
86,53,55.4224,898.323,gen0086_theta_nd_0053.npy,gen0086_A_nd_0053.npy
86,54,60.2974,907.25,gen0086_theta_nd_0054.npy,gen0086_A_nd_0054.npy
86,55,48.879,886.219,gen0086_theta_nd_0055.npy,gen0086_A_nd_0055.npy
86,56,54.998,897.672,gen0086_theta_nd_0056.npy,gen0086_A_nd_0056.npy
86,57,55.0795,897.928,gen0086_theta_nd_0057.npy,gen0086_A_nd_0057.npy
86,58,48.7353,885.682,gen0086_theta_nd_0058.npy,gen0086_A_nd_0058.npy
86,59,51.5372,891.695,gen0086_theta_nd_0059.npy,gen0086_A_nd_0059.npy
86,60,58.8745,904.653,gen0086_theta_nd_0060.npy,gen0086_A_nd_0060.npy
87,0,51.3252,890.707,gen0087_theta_nd_0000.npy,gen0087_A_nd_0000.npy
87,1,62.9047,912.738,gen0087_theta_nd_0001.npy,gen0087_A_nd_0001.npy
87,2,56.9092,901.534,gen0087_theta_nd_0002.npy,gen0087_A_nd_0002.npy
87,3,56.4353,900.167,gen0087_theta_nd_0003.npy,gen0087_A_nd_0003.npy
87,4,48.3593,884.761,gen0087_theta_nd_0004.npy,gen0087_A_nd_0004.npy
87,5,55.7845,898.822,gen0087_theta_nd_0005.npy,gen0087_A_nd_0005.npy
87,6,61.6275,910.169,gen0087_theta_nd_0006.npy,gen0087_A_nd_0006.npy
87,7,51.0393,890.574,gen0087_theta_nd_0007.npy,gen0087_A_nd_0007.npy
87,8,47.7957,883.71,gen0087_theta_nd_0008.npy,gen0087_A_nd_0008.npy
87,9,55.94,899.934,gen0087_theta_nd_0009.npy,gen0087_A_nd_0009.npy
87,10,59.754,906.262,gen0087_theta_nd_0010.npy,gen0087_A_nd_0010.npy
87,11,49.2681,886.692,gen0087_theta_nd_0011.npy,gen0087_A_nd_0011.npy
87,12,57.214,902.946,gen0087_theta_nd_0012.npy,gen0087_A_nd_0012.npy
87,13,62.4694,912.086,gen0087_theta_nd_0013.npy,gen0087_A_nd_0013.npy
87,14,61.3703,908.883,gen0087_theta_nd_0014.npy,gen0087_A_nd_0014.npy
87,15,55.5163,898.462,gen0087_theta_nd_0015.npy,gen0087_A_nd_0015.npy
87,16,58.3744,903.817,gen0087_theta_nd_0016.npy,gen0087_A_nd_0016.npy
87,17,45.7752,880.281,gen0087_theta_nd_0017.npy,gen0087_A_nd_0017.npy
87,18,61.1457,908.563,gen0087_theta_nd_0018.npy,gen0087_A_nd_0018.npy
87,19,46.4467,881.272,gen0087_theta_nd_0019.npy,gen0087_A_nd_0019.npy
87,20,52.8436,893.712,gen0087_theta_nd_0020.npy,gen0087_A_nd_0020.npy
87,21,49.8202,888.165,gen0087_theta_nd_0021.npy,gen0087_A_nd_0021.npy
87,22,52.1999,892.703,gen0087_theta_nd_0022.npy,gen0087_A_nd_0022.npy
87,23,47.0147,883.238,gen0087_theta_nd_0023.npy,gen0087_A_nd_0023.npy
87,24,51.9602,892.249,gen0087_theta_nd_0024.npy,gen0087_A_nd_0024.npy
87,25,49.578,887.474,gen0087_theta_nd_0025.npy,gen0087_A_nd_0025.npy
87,26,60.1653,906.829,gen0087_theta_nd_0026.npy,gen0087_A_nd_0026.npy
87,27,54.2979,896.379,gen0087_theta_nd_0027.npy,gen0087_A_nd_0027.npy
87,28,52.86,894.183,gen0087_theta_nd_0028.npy,gen0087_A_nd_0028.npy
87,29,63.3938,913.52,gen0087_theta_nd_0029.npy,gen0087_A_nd_0029.npy
87,30,50.6372,888.795,gen0087_theta_nd_0030.npy,gen0087_A_nd_0030.npy
87,31,59.4348,905.481,gen0087_theta_nd_0031.npy,gen0087_A_nd_0031.npy
87,32,54.5394,896.882,gen0087_theta_nd_0032.npy,gen0087_A_nd_0032.npy
87,33,48.7597,885.865,gen0087_theta_nd_0033.npy,gen0087_A_nd_0033.npy
87,34,49.0084,886.331,gen0087_theta_nd_0034.npy,gen0087_A_nd_0034.npy
87,35,54.1768,895.917,gen0087_theta_nd_0035.npy,gen0087_A_nd_0035.npy
87,36,62.2585,910.642,gen0087_theta_nd_0036.npy,gen0087_A_nd_0036.npy
87,37,60.6017,907.329,gen0087_theta_nd_0037.npy,gen0087_A_nd_0037.npy
87,38,51.7068,891.124,gen0087_theta_nd_0038.npy,gen0087_A_nd_0038.npy
87,39,55.2314,897.951,gen0087_theta_nd_0039.npy,gen0087_A_nd_0039.npy
87,40,53.6745,894.618,gen0087_theta_nd_0040.npy,gen0087_A_nd_0040.npy
87,41,52.2263,892.933,gen0087_theta_nd_0041.npy,gen0087_A_nd_0041.npy
87,42,58.1236,903.239,gen0087_theta_nd_0042.npy,gen0087_A_nd_0042.npy
87,43,50.8267,889.859,gen0087_theta_nd_0043.npy,gen0087_A_nd_0043.npy
87,44,58.8924,905.036,gen0087_theta_nd_0044.npy,gen0087_A_nd_0044.npy
87,45,57.0917,902.164,gen0087_theta_nd_0045.npy,gen0087_A_nd_0045.npy
87,46,63.007,913.499,gen0087_theta_nd_0046.npy,gen0087_A_nd_0046.npy
87,47,54.9159,897.389,gen0087_theta_nd_0047.npy,gen0087_A_nd_0047.npy
87,48,56.5581,901.004,gen0087_theta_nd_0048.npy,gen0087_A_nd_0048.npy
87,49,46.7159,882.651,gen0087_theta_nd_0049.npy,gen0087_A_nd_0049.npy
87,50,58.8311,904.504,gen0087_theta_nd_0050.npy,gen0087_A_nd_0050.npy
87,51,60.8012,908.075,gen0087_theta_nd_0051.npy,gen0087_A_nd_0051.npy
87,52,50.7816,889.307,gen0087_theta_nd_0052.npy,gen0087_A_nd_0052.npy
87,53,57.2095,902.809,gen0087_theta_nd_0053.npy,gen0087_A_nd_0053.npy
87,54,61.2785,908.866,gen0087_theta_nd_0054.npy,gen0087_A_nd_0054.npy
87,55,54.6745,896.988,gen0087_theta_nd_0055.npy,gen0087_A_nd_0055.npy
87,56,54.998,897.672,gen0087_theta_nd_0056.npy,gen0087_A_nd_0056.npy
87,57,59.4979,905.673,gen0087_theta_nd_0057.npy,gen0087_A_nd_0057.npy
87,58,60.7795,907.892,gen0087_theta_nd_0058.npy,gen0087_A_nd_0058.npy
87,59,48.7353,885.682,gen0087_theta_nd_0059.npy,gen0087_A_nd_0059.npy
87,60,47.0243,883.429,gen0087_theta_nd_0060.npy,gen0087_A_nd_0060.npy
88,0,58.4151,903.773,gen0088_theta_nd_0000.npy,gen0088_A_nd_0000.npy
88,1,51.9324,891.69,gen0088_theta_nd_0001.npy,gen0088_A_nd_0001.npy
88,2,60.5489,907.092,gen0088_theta_nd_0002.npy,gen0088_A_nd_0002.npy
88,3,55.3396,897.67,gen0088_theta_nd_0003.npy,gen0088_A_nd_0003.npy
88,4,63.4281,912.404,gen0088_theta_nd_0004.npy,gen0088_A_nd_0004.npy
88,5,54.1768,895.917,gen0088_theta_nd_0005.npy,gen0088_A_nd_0005.npy
88,6,46.4467,881.272,gen0088_theta_nd_0006.npy,gen0088_A_nd_0006.npy
88,7,45.7752,880.281,gen0088_theta_nd_0007.npy,gen0088_A_nd_0007.npy
88,8,56.0961,899.208,gen0088_theta_nd_0008.npy,gen0088_A_nd_0008.npy
88,9,61.0826,908.163,gen0088_theta_nd_0009.npy,gen0088_A_nd_0009.npy
88,10,48.7353,885.682,gen0088_theta_nd_0010.npy,gen0088_A_nd_0010.npy
88,11,61.6275,910.169,gen0088_theta_nd_0011.npy,gen0088_A_nd_0011.npy
88,12,51.9602,892.249,gen0088_theta_nd_0012.npy,gen0088_A_nd_0012.npy
88,13,49.2681,886.692,gen0088_theta_nd_0013.npy,gen0088_A_nd_0013.npy
88,14,53.2338,894.524,gen0088_theta_nd_0014.npy,gen0088_A_nd_0014.npy
88,15,49.0084,886.331,gen0088_theta_nd_0015.npy,gen0088_A_nd_0015.npy
88,16,59.754,906.262,gen0088_theta_nd_0016.npy,gen0088_A_nd_0016.npy
88,17,60.7965,907.224,gen0088_theta_nd_0017.npy,gen0088_A_nd_0017.npy
88,18,61.3703,908.883,gen0088_theta_nd_0018.npy,gen0088_A_nd_0018.npy
88,19,53.6745,894.618,gen0088_theta_nd_0019.npy,gen0088_A_nd_0019.npy
88,20,50.7816,889.307,gen0088_theta_nd_0020.npy,gen0088_A_nd_0020.npy
88,21,54.5518,896.057,gen0088_theta_nd_0021.npy,gen0088_A_nd_0021.npy
88,22,56.4353,900.167,gen0088_theta_nd_0022.npy,gen0088_A_nd_0022.npy
88,23,52.86,894.183,gen0088_theta_nd_0023.npy,gen0088_A_nd_0023.npy
88,24,51.0996,890.122,gen0088_theta_nd_0024.npy,gen0088_A_nd_0024.npy
88,25,53.9544,895.156,gen0088_theta_nd_0025.npy,gen0088_A_nd_0025.npy
88,26,49.3752,887.306,gen0088_theta_nd_0026.npy,gen0088_A_nd_0026.npy
88,27,51.7068,891.124,gen0088_theta_nd_0027.npy,gen0088_A_nd_0027.npy
88,28,51.3252,890.707,gen0088_theta_nd_0028.npy,gen0088_A_nd_0028.npy
88,29,49.7915,887.799,gen0088_theta_nd_0029.npy,gen0088_A_nd_0029.npy
88,30,57.0917,902.164,gen0088_theta_nd_0030.npy,gen0088_A_nd_0030.npy
88,31,60.1653,906.829,gen0088_theta_nd_0031.npy,gen0088_A_nd_0031.npy
88,32,55.5163,898.462,gen0088_theta_nd_0032.npy,gen0088_A_nd_0032.npy
88,33,57.214,902.946,gen0088_theta_nd_0033.npy,gen0088_A_nd_0033.npy
88,34,54.6745,896.988,gen0088_theta_nd_0034.npy,gen0088_A_nd_0034.npy
88,35,59.4979,905.673,gen0088_theta_nd_0035.npy,gen0088_A_nd_0035.npy
88,36,48.3593,884.761,gen0088_theta_nd_0036.npy,gen0088_A_nd_0036.npy
88,37,52.2263,892.933,gen0088_theta_nd_0037.npy,gen0088_A_nd_0037.npy
88,38,47.0243,883.429,gen0088_theta_nd_0038.npy,gen0088_A_nd_0038.npy
88,39,58.1236,903.239,gen0088_theta_nd_0039.npy,gen0088_A_nd_0039.npy
88,40,62.4694,912.086,gen0088_theta_nd_0040.npy,gen0088_A_nd_0040.npy
88,41,62.2585,910.642,gen0088_theta_nd_0041.npy,gen0088_A_nd_0041.npy
88,42,47.0147,883.238,gen0088_theta_nd_0042.npy,gen0088_A_nd_0042.npy
88,43,55.6935,898.722,gen0088_theta_nd_0043.npy,gen0088_A_nd_0043.npy
88,44,46.7159,882.651,gen0088_theta_nd_0044.npy,gen0088_A_nd_0044.npy
88,45,58.8924,905.036,gen0088_theta_nd_0045.npy,gen0088_A_nd_0045.npy
88,46,50.6372,888.795,gen0088_theta_nd_0046.npy,gen0088_A_nd_0046.npy
88,47,59.4348,905.481,gen0088_theta_nd_0047.npy,gen0088_A_nd_0047.npy
88,48,47.7957,883.71,gen0088_theta_nd_0048.npy,gen0088_A_nd_0048.npy
88,49,61.2785,908.866,gen0088_theta_nd_0049.npy,gen0088_A_nd_0049.npy
88,50,61.1457,908.563,gen0088_theta_nd_0050.npy,gen0088_A_nd_0050.npy
88,51,56.9092,901.534,gen0088_theta_nd_0051.npy,gen0088_A_nd_0051.npy
88,52,56.5581,901.004,gen0088_theta_nd_0052.npy,gen0088_A_nd_0052.npy
88,53,60.8012,908.075,gen0088_theta_nd_0053.npy,gen0088_A_nd_0053.npy
88,54,52.1999,892.703,gen0088_theta_nd_0054.npy,gen0088_A_nd_0054.npy
88,55,58.8311,904.504,gen0088_theta_nd_0055.npy,gen0088_A_nd_0055.npy
88,56,49.8202,888.165,gen0088_theta_nd_0056.npy,gen0088_A_nd_0056.npy
88,57,51.9944,892.641,gen0088_theta_nd_0057.npy,gen0088_A_nd_0057.npy
88,58,55.7845,898.822,gen0088_theta_nd_0058.npy,gen0088_A_nd_0058.npy
88,59,52.8436,893.712,gen0088_theta_nd_0059.npy,gen0088_A_nd_0059.npy
88,60,55.8593,898.926,gen0088_theta_nd_0060.npy,gen0088_A_nd_0060.npy
89,0,55.2612,897.321,gen0089_theta_nd_0000.npy,gen0089_A_nd_0000.npy
89,1,49.7915,887.799,gen0089_theta_nd_0001.npy,gen0089_A_nd_0001.npy
89,2,46.6424,881.713,gen0089_theta_nd_0002.npy,gen0089_A_nd_0002.npy
89,3,58.4151,903.773,gen0089_theta_nd_0003.npy,gen0089_A_nd_0003.npy
89,4,49.5136,887.058,gen0089_theta_nd_0004.npy,gen0089_A_nd_0004.npy
89,5,62.4694,912.086,gen0089_theta_nd_0005.npy,gen0089_A_nd_0005.npy
89,6,58.4938,904.477,gen0089_theta_nd_0006.npy,gen0089_A_nd_0006.npy
89,7,63.4281,912.404,gen0089_theta_nd_0007.npy,gen0089_A_nd_0007.npy
89,8,61.0826,908.163,gen0089_theta_nd_0008.npy,gen0089_A_nd_0008.npy
89,9,60.1653,906.829,gen0089_theta_nd_0009.npy,gen0089_A_nd_0009.npy
89,10,49.0084,886.331,gen0089_theta_nd_0010.npy,gen0089_A_nd_0010.npy
89,11,46.7193,882.302,gen0089_theta_nd_0011.npy,gen0089_A_nd_0011.npy
89,12,51.7068,891.124,gen0089_theta_nd_0012.npy,gen0089_A_nd_0012.npy
89,13,50.1659,888.342,gen0089_theta_nd_0013.npy,gen0089_A_nd_0013.npy
89,14,61.6275,910.169,gen0089_theta_nd_0014.npy,gen0089_A_nd_0014.npy
89,15,56.643,900.675,gen0089_theta_nd_0015.npy,gen0089_A_nd_0015.npy
89,16,56.3533,900.014,gen0089_theta_nd_0016.npy,gen0089_A_nd_0016.npy
89,17,54.5518,896.057,gen0089_theta_nd_0017.npy,gen0089_A_nd_0017.npy
89,18,53.6745,894.618,gen0089_theta_nd_0018.npy,gen0089_A_nd_0018.npy
89,19,54.6745,896.988,gen0089_theta_nd_0019.npy,gen0089_A_nd_0019.npy
89,20,57.0917,902.164,gen0089_theta_nd_0020.npy,gen0089_A_nd_0020.npy
89,21,48.7353,885.682,gen0089_theta_nd_0021.npy,gen0089_A_nd_0021.npy
89,22,60.7965,907.224,gen0089_theta_nd_0022.npy,gen0089_A_nd_0022.npy
89,23,58.1236,903.239,gen0089_theta_nd_0023.npy,gen0089_A_nd_0023.npy
89,24,56.0961,899.208,gen0089_theta_nd_0024.npy,gen0089_A_nd_0024.npy
89,25,62.2585,910.642,gen0089_theta_nd_0025.npy,gen0089_A_nd_0025.npy
89,26,54.1768,895.917,gen0089_theta_nd_0026.npy,gen0089_A_nd_0026.npy
89,27,51.3252,890.707,gen0089_theta_nd_0027.npy,gen0089_A_nd_0027.npy
89,28,52.2263,892.933,gen0089_theta_nd_0028.npy,gen0089_A_nd_0028.npy
89,29,45.7752,880.281,gen0089_theta_nd_0029.npy,gen0089_A_nd_0029.npy
89,30,51.0996,890.122,gen0089_theta_nd_0030.npy,gen0089_A_nd_0030.npy
89,31,50.6372,888.795,gen0089_theta_nd_0031.npy,gen0089_A_nd_0031.npy
89,32,55.5163,898.462,gen0089_theta_nd_0032.npy,gen0089_A_nd_0032.npy
89,33,53.2338,894.524,gen0089_theta_nd_0033.npy,gen0089_A_nd_0033.npy
89,34,48.4809,885.099,gen0089_theta_nd_0034.npy,gen0089_A_nd_0034.npy
89,35,56.6628,900.983,gen0089_theta_nd_0035.npy,gen0089_A_nd_0035.npy
89,36,51.9324,891.69,gen0089_theta_nd_0036.npy,gen0089_A_nd_0036.npy
89,37,51.9602,892.249,gen0089_theta_nd_0037.npy,gen0089_A_nd_0037.npy
89,38,49.2681,886.692,gen0089_theta_nd_0038.npy,gen0089_A_nd_0038.npy
89,39,46.4467,881.272,gen0089_theta_nd_0039.npy,gen0089_A_nd_0039.npy
89,40,53.9544,895.156,gen0089_theta_nd_0040.npy,gen0089_A_nd_0040.npy
89,41,50.7816,889.307,gen0089_theta_nd_0041.npy,gen0089_A_nd_0041.npy
89,42,60.5193,906.997,gen0089_theta_nd_0042.npy,gen0089_A_nd_0042.npy
89,43,57.7133,902.5,gen0089_theta_nd_0043.npy,gen0089_A_nd_0043.npy
89,44,48.3641,884.431,gen0089_theta_nd_0044.npy,gen0089_A_nd_0044.npy
89,45,61.3703,908.883,gen0089_theta_nd_0045.npy,gen0089_A_nd_0045.npy
89,46,47.7957,883.71,gen0089_theta_nd_0046.npy,gen0089_A_nd_0046.npy
89,47,59.0344,904.629,gen0089_theta_nd_0047.npy,gen0089_A_nd_0047.npy
89,48,52.8436,893.712,gen0089_theta_nd_0048.npy,gen0089_A_nd_0048.npy
89,49,55.6935,898.722,gen0089_theta_nd_0049.npy,gen0089_A_nd_0049.npy
89,50,59.62,905.611,gen0089_theta_nd_0050.npy,gen0089_A_nd_0050.npy
89,51,52.1999,892.703,gen0089_theta_nd_0051.npy,gen0089_A_nd_0051.npy
89,52,47.6643,883.18,gen0089_theta_nd_0052.npy,gen0089_A_nd_0052.npy
89,53,55.7845,898.822,gen0089_theta_nd_0053.npy,gen0089_A_nd_0053.npy
89,54,60.0868,906.225,gen0089_theta_nd_0054.npy,gen0089_A_nd_0054.npy
89,55,58.8311,904.504,gen0089_theta_nd_0055.npy,gen0089_A_nd_0055.npy
89,56,55.8593,898.926,gen0089_theta_nd_0056.npy,gen0089_A_nd_0056.npy
89,57,51.9944,892.641,gen0089_theta_nd_0057.npy,gen0089_A_nd_0057.npy
89,58,61.1457,908.563,gen0089_theta_nd_0058.npy,gen0089_A_nd_0058.npy
89,59,56.4353,900.167,gen0089_theta_nd_0059.npy,gen0089_A_nd_0059.npy
89,60,55.3396,897.67,gen0089_theta_nd_0060.npy,gen0089_A_nd_0060.npy
90,0,62.4694,912.086,gen0090_theta_nd_0000.npy,gen0090_A_nd_0000.npy
90,1,52.0564,892.087,gen0090_theta_nd_0001.npy,gen0090_A_nd_0001.npy
90,2,52.8436,893.712,gen0090_theta_nd_0002.npy,gen0090_A_nd_0002.npy
90,3,54.5518,896.057,gen0090_theta_nd_0003.npy,gen0090_A_nd_0003.npy
90,4,50.7816,889.307,gen0090_theta_nd_0004.npy,gen0090_A_nd_0004.npy
90,5,57.7133,902.5,gen0090_theta_nd_0005.npy,gen0090_A_nd_0005.npy
90,6,60.7965,907.224,gen0090_theta_nd_0006.npy,gen0090_A_nd_0006.npy
90,7,53.6745,894.618,gen0090_theta_nd_0007.npy,gen0090_A_nd_0007.npy
90,8,63.4281,912.404,gen0090_theta_nd_0008.npy,gen0090_A_nd_0008.npy
90,9,51.9324,891.69,gen0090_theta_nd_0009.npy,gen0090_A_nd_0009.npy
90,10,54.1768,895.917,gen0090_theta_nd_0010.npy,gen0090_A_nd_0010.npy
90,11,60.5193,906.997,gen0090_theta_nd_0011.npy,gen0090_A_nd_0011.npy
90,12,59.62,905.611,gen0090_theta_nd_0012.npy,gen0090_A_nd_0012.npy
90,13,49.9734,888.147,gen0090_theta_nd_0013.npy,gen0090_A_nd_0013.npy
90,14,55.2612,897.321,gen0090_theta_nd_0014.npy,gen0090_A_nd_0014.npy
90,15,49.2681,886.692,gen0090_theta_nd_0015.npy,gen0090_A_nd_0015.npy
90,16,56.3533,900.014,gen0090_theta_nd_0016.npy,gen0090_A_nd_0016.npy
90,17,45.7491,880.052,gen0090_theta_nd_0017.npy,gen0090_A_nd_0017.npy
90,18,49.5136,887.058,gen0090_theta_nd_0018.npy,gen0090_A_nd_0018.npy
90,19,55.3427,898.324,gen0090_theta_nd_0019.npy,gen0090_A_nd_0019.npy
90,20,51.7068,891.124,gen0090_theta_nd_0020.npy,gen0090_A_nd_0020.npy
90,21,54.6745,896.988,gen0090_theta_nd_0021.npy,gen0090_A_nd_0021.npy
90,22,48.9077,886.201,gen0090_theta_nd_0022.npy,gen0090_A_nd_0022.npy
90,23,46.6424,881.713,gen0090_theta_nd_0023.npy,gen0090_A_nd_0023.npy
90,24,58.5952,904.149,gen0090_theta_nd_0024.npy,gen0090_A_nd_0024.npy
90,25,46.4467,881.272,gen0090_theta_nd_0025.npy,gen0090_A_nd_0025.npy
90,26,62.2585,910.642,gen0090_theta_nd_0026.npy,gen0090_A_nd_0026.npy
90,27,45.8935,880.57,gen0090_theta_nd_0027.npy,gen0090_A_nd_0027.npy
90,28,49.7915,887.799,gen0090_theta_nd_0028.npy,gen0090_A_nd_0028.npy
90,29,61.3703,908.883,gen0090_theta_nd_0029.npy,gen0090_A_nd_0029.npy
90,30,55.9762,898.944,gen0090_theta_nd_0030.npy,gen0090_A_nd_0030.npy
90,31,48.0949,884.369,gen0090_theta_nd_0031.npy,gen0090_A_nd_0031.npy
90,32,52.6631,892.832,gen0090_theta_nd_0032.npy,gen0090_A_nd_0032.npy
90,33,47.733,882.678,gen0090_theta_nd_0033.npy,gen0090_A_nd_0033.npy
90,34,53.2338,894.524,gen0090_theta_nd_0034.npy,gen0090_A_nd_0034.npy
90,35,57.4596,902.255,gen0090_theta_nd_0035.npy,gen0090_A_nd_0035.npy
90,36,55.6455,898.697,gen0090_theta_nd_0036.npy,gen0090_A_nd_0036.npy
90,37,61.0826,908.163,gen0090_theta_nd_0037.npy,gen0090_A_nd_0037.npy
90,38,48.4634,884.724,gen0090_theta_nd_0038.npy,gen0090_A_nd_0038.npy
90,39,53.9544,895.156,gen0090_theta_nd_0039.npy,gen0090_A_nd_0039.npy
90,40,56.4353,900.167,gen0090_theta_nd_0040.npy,gen0090_A_nd_0040.npy
90,41,51.0996,890.122,gen0090_theta_nd_0041.npy,gen0090_A_nd_0041.npy
90,42,60.1653,906.829,gen0090_theta_nd_0042.npy,gen0090_A_nd_0042.npy
90,43,52.1999,892.703,gen0090_theta_nd_0043.npy,gen0090_A_nd_0043.npy
90,44,61.6275,910.169,gen0090_theta_nd_0044.npy,gen0090_A_nd_0044.npy
90,45,48.7353,885.682,gen0090_theta_nd_0045.npy,gen0090_A_nd_0045.npy
90,46,58.1236,903.239,gen0090_theta_nd_0046.npy,gen0090_A_nd_0046.npy
90,47,47.7957,883.71,gen0090_theta_nd_0047.npy,gen0090_A_nd_0047.npy
90,48,58.4151,903.773,gen0090_theta_nd_0048.npy,gen0090_A_nd_0048.npy
90,49,59.0344,904.629,gen0090_theta_nd_0049.npy,gen0090_A_nd_0049.npy
90,50,50.6372,888.795,gen0090_theta_nd_0050.npy,gen0090_A_nd_0050.npy
90,51,56.6628,900.983,gen0090_theta_nd_0051.npy,gen0090_A_nd_0051.npy
90,52,61.5537,910.12,gen0090_theta_nd_0052.npy,gen0090_A_nd_0052.npy
90,53,58.8312,904.481,gen0090_theta_nd_0053.npy,gen0090_A_nd_0053.npy
90,54,57.3124,901.913,gen0090_theta_nd_0054.npy,gen0090_A_nd_0054.npy
90,55,60.0868,906.225,gen0090_theta_nd_0055.npy,gen0090_A_nd_0055.npy
90,56,46.9319,881.719,gen0090_theta_nd_0056.npy,gen0090_A_nd_0056.npy
90,57,49.728,887.496,gen0090_theta_nd_0057.npy,gen0090_A_nd_0057.npy
90,58,45.7752,880.281,gen0090_theta_nd_0058.npy,gen0090_A_nd_0058.npy
90,59,51.3252,890.707,gen0090_theta_nd_0059.npy,gen0090_A_nd_0059.npy
90,60,55.3396,897.67,gen0090_theta_nd_0060.npy,gen0090_A_nd_0060.npy
91,0,47.9899,883.283,gen0091_theta_nd_0000.npy,gen0091_A_nd_0000.npy
91,1,58.1236,903.239,gen0091_theta_nd_0001.npy,gen0091_A_nd_0001.npy
91,2,49.5136,887.058,gen0091_theta_nd_0002.npy,gen0091_A_nd_0002.npy
91,3,55.3427,898.324,gen0091_theta_nd_0003.npy,gen0091_A_nd_0003.npy
91,4,49.7915,887.799,gen0091_theta_nd_0004.npy,gen0091_A_nd_0004.npy
91,5,59.0344,904.629,gen0091_theta_nd_0005.npy,gen0091_A_nd_0005.npy
91,6,48.4634,884.724,gen0091_theta_nd_0006.npy,gen0091_A_nd_0006.npy
91,7,50.7816,889.307,gen0091_theta_nd_0007.npy,gen0091_A_nd_0007.npy
91,8,52.8436,893.712,gen0091_theta_nd_0008.npy,gen0091_A_nd_0008.npy
91,9,52.4796,892.153,gen0091_theta_nd_0009.npy,gen0091_A_nd_0009.npy
91,10,60.1653,906.829,gen0091_theta_nd_0010.npy,gen0091_A_nd_0010.npy
91,11,58.5952,904.149,gen0091_theta_nd_0011.npy,gen0091_A_nd_0011.npy
91,12,62.4694,912.086,gen0091_theta_nd_0012.npy,gen0091_A_nd_0012.npy
91,13,56.1398,899.84,gen0091_theta_nd_0013.npy,gen0091_A_nd_0013.npy
91,14,56.4353,900.167,gen0091_theta_nd_0014.npy,gen0091_A_nd_0014.npy
91,15,61.3703,908.883,gen0091_theta_nd_0015.npy,gen0091_A_nd_0015.npy
91,16,58.5173,903.436,gen0091_theta_nd_0016.npy,gen0091_A_nd_0016.npy
91,17,57.7133,902.5,gen0091_theta_nd_0017.npy,gen0091_A_nd_0017.npy
91,18,53.2003,894.484,gen0091_theta_nd_0018.npy,gen0091_A_nd_0018.npy
91,19,60.5193,906.997,gen0091_theta_nd_0019.npy,gen0091_A_nd_0019.npy
91,20,59.3759,905.398,gen0091_theta_nd_0020.npy,gen0091_A_nd_0020.npy
91,21,45.8935,880.57,gen0091_theta_nd_0021.npy,gen0091_A_nd_0021.npy
91,22,50.094,887.988,gen0091_theta_nd_0022.npy,gen0091_A_nd_0022.npy
91,23,50.6372,888.795,gen0091_theta_nd_0023.npy,gen0091_A_nd_0023.npy
91,24,48.7625,886.086,gen0091_theta_nd_0024.npy,gen0091_A_nd_0024.npy
91,25,51.7821,890.92,gen0091_theta_nd_0025.npy,gen0091_A_nd_0025.npy
91,26,54.1768,895.917,gen0091_theta_nd_0026.npy,gen0091_A_nd_0026.npy
91,27,55.2612,897.321,gen0091_theta_nd_0027.npy,gen0091_A_nd_0027.npy
91,28,52.0537,891.564,gen0091_theta_nd_0028.npy,gen0091_A_nd_0028.npy
91,29,45.7491,880.052,gen0091_theta_nd_0029.npy,gen0091_A_nd_0029.npy
91,30,54.5518,896.057,gen0091_theta_nd_0030.npy,gen0091_A_nd_0030.npy
91,31,62.2585,910.642,gen0091_theta_nd_0031.npy,gen0091_A_nd_0031.npy
91,32,49.2681,886.692,gen0091_theta_nd_0032.npy,gen0091_A_nd_0032.npy
91,33,55.9762,898.944,gen0091_theta_nd_0033.npy,gen0091_A_nd_0033.npy
91,34,63.4281,912.404,gen0091_theta_nd_0034.npy,gen0091_A_nd_0034.npy
91,35,57.4596,902.255,gen0091_theta_nd_0035.npy,gen0091_A_nd_0035.npy
91,36,59.62,905.611,gen0091_theta_nd_0036.npy,gen0091_A_nd_0036.npy
91,37,53.9544,895.156,gen0091_theta_nd_0037.npy,gen0091_A_nd_0037.npy
91,38,51.0996,890.122,gen0091_theta_nd_0038.npy,gen0091_A_nd_0038.npy
91,39,52.6631,892.832,gen0091_theta_nd_0039.npy,gen0091_A_nd_0039.npy
91,40,48.7353,885.682,gen0091_theta_nd_0040.npy,gen0091_A_nd_0040.npy
91,41,47.733,882.678,gen0091_theta_nd_0041.npy,gen0091_A_nd_0041.npy
91,42,61.0948,907.989,gen0091_theta_nd_0042.npy,gen0091_A_nd_0042.npy
91,43,52.0564,892.087,gen0091_theta_nd_0043.npy,gen0091_A_nd_0043.npy
91,44,46.6424,881.713,gen0091_theta_nd_0044.npy,gen0091_A_nd_0044.npy
91,45,46.4467,881.272,gen0091_theta_nd_0045.npy,gen0091_A_nd_0045.npy
91,46,53.7251,894.511,gen0091_theta_nd_0046.npy,gen0091_A_nd_0046.npy
91,47,54.8389,896.539,gen0091_theta_nd_0047.npy,gen0091_A_nd_0047.npy
91,48,55.6455,898.697,gen0091_theta_nd_0048.npy,gen0091_A_nd_0048.npy
91,49,61.6275,910.169,gen0091_theta_nd_0049.npy,gen0091_A_nd_0049.npy
91,50,48.0949,884.369,gen0091_theta_nd_0050.npy,gen0091_A_nd_0050.npy
91,51,60.7965,907.224,gen0091_theta_nd_0051.npy,gen0091_A_nd_0051.npy
91,52,48.9077,886.201,gen0091_theta_nd_0052.npy,gen0091_A_nd_0052.npy
91,53,45.7752,880.281,gen0091_theta_nd_0053.npy,gen0091_A_nd_0053.npy
91,54,56.3533,900.014,gen0091_theta_nd_0054.npy,gen0091_A_nd_0054.npy
91,55,61.5537,910.12,gen0091_theta_nd_0055.npy,gen0091_A_nd_0055.npy
91,56,58.8312,904.481,gen0091_theta_nd_0056.npy,gen0091_A_nd_0056.npy
91,57,58.2035,903.258,gen0091_theta_nd_0057.npy,gen0091_A_nd_0057.npy
91,58,46.9319,881.719,gen0091_theta_nd_0058.npy,gen0091_A_nd_0058.npy
91,59,51.3252,890.707,gen0091_theta_nd_0059.npy,gen0091_A_nd_0059.npy
91,60,49.728,887.496,gen0091_theta_nd_0060.npy,gen0091_A_nd_0060.npy
92,0,55.2612,897.321,gen0092_theta_nd_0000.npy,gen0092_A_nd_0000.npy
92,1,61.6585,909.764,gen0092_theta_nd_0001.npy,gen0092_A_nd_0001.npy
92,2,59.62,905.611,gen0092_theta_nd_0002.npy,gen0092_A_nd_0002.npy
92,3,61.3703,908.883,gen0092_theta_nd_0003.npy,gen0092_A_nd_0003.npy
92,4,51.1681,890.349,gen0092_theta_nd_0004.npy,gen0092_A_nd_0004.npy
92,5,59.33,905.081,gen0092_theta_nd_0005.npy,gen0092_A_nd_0005.npy
92,6,46.4467,881.272,gen0092_theta_nd_0006.npy,gen0092_A_nd_0006.npy
92,7,56.1398,899.84,gen0092_theta_nd_0007.npy,gen0092_A_nd_0007.npy
92,8,60.7965,907.224,gen0092_theta_nd_0008.npy,gen0092_A_nd_0008.npy
92,9,46.6424,881.713,gen0092_theta_nd_0009.npy,gen0092_A_nd_0009.npy
92,10,62.4694,912.086,gen0092_theta_nd_0010.npy,gen0092_A_nd_0010.npy
92,11,56.8659,901.371,gen0092_theta_nd_0011.npy,gen0092_A_nd_0011.npy
92,12,52.8436,893.712,gen0092_theta_nd_0012.npy,gen0092_A_nd_0012.npy
92,13,47.733,882.678,gen0092_theta_nd_0013.npy,gen0092_A_nd_0013.npy
92,14,49.5854,886.589,gen0092_theta_nd_0014.npy,gen0092_A_nd_0014.npy
92,15,52.0037,891.515,gen0092_theta_nd_0015.npy,gen0092_A_nd_0015.npy
92,16,45.8935,880.57,gen0092_theta_nd_0016.npy,gen0092_A_nd_0016.npy
92,17,50.094,887.988,gen0092_theta_nd_0017.npy,gen0092_A_nd_0017.npy
92,18,50.9735,889.559,gen0092_theta_nd_0018.npy,gen0092_A_nd_0018.npy
92,19,47.3403,882.282,gen0092_theta_nd_0019.npy,gen0092_A_nd_0019.npy
92,20,48.9077,886.201,gen0092_theta_nd_0020.npy,gen0092_A_nd_0020.npy
92,21,55.4597,897.698,gen0092_theta_nd_0021.npy,gen0092_A_nd_0021.npy
92,22,55.9762,898.944,gen0092_theta_nd_0022.npy,gen0092_A_nd_0022.npy
92,23,53.7251,894.511,gen0092_theta_nd_0023.npy,gen0092_A_nd_0023.npy
92,24,50.7816,889.307,gen0092_theta_nd_0024.npy,gen0092_A_nd_0024.npy
92,25,48.8056,885.511,gen0092_theta_nd_0025.npy,gen0092_A_nd_0025.npy
92,26,58.5173,903.436,gen0092_theta_nd_0026.npy,gen0092_A_nd_0026.npy
92,27,52.6163,892.532,gen0092_theta_nd_0027.npy,gen0092_A_nd_0027.npy
92,28,48.4634,884.724,gen0092_theta_nd_0028.npy,gen0092_A_nd_0028.npy
92,29,55.6455,898.697,gen0092_theta_nd_0029.npy,gen0092_A_nd_0029.npy
92,30,54.8389,896.539,gen0092_theta_nd_0030.npy,gen0092_A_nd_0030.npy
92,31,60.5193,906.997,gen0092_theta_nd_0031.npy,gen0092_A_nd_0031.npy
92,32,54.1768,895.917,gen0092_theta_nd_0032.npy,gen0092_A_nd_0032.npy
92,33,52.2304,891.603,gen0092_theta_nd_0033.npy,gen0092_A_nd_0033.npy
92,34,57.7133,902.5,gen0092_theta_nd_0034.npy,gen0092_A_nd_0034.npy
92,35,62.2585,910.642,gen0092_theta_nd_0035.npy,gen0092_A_nd_0035.npy
92,36,47.8865,883.188,gen0092_theta_nd_0036.npy,gen0092_A_nd_0036.npy
92,37,51.7574,890.683,gen0092_theta_nd_0037.npy,gen0092_A_nd_0037.npy
92,38,49.9955,887.488,gen0092_theta_nd_0038.npy,gen0092_A_nd_0038.npy
92,39,57.4596,902.255,gen0092_theta_nd_0039.npy,gen0092_A_nd_0039.npy
92,40,54.5518,896.057,gen0092_theta_nd_0040.npy,gen0092_A_nd_0040.npy
92,41,45.7491,880.052,gen0092_theta_nd_0041.npy,gen0092_A_nd_0041.npy
92,42,48.0949,884.369,gen0092_theta_nd_0042.npy,gen0092_A_nd_0042.npy
92,43,53.9544,895.156,gen0092_theta_nd_0043.npy,gen0092_A_nd_0043.npy
92,44,58.7787,903.615,gen0092_theta_nd_0044.npy,gen0092_A_nd_0044.npy
92,45,58.8953,904.201,gen0092_theta_nd_0045.npy,gen0092_A_nd_0045.npy
92,46,58.1236,903.239,gen0092_theta_nd_0046.npy,gen0092_A_nd_0046.npy
92,47,56.4353,900.167,gen0092_theta_nd_0047.npy,gen0092_A_nd_0047.npy
92,48,60.1653,906.829,gen0092_theta_nd_0048.npy,gen0092_A_nd_0048.npy
92,49,50.6372,888.795,gen0092_theta_nd_0049.npy,gen0092_A_nd_0049.npy
92,50,63.4281,912.404,gen0092_theta_nd_0050.npy,gen0092_A_nd_0050.npy
92,51,61.0948,907.989,gen0092_theta_nd_0051.npy,gen0092_A_nd_0051.npy
92,52,52.6631,892.832,gen0092_theta_nd_0052.npy,gen0092_A_nd_0052.npy
92,53,51.7821,890.92,gen0092_theta_nd_0053.npy,gen0092_A_nd_0053.npy
92,54,50.2949,888.45,gen0092_theta_nd_0054.npy,gen0092_A_nd_0054.npy
92,55,52.0537,891.564,gen0092_theta_nd_0055.npy,gen0092_A_nd_0055.npy
92,56,49.7899,887.386,gen0092_theta_nd_0056.npy,gen0092_A_nd_0056.npy
92,57,48.0094,883.215,gen0092_theta_nd_0057.npy,gen0092_A_nd_0057.npy
92,58,59.1603,904.493,gen0092_theta_nd_0058.npy,gen0092_A_nd_0058.npy
92,59,58.2035,903.258,gen0092_theta_nd_0059.npy,gen0092_A_nd_0059.npy
92,60,62.1726,910.412,gen0092_theta_nd_0060.npy,gen0092_A_nd_0060.npy
93,0,50.6372,888.795,gen0093_theta_nd_0000.npy,gen0093_A_nd_0000.npy
93,1,46.4467,881.272,gen0093_theta_nd_0001.npy,gen0093_A_nd_0001.npy
93,2,52.0037,891.515,gen0093_theta_nd_0002.npy,gen0093_A_nd_0002.npy
93,3,60.5193,906.997,gen0093_theta_nd_0003.npy,gen0093_A_nd_0003.npy
93,4,55.9762,898.944,gen0093_theta_nd_0004.npy,gen0093_A_nd_0004.npy
93,5,48.4634,884.724,gen0093_theta_nd_0005.npy,gen0093_A_nd_0005.npy
93,6,48.0135,883.704,gen0093_theta_nd_0006.npy,gen0093_A_nd_0006.npy
93,7,51.7574,890.683,gen0093_theta_nd_0007.npy,gen0093_A_nd_0007.npy
93,8,45.8935,880.57,gen0093_theta_nd_0008.npy,gen0093_A_nd_0008.npy
93,9,56.8659,901.371,gen0093_theta_nd_0009.npy,gen0093_A_nd_0009.npy
93,10,46.6424,881.713,gen0093_theta_nd_0010.npy,gen0093_A_nd_0010.npy
93,11,45.7491,880.052,gen0093_theta_nd_0011.npy,gen0093_A_nd_0011.npy
93,12,61.6585,909.764,gen0093_theta_nd_0012.npy,gen0093_A_nd_0012.npy
93,13,61.0948,907.989,gen0093_theta_nd_0013.npy,gen0093_A_nd_0013.npy
93,14,59.3173,904.793,gen0093_theta_nd_0014.npy,gen0093_A_nd_0014.npy
93,15,52.6631,892.832,gen0093_theta_nd_0015.npy,gen0093_A_nd_0015.npy
93,16,56.4353,900.167,gen0093_theta_nd_0016.npy,gen0093_A_nd_0016.npy
93,17,60.1653,906.829,gen0093_theta_nd_0017.npy,gen0093_A_nd_0017.npy
93,18,54.5741,895.991,gen0093_theta_nd_0018.npy,gen0093_A_nd_0018.npy
93,19,55.3478,896.904,gen0093_theta_nd_0019.npy,gen0093_A_nd_0019.npy
93,20,58.8953,904.201,gen0093_theta_nd_0020.npy,gen0093_A_nd_0020.npy
93,21,48.9522,885.155,gen0093_theta_nd_0021.npy,gen0093_A_nd_0021.npy
93,22,51.4588,890.117,gen0093_theta_nd_0022.npy,gen0093_A_nd_0022.npy
93,23,46.8307,882.127,gen0093_theta_nd_0023.npy,gen0093_A_nd_0023.npy
93,24,52.6163,892.532,gen0093_theta_nd_0024.npy,gen0093_A_nd_0024.npy
93,25,52.2304,891.603,gen0093_theta_nd_0025.npy,gen0093_A_nd_0025.npy
93,26,56.2137,899.852,gen0093_theta_nd_0026.npy,gen0093_A_nd_0026.npy
93,27,50.094,887.988,gen0093_theta_nd_0027.npy,gen0093_A_nd_0027.npy
93,28,47.733,882.678,gen0093_theta_nd_0028.npy,gen0093_A_nd_0028.npy
93,29,52.8436,893.712,gen0093_theta_nd_0029.npy,gen0093_A_nd_0029.npy
93,30,54.1303,895.096,gen0093_theta_nd_0030.npy,gen0093_A_nd_0030.npy
93,31,61.8847,909.96,gen0093_theta_nd_0031.npy,gen0093_A_nd_0031.npy
93,32,55.4597,897.698,gen0093_theta_nd_0032.npy,gen0093_A_nd_0032.npy
93,33,57.4596,902.255,gen0093_theta_nd_0033.npy,gen0093_A_nd_0033.npy
93,34,49.9955,887.488,gen0093_theta_nd_0034.npy,gen0093_A_nd_0034.npy
93,35,53.7675,894.575,gen0093_theta_nd_0035.npy,gen0093_A_nd_0035.npy
93,36,58.0716,903.092,gen0093_theta_nd_0036.npy,gen0093_A_nd_0036.npy
93,37,54.8389,896.539,gen0093_theta_nd_0037.npy,gen0093_A_nd_0037.npy
93,38,60.7965,907.224,gen0093_theta_nd_0038.npy,gen0093_A_nd_0038.npy
93,39,50.7949,889.238,gen0093_theta_nd_0039.npy,gen0093_A_nd_0039.npy
93,40,63.4281,912.404,gen0093_theta_nd_0040.npy,gen0093_A_nd_0040.npy
93,41,62.4694,912.086,gen0093_theta_nd_0041.npy,gen0093_A_nd_0041.npy
93,42,58.7787,903.615,gen0093_theta_nd_0042.npy,gen0093_A_nd_0042.npy
93,43,59.62,905.611,gen0093_theta_nd_0043.npy,gen0093_A_nd_0043.npy
93,44,49.5854,886.589,gen0093_theta_nd_0044.npy,gen0093_A_nd_0044.npy
93,45,47.8865,883.188,gen0093_theta_nd_0045.npy,gen0093_A_nd_0045.npy
93,46,58.5173,903.436,gen0093_theta_nd_0046.npy,gen0093_A_nd_0046.npy
93,47,62.2585,910.642,gen0093_theta_nd_0047.npy,gen0093_A_nd_0047.npy
93,48,49.6314,886.747,gen0093_theta_nd_0048.npy,gen0093_A_nd_0048.npy
93,49,55.7715,898.397,gen0093_theta_nd_0049.npy,gen0093_A_nd_0049.npy
93,50,57.7133,902.5,gen0093_theta_nd_0050.npy,gen0093_A_nd_0050.npy
93,51,61.3703,908.883,gen0093_theta_nd_0051.npy,gen0093_A_nd_0051.npy
93,52,59.1603,904.493,gen0093_theta_nd_0052.npy,gen0093_A_nd_0052.npy
93,53,56.1243,899.078,gen0093_theta_nd_0053.npy,gen0093_A_nd_0053.npy
93,54,53.7251,894.511,gen0093_theta_nd_0054.npy,gen0093_A_nd_0054.npy
93,55,56.3255,900.118,gen0093_theta_nd_0055.npy,gen0093_A_nd_0055.npy
93,56,51.5465,890.627,gen0093_theta_nd_0056.npy,gen0093_A_nd_0056.npy
93,57,48.0094,883.215,gen0093_theta_nd_0057.npy,gen0093_A_nd_0057.npy
93,58,59.33,905.081,gen0093_theta_nd_0058.npy,gen0093_A_nd_0058.npy
93,59,50.2949,888.45,gen0093_theta_nd_0059.npy,gen0093_A_nd_0059.npy
93,60,47.3403,882.282,gen0093_theta_nd_0060.npy,gen0093_A_nd_0060.npy
94,0,53.7675,894.575,gen0094_theta_nd_0000.npy,gen0094_A_nd_0000.npy
94,1,60.7965,907.224,gen0094_theta_nd_0001.npy,gen0094_A_nd_0001.npy
94,2,47.733,882.678,gen0094_theta_nd_0002.npy,gen0094_A_nd_0002.npy
94,3,61.8847,909.96,gen0094_theta_nd_0003.npy,gen0094_A_nd_0003.npy
94,4,53.0838,893.661,gen0094_theta_nd_0004.npy,gen0094_A_nd_0004.npy
94,5,54.5741,895.991,gen0094_theta_nd_0005.npy,gen0094_A_nd_0005.npy
94,6,52.2304,891.603,gen0094_theta_nd_0006.npy,gen0094_A_nd_0006.npy
94,7,61.5183,908.733,gen0094_theta_nd_0007.npy,gen0094_A_nd_0007.npy
94,8,58.0716,903.092,gen0094_theta_nd_0008.npy,gen0094_A_nd_0008.npy
94,9,55.7715,898.397,gen0094_theta_nd_0009.npy,gen0094_A_nd_0009.npy
94,10,56.7565,901.024,gen0094_theta_nd_0010.npy,gen0094_A_nd_0010.npy
94,11,54.9896,896.686,gen0094_theta_nd_0011.npy,gen0094_A_nd_0011.npy
94,12,62.596,911.747,gen0094_theta_nd_0012.npy,gen0094_A_nd_0012.npy
94,13,56.2332,899.783,gen0094_theta_nd_0013.npy,gen0094_A_nd_0013.npy
94,14,53.497,893.823,gen0094_theta_nd_0014.npy,gen0094_A_nd_0014.npy
94,15,61.6585,909.764,gen0094_theta_nd_0015.npy,gen0094_A_nd_0015.npy
94,16,57.7133,902.5,gen0094_theta_nd_0016.npy,gen0094_A_nd_0016.npy
94,17,48.0094,883.215,gen0094_theta_nd_0017.npy,gen0094_A_nd_0017.npy
94,18,54.3872,894.676,gen0094_theta_nd_0018.npy,gen0094_A_nd_0018.npy
94,19,45.7491,880.052,gen0094_theta_nd_0019.npy,gen0094_A_nd_0019.npy
94,20,51.7574,890.683,gen0094_theta_nd_0020.npy,gen0094_A_nd_0020.npy
94,21,51.4588,890.117,gen0094_theta_nd_0021.npy,gen0094_A_nd_0021.npy
94,22,60.5193,906.997,gen0094_theta_nd_0022.npy,gen0094_A_nd_0022.npy
94,23,49.9955,887.488,gen0094_theta_nd_0023.npy,gen0094_A_nd_0023.npy
94,24,57.4596,902.255,gen0094_theta_nd_0024.npy,gen0094_A_nd_0024.npy
94,25,59.1109,904.355,gen0094_theta_nd_0025.npy,gen0094_A_nd_0025.npy
94,26,51.8838,891.346,gen0094_theta_nd_0026.npy,gen0094_A_nd_0026.npy
94,27,56.4353,900.167,gen0094_theta_nd_0027.npy,gen0094_A_nd_0027.npy
94,28,61.0948,907.989,gen0094_theta_nd_0028.npy,gen0094_A_nd_0028.npy
94,29,45.8935,880.57,gen0094_theta_nd_0029.npy,gen0094_A_nd_0029.npy
94,30,55.3478,896.904,gen0094_theta_nd_0030.npy,gen0094_A_nd_0030.npy
94,31,60.2966,906.289,gen0094_theta_nd_0031.npy,gen0094_A_nd_0031.npy
94,32,60.0012,905.566,gen0094_theta_nd_0032.npy,gen0094_A_nd_0032.npy
94,33,59.3173,904.793,gen0094_theta_nd_0033.npy,gen0094_A_nd_0033.npy
94,34,48.9143,884.78,gen0094_theta_nd_0034.npy,gen0094_A_nd_0034.npy
94,35,52.6163,892.532,gen0094_theta_nd_0035.npy,gen0094_A_nd_0035.npy
94,36,58.3467,903.143,gen0094_theta_nd_0036.npy,gen0094_A_nd_0036.npy
94,37,49.3802,885.953,gen0094_theta_nd_0037.npy,gen0094_A_nd_0037.npy
94,38,62.2585,910.642,gen0094_theta_nd_0038.npy,gen0094_A_nd_0038.npy
94,39,49.6613,887.24,gen0094_theta_nd_0039.npy,gen0094_A_nd_0039.npy
94,40,46.1842,881.038,gen0094_theta_nd_0040.npy,gen0094_A_nd_0040.npy
94,41,49.5854,886.589,gen0094_theta_nd_0041.npy,gen0094_A_nd_0041.npy
94,42,58.7787,903.615,gen0094_theta_nd_0042.npy,gen0094_A_nd_0042.npy
94,43,50.7949,889.238,gen0094_theta_nd_0043.npy,gen0094_A_nd_0043.npy
94,44,48.4022,884.444,gen0094_theta_nd_0044.npy,gen0094_A_nd_0044.npy
94,45,55.9762,898.944,gen0094_theta_nd_0045.npy,gen0094_A_nd_0045.npy
94,46,48.9522,885.155,gen0094_theta_nd_0046.npy,gen0094_A_nd_0046.npy
94,47,46.6424,881.713,gen0094_theta_nd_0047.npy,gen0094_A_nd_0047.npy
94,48,55.4597,897.698,gen0094_theta_nd_0048.npy,gen0094_A_nd_0048.npy
94,49,47.4102,882.097,gen0094_theta_nd_0049.npy,gen0094_A_nd_0049.npy
94,50,63.4281,912.404,gen0094_theta_nd_0050.npy,gen0094_A_nd_0050.npy
94,51,50.5901,888.671,gen0094_theta_nd_0051.npy,gen0094_A_nd_0051.npy
94,52,50.094,887.988,gen0094_theta_nd_0052.npy,gen0094_A_nd_0052.npy
94,53,48.0135,883.704,gen0094_theta_nd_0053.npy,gen0094_A_nd_0053.npy
94,54,52.9474,892.739,gen0094_theta_nd_0054.npy,gen0094_A_nd_0054.npy
94,55,51.4762,890.319,gen0094_theta_nd_0055.npy,gen0094_A_nd_0055.npy
94,56,49.6314,886.747,gen0094_theta_nd_0056.npy,gen0094_A_nd_0056.npy
94,57,50.6372,888.795,gen0094_theta_nd_0057.npy,gen0094_A_nd_0057.npy
94,58,50.0032,887.904,gen0094_theta_nd_0058.npy,gen0094_A_nd_0058.npy
94,59,46.4467,881.272,gen0094_theta_nd_0059.npy,gen0094_A_nd_0059.npy
94,60,58.8953,904.201,gen0094_theta_nd_0060.npy,gen0094_A_nd_0060.npy
95,0,49.5854,886.589,gen0095_theta_nd_0000.npy,gen0095_A_nd_0000.npy
95,1,57.7513,902.365,gen0095_theta_nd_0001.npy,gen0095_A_nd_0001.npy
95,2,55.3478,896.904,gen0095_theta_nd_0002.npy,gen0095_A_nd_0002.npy
95,3,52.9474,892.739,gen0095_theta_nd_0003.npy,gen0095_A_nd_0003.npy
95,4,53.8709,894.396,gen0095_theta_nd_0004.npy,gen0095_A_nd_0004.npy
95,5,60.2966,906.289,gen0095_theta_nd_0005.npy,gen0095_A_nd_0005.npy
95,6,51.8838,891.346,gen0095_theta_nd_0006.npy,gen0095_A_nd_0006.npy
95,7,52.3197,892.107,gen0095_theta_nd_0007.npy,gen0095_A_nd_0007.npy
95,8,59.0154,904.055,gen0095_theta_nd_0008.npy,gen0095_A_nd_0008.npy
95,9,45.7491,880.052,gen0095_theta_nd_0009.npy,gen0095_A_nd_0009.npy
95,10,62.596,911.747,gen0095_theta_nd_0010.npy,gen0095_A_nd_0010.npy
95,11,55.4597,897.698,gen0095_theta_nd_0011.npy,gen0095_A_nd_0011.npy
95,12,58.3467,903.143,gen0095_theta_nd_0012.npy,gen0095_A_nd_0012.npy
95,13,46.1842,881.038,gen0095_theta_nd_0013.npy,gen0095_A_nd_0013.npy
95,14,50.9627,889.568,gen0095_theta_nd_0014.npy,gen0095_A_nd_0014.npy
95,15,45.8935,880.57,gen0095_theta_nd_0015.npy,gen0095_A_nd_0015.npy
95,16,56.4385,900.171,gen0095_theta_nd_0016.npy,gen0095_A_nd_0016.npy
95,17,63.4281,912.404,gen0095_theta_nd_0017.npy,gen0095_A_nd_0017.npy
95,18,48.0135,883.704,gen0095_theta_nd_0018.npy,gen0095_A_nd_0018.npy
95,19,49.6613,887.24,gen0095_theta_nd_0019.npy,gen0095_A_nd_0019.npy
95,20,48.4022,884.444,gen0095_theta_nd_0020.npy,gen0095_A_nd_0020.npy
95,21,52.6163,892.532,gen0095_theta_nd_0021.npy,gen0095_A_nd_0021.npy
95,22,50.5901,888.671,gen0095_theta_nd_0022.npy,gen0095_A_nd_0022.npy
95,23,49.3802,885.953,gen0095_theta_nd_0023.npy,gen0095_A_nd_0023.npy
95,24,53.497,893.823,gen0095_theta_nd_0024.npy,gen0095_A_nd_0024.npy
95,25,61.8847,909.96,gen0095_theta_nd_0025.npy,gen0095_A_nd_0025.npy
95,26,60.7965,907.224,gen0095_theta_nd_0026.npy,gen0095_A_nd_0026.npy
95,27,54.3872,894.676,gen0095_theta_nd_0027.npy,gen0095_A_nd_0027.npy
95,28,47.2421,881.388,gen0095_theta_nd_0028.npy,gen0095_A_nd_0028.npy
95,29,55.7715,898.397,gen0095_theta_nd_0029.npy,gen0095_A_nd_0029.npy
95,30,50.4131,888.072,gen0095_theta_nd_0030.npy,gen0095_A_nd_0030.npy
95,31,49.9955,887.488,gen0095_theta_nd_0031.npy,gen0095_A_nd_0031.npy
95,32,58.7787,903.615,gen0095_theta_nd_0032.npy,gen0095_A_nd_0032.npy
95,33,56.2332,899.783,gen0095_theta_nd_0033.npy,gen0095_A_nd_0033.npy
95,34,61.0948,907.989,gen0095_theta_nd_0034.npy,gen0095_A_nd_0034.npy
95,35,55.9762,898.944,gen0095_theta_nd_0035.npy,gen0095_A_nd_0035.npy
95,36,49.1798,884.772,gen0095_theta_nd_0036.npy,gen0095_A_nd_0036.npy
95,37,61.6585,909.764,gen0095_theta_nd_0037.npy,gen0095_A_nd_0037.npy
95,38,57.5874,901.398,gen0095_theta_nd_0038.npy,gen0095_A_nd_0038.npy
95,39,48.0094,883.215,gen0095_theta_nd_0039.npy,gen0095_A_nd_0039.npy
95,40,53.0838,893.661,gen0095_theta_nd_0040.npy,gen0095_A_nd_0040.npy
95,41,58.2451,903.033,gen0095_theta_nd_0041.npy,gen0095_A_nd_0041.npy
95,42,47.4102,882.097,gen0095_theta_nd_0042.npy,gen0095_A_nd_0042.npy
95,43,51.7574,890.683,gen0095_theta_nd_0043.npy,gen0095_A_nd_0043.npy
95,44,60.0012,905.566,gen0095_theta_nd_0044.npy,gen0095_A_nd_0044.npy
95,45,62.2585,910.642,gen0095_theta_nd_0045.npy,gen0095_A_nd_0045.npy
95,46,47.733,882.678,gen0095_theta_nd_0046.npy,gen0095_A_nd_0046.npy
95,47,54.5741,895.991,gen0095_theta_nd_0047.npy,gen0095_A_nd_0047.npy
95,48,51.4588,890.117,gen0095_theta_nd_0048.npy,gen0095_A_nd_0048.npy
95,49,50.7949,889.238,gen0095_theta_nd_0049.npy,gen0095_A_nd_0049.npy
95,50,59.3173,904.793,gen0095_theta_nd_0050.npy,gen0095_A_nd_0050.npy
95,51,54.9896,896.686,gen0095_theta_nd_0051.npy,gen0095_A_nd_0051.npy
95,52,61.5183,908.733,gen0095_theta_nd_0052.npy,gen0095_A_nd_0052.npy
95,53,60.5193,906.997,gen0095_theta_nd_0053.npy,gen0095_A_nd_0053.npy
95,54,56.7565,901.024,gen0095_theta_nd_0054.npy,gen0095_A_nd_0054.npy
95,55,46.4467,881.272,gen0095_theta_nd_0055.npy,gen0095_A_nd_0055.npy
95,56,50.0032,887.904,gen0095_theta_nd_0056.npy,gen0095_A_nd_0056.npy
95,57,49.6314,886.747,gen0095_theta_nd_0057.npy,gen0095_A_nd_0057.npy
95,58,58.8413,903.917,gen0095_theta_nd_0058.npy,gen0095_A_nd_0058.npy
95,59,60.3762,906.826,gen0095_theta_nd_0059.npy,gen0095_A_nd_0059.npy
95,60,59.1109,904.355,gen0095_theta_nd_0060.npy,gen0095_A_nd_0060.npy
96,0,58.3467,903.143,gen0096_theta_nd_0000.npy,gen0096_A_nd_0000.npy
96,1,52.6163,892.532,gen0096_theta_nd_0001.npy,gen0096_A_nd_0001.npy
96,2,55.3478,896.904,gen0096_theta_nd_0002.npy,gen0096_A_nd_0002.npy
96,3,57.5874,901.398,gen0096_theta_nd_0003.npy,gen0096_A_nd_0003.npy
96,4,58.1415,902.963,gen0096_theta_nd_0004.npy,gen0096_A_nd_0004.npy
96,5,50.4131,888.072,gen0096_theta_nd_0005.npy,gen0096_A_nd_0005.npy
96,6,60.7965,907.224,gen0096_theta_nd_0006.npy,gen0096_A_nd_0006.npy
96,7,59.0154,904.055,gen0096_theta_nd_0007.npy,gen0096_A_nd_0007.npy
96,8,54.6183,895.936,gen0096_theta_nd_0008.npy,gen0096_A_nd_0008.npy
96,9,50.7949,889.238,gen0096_theta_nd_0009.npy,gen0096_A_nd_0009.npy
96,10,52.9474,892.739,gen0096_theta_nd_0010.npy,gen0096_A_nd_0010.npy
96,11,58.0309,901.977,gen0096_theta_nd_0011.npy,gen0096_A_nd_0011.npy
96,12,56.4385,900.171,gen0096_theta_nd_0012.npy,gen0096_A_nd_0012.npy
96,13,49.3802,885.953,gen0096_theta_nd_0013.npy,gen0096_A_nd_0013.npy
96,14,56.2869,899.391,gen0096_theta_nd_0014.npy,gen0096_A_nd_0014.npy
96,15,49.1798,884.772,gen0096_theta_nd_0015.npy,gen0096_A_nd_0015.npy
96,16,58.7787,903.615,gen0096_theta_nd_0016.npy,gen0096_A_nd_0016.npy
96,17,63.4763,912.355,gen0096_theta_nd_0017.npy,gen0096_A_nd_0017.npy
96,18,53.1271,893.433,gen0096_theta_nd_0018.npy,gen0096_A_nd_0018.npy
96,19,61.5183,908.733,gen0096_theta_nd_0019.npy,gen0096_A_nd_0019.npy
96,20,60.2966,906.289,gen0096_theta_nd_0020.npy,gen0096_A_nd_0020.npy
96,21,47.733,882.678,gen0096_theta_nd_0021.npy,gen0096_A_nd_0021.npy
96,22,62.596,911.747,gen0096_theta_nd_0022.npy,gen0096_A_nd_0022.npy
96,23,48.0094,883.215,gen0096_theta_nd_0023.npy,gen0096_A_nd_0023.npy
96,24,55.0796,896.473,gen0096_theta_nd_0024.npy,gen0096_A_nd_0024.npy
96,25,45.7491,880.052,gen0096_theta_nd_0025.npy,gen0096_A_nd_0025.npy
96,26,49.6337,886.266,gen0096_theta_nd_0026.npy,gen0096_A_nd_0026.npy
96,27,51.9472,891.069,gen0096_theta_nd_0027.npy,gen0096_A_nd_0027.npy
96,28,55.4597,897.698,gen0096_theta_nd_0028.npy,gen0096_A_nd_0028.npy
96,29,51.4588,890.117,gen0096_theta_nd_0029.npy,gen0096_A_nd_0029.npy
96,30,48.4022,884.444,gen0096_theta_nd_0030.npy,gen0096_A_nd_0030.npy
96,31,60.5384,906.904,gen0096_theta_nd_0031.npy,gen0096_A_nd_0031.npy
96,32,53.497,893.823,gen0096_theta_nd_0032.npy,gen0096_A_nd_0032.npy
96,33,61.0948,907.989,gen0096_theta_nd_0033.npy,gen0096_A_nd_0033.npy
96,34,62.346,910.366,gen0096_theta_nd_0034.npy,gen0096_A_nd_0034.npy
96,35,54.3872,894.676,gen0096_theta_nd_0035.npy,gen0096_A_nd_0035.npy
96,36,55.9762,898.944,gen0096_theta_nd_0036.npy,gen0096_A_nd_0036.npy
96,37,56.7565,901.024,gen0096_theta_nd_0037.npy,gen0096_A_nd_0037.npy
96,38,61.8847,909.96,gen0096_theta_nd_0038.npy,gen0096_A_nd_0038.npy
96,39,61.6585,909.764,gen0096_theta_nd_0039.npy,gen0096_A_nd_0039.npy
96,40,47.2421,881.388,gen0096_theta_nd_0040.npy,gen0096_A_nd_0040.npy
96,41,51.7574,890.683,gen0096_theta_nd_0041.npy,gen0096_A_nd_0041.npy
96,42,48.0135,883.704,gen0096_theta_nd_0042.npy,gen0096_A_nd_0042.npy
96,43,60.0012,905.566,gen0096_theta_nd_0043.npy,gen0096_A_nd_0043.npy
96,44,50.0643,887.064,gen0096_theta_nd_0044.npy,gen0096_A_nd_0044.npy
96,45,53.8709,894.396,gen0096_theta_nd_0045.npy,gen0096_A_nd_0045.npy
96,46,51.3216,889.789,gen0096_theta_nd_0046.npy,gen0096_A_nd_0046.npy
96,47,59.3173,904.793,gen0096_theta_nd_0047.npy,gen0096_A_nd_0047.npy
96,48,52.3559,892.011,gen0096_theta_nd_0048.npy,gen0096_A_nd_0048.npy
96,49,47.4102,882.097,gen0096_theta_nd_0049.npy,gen0096_A_nd_0049.npy
96,50,55.7715,898.397,gen0096_theta_nd_0050.npy,gen0096_A_nd_0050.npy
96,51,50.6582,888.229,gen0096_theta_nd_0051.npy,gen0096_A_nd_0051.npy
96,52,54.0965,894.475,gen0096_theta_nd_0052.npy,gen0096_A_nd_0052.npy
96,53,54.7904,896.198,gen0096_theta_nd_0053.npy,gen0096_A_nd_0053.npy
96,54,58.8413,903.917,gen0096_theta_nd_0054.npy,gen0096_A_nd_0054.npy
96,55,60.3762,906.826,gen0096_theta_nd_0055.npy,gen0096_A_nd_0055.npy
96,56,61.8453,909.778,gen0096_theta_nd_0056.npy,gen0096_A_nd_0056.npy
96,57,48.2905,884.102,gen0096_theta_nd_0057.npy,gen0096_A_nd_0057.npy
96,58,50.9627,889.568,gen0096_theta_nd_0058.npy,gen0096_A_nd_0058.npy
96,59,46.6979,880.166,gen0096_theta_nd_0059.npy,gen0096_A_nd_0059.npy
96,60,59.1109,904.355,gen0096_theta_nd_0060.npy,gen0096_A_nd_0060.npy
97,0,61.0948,907.989,gen0097_theta_nd_0000.npy,gen0097_A_nd_0000.npy
97,1,49.1816,885.546,gen0097_theta_nd_0001.npy,gen0097_A_nd_0001.npy
97,2,47.2421,881.388,gen0097_theta_nd_0002.npy,gen0097_A_nd_0002.npy
97,3,62.346,910.366,gen0097_theta_nd_0003.npy,gen0097_A_nd_0003.npy
97,4,56.2938,899.6,gen0097_theta_nd_0004.npy,gen0097_A_nd_0004.npy
97,5,58.0309,901.977,gen0097_theta_nd_0005.npy,gen0097_A_nd_0005.npy
97,6,47.733,882.678,gen0097_theta_nd_0006.npy,gen0097_A_nd_0006.npy
97,7,58.7787,903.615,gen0097_theta_nd_0007.npy,gen0097_A_nd_0007.npy
97,8,53.1415,893.566,gen0097_theta_nd_0008.npy,gen0097_A_nd_0008.npy
97,9,55.7715,898.397,gen0097_theta_nd_0009.npy,gen0097_A_nd_0009.npy
97,10,50.7949,889.238,gen0097_theta_nd_0010.npy,gen0097_A_nd_0010.npy
97,11,59.3173,904.793,gen0097_theta_nd_0011.npy,gen0097_A_nd_0011.npy
97,12,52.9474,892.739,gen0097_theta_nd_0012.npy,gen0097_A_nd_0012.npy
97,13,61.6585,909.764,gen0097_theta_nd_0013.npy,gen0097_A_nd_0013.npy
97,14,48.0094,883.215,gen0097_theta_nd_0014.npy,gen0097_A_nd_0014.npy
97,15,48.4022,884.444,gen0097_theta_nd_0015.npy,gen0097_A_nd_0015.npy
97,16,47.4102,882.097,gen0097_theta_nd_0016.npy,gen0097_A_nd_0016.npy
97,17,58.1956,902.663,gen0097_theta_nd_0017.npy,gen0097_A_nd_0017.npy
97,18,60.2966,906.289,gen0097_theta_nd_0018.npy,gen0097_A_nd_0018.npy
97,19,56.1299,899.016,gen0097_theta_nd_0019.npy,gen0097_A_nd_0019.npy
97,20,51.9472,891.069,gen0097_theta_nd_0020.npy,gen0097_A_nd_0020.npy
97,21,48.0135,883.704,gen0097_theta_nd_0021.npy,gen0097_A_nd_0021.npy
97,22,56.4385,900.171,gen0097_theta_nd_0022.npy,gen0097_A_nd_0022.npy
97,23,50.0643,887.064,gen0097_theta_nd_0023.npy,gen0097_A_nd_0023.npy
97,24,52.3559,892.011,gen0097_theta_nd_0024.npy,gen0097_A_nd_0024.npy
97,25,56.7565,901.024,gen0097_theta_nd_0025.npy,gen0097_A_nd_0025.npy
97,26,50.6582,888.229,gen0097_theta_nd_0026.npy,gen0097_A_nd_0026.npy
97,27,57.5874,901.398,gen0097_theta_nd_0027.npy,gen0097_A_nd_0027.npy
97,28,60.847,906.926,gen0097_theta_nd_0028.npy,gen0097_A_nd_0028.npy
97,29,53.5839,893.643,gen0097_theta_nd_0029.npy,gen0097_A_nd_0029.npy
97,30,55.0796,896.473,gen0097_theta_nd_0030.npy,gen0097_A_nd_0030.npy
97,31,55.3478,896.904,gen0097_theta_nd_0031.npy,gen0097_A_nd_0031.npy
97,32,63.4763,912.355,gen0097_theta_nd_0032.npy,gen0097_A_nd_0032.npy
97,33,45.7491,880.052,gen0097_theta_nd_0033.npy,gen0097_A_nd_0033.npy
97,34,50.1806,888.054,gen0097_theta_nd_0034.npy,gen0097_A_nd_0034.npy
97,35,62.596,911.747,gen0097_theta_nd_0035.npy,gen0097_A_nd_0035.npy
97,36,46.9267,880.394,gen0097_theta_nd_0036.npy,gen0097_A_nd_0036.npy
97,37,53.8709,894.396,gen0097_theta_nd_0037.npy,gen0097_A_nd_0037.npy
97,38,60.0012,905.566,gen0097_theta_nd_0038.npy,gen0097_A_nd_0038.npy
97,39,60.5384,906.904,gen0097_theta_nd_0039.npy,gen0097_A_nd_0039.npy
97,40,49.6337,886.266,gen0097_theta_nd_0040.npy,gen0097_A_nd_0040.npy
97,41,51.7574,890.683,gen0097_theta_nd_0041.npy,gen0097_A_nd_0041.npy
97,42,59.0994,904.2,gen0097_theta_nd_0042.npy,gen0097_A_nd_0042.npy
97,43,61.5183,908.733,gen0097_theta_nd_0043.npy,gen0097_A_nd_0043.npy
97,44,49.1798,884.772,gen0097_theta_nd_0044.npy,gen0097_A_nd_0044.npy
97,45,52.6163,892.532,gen0097_theta_nd_0045.npy,gen0097_A_nd_0045.npy
97,46,54.873,895.512,gen0097_theta_nd_0046.npy,gen0097_A_nd_0046.npy
97,47,55.5909,897.491,gen0097_theta_nd_0047.npy,gen0097_A_nd_0047.npy
97,48,51.5364,889.566,gen0097_theta_nd_0048.npy,gen0097_A_nd_0048.npy
97,49,58.3729,903.503,gen0097_theta_nd_0049.npy,gen0097_A_nd_0049.npy
97,50,61.8847,909.96,gen0097_theta_nd_0050.npy,gen0097_A_nd_0050.npy
97,51,49.3802,885.953,gen0097_theta_nd_0051.npy,gen0097_A_nd_0051.npy
97,52,54.3872,894.676,gen0097_theta_nd_0052.npy,gen0097_A_nd_0052.npy
97,53,59.5054,905.289,gen0097_theta_nd_0053.npy,gen0097_A_nd_0053.npy
97,54,58.3467,903.143,gen0097_theta_nd_0054.npy,gen0097_A_nd_0054.npy
97,55,49.5666,886.072,gen0097_theta_nd_0055.npy,gen0097_A_nd_0055.npy
97,56,61.8453,909.778,gen0097_theta_nd_0056.npy,gen0097_A_nd_0056.npy
97,57,50.4131,888.072,gen0097_theta_nd_0057.npy,gen0097_A_nd_0057.npy
97,58,53.1271,893.433,gen0097_theta_nd_0058.npy,gen0097_A_nd_0058.npy
97,59,55.4798,897.41,gen0097_theta_nd_0059.npy,gen0097_A_nd_0059.npy
97,60,46.6979,880.166,gen0097_theta_nd_0060.npy,gen0097_A_nd_0060.npy
98,0,61.8847,909.96,gen0098_theta_nd_0000.npy,gen0098_A_nd_0000.npy
98,1,45.7491,880.052,gen0098_theta_nd_0001.npy,gen0098_A_nd_0001.npy
98,2,55.7715,898.397,gen0098_theta_nd_0002.npy,gen0098_A_nd_0002.npy
98,3,60.2966,906.289,gen0098_theta_nd_0003.npy,gen0098_A_nd_0003.npy
98,4,58.3467,903.143,gen0098_theta_nd_0004.npy,gen0098_A_nd_0004.npy
98,5,57.3675,900.991,gen0098_theta_nd_0005.npy,gen0098_A_nd_0005.npy
98,6,51.7574,890.683,gen0098_theta_nd_0006.npy,gen0098_A_nd_0006.npy
98,7,55.0796,896.473,gen0098_theta_nd_0007.npy,gen0098_A_nd_0007.npy
98,8,50.6582,888.229,gen0098_theta_nd_0008.npy,gen0098_A_nd_0008.npy
98,9,62.7998,911.202,gen0098_theta_nd_0009.npy,gen0098_A_nd_0009.npy
98,10,53.5839,893.643,gen0098_theta_nd_0010.npy,gen0098_A_nd_0010.npy
98,11,50.2034,887.349,gen0098_theta_nd_0011.npy,gen0098_A_nd_0011.npy
98,12,56.4385,900.171,gen0098_theta_nd_0012.npy,gen0098_A_nd_0012.npy
98,13,49.1798,884.772,gen0098_theta_nd_0013.npy,gen0098_A_nd_0013.npy
98,14,61.0948,907.989,gen0098_theta_nd_0014.npy,gen0098_A_nd_0014.npy
98,15,55.5909,897.491,gen0098_theta_nd_0015.npy,gen0098_A_nd_0015.npy
98,16,52.6163,892.532,gen0098_theta_nd_0016.npy,gen0098_A_nd_0016.npy
98,17,52.9474,892.739,gen0098_theta_nd_0017.npy,gen0098_A_nd_0017.npy
98,18,61.4875,908.64,gen0098_theta_nd_0018.npy,gen0098_A_nd_0018.npy
98,19,55.3478,896.904,gen0098_theta_nd_0019.npy,gen0098_A_nd_0019.npy
98,20,47.2421,881.388,gen0098_theta_nd_0020.npy,gen0098_A_nd_0020.npy
98,21,49.6337,886.266,gen0098_theta_nd_0021.npy,gen0098_A_nd_0021.npy
98,22,58.0295,901.725,gen0098_theta_nd_0022.npy,gen0098_A_nd_0022.npy
98,23,53.1415,893.566,gen0098_theta_nd_0023.npy,gen0098_A_nd_0023.npy
98,24,56.1299,899.016,gen0098_theta_nd_0024.npy,gen0098_A_nd_0024.npy
98,25,49.3802,885.953,gen0098_theta_nd_0025.npy,gen0098_A_nd_0025.npy
98,26,52.5406,891.473,gen0098_theta_nd_0026.npy,gen0098_A_nd_0026.npy
98,27,51.5364,889.566,gen0098_theta_nd_0027.npy,gen0098_A_nd_0027.npy
98,28,63.4763,912.355,gen0098_theta_nd_0028.npy,gen0098_A_nd_0028.npy
98,29,54.3872,894.676,gen0098_theta_nd_0029.npy,gen0098_A_nd_0029.npy
98,30,52.1839,891.287,gen0098_theta_nd_0030.npy,gen0098_A_nd_0030.npy
98,31,48.1514,883.144,gen0098_theta_nd_0031.npy,gen0098_A_nd_0031.npy
98,32,54.231,893.685,gen0098_theta_nd_0032.npy,gen0098_A_nd_0032.npy
98,33,59.6546,905.291,gen0098_theta_nd_0033.npy,gen0098_A_nd_0033.npy
98,34,59.3173,904.793,gen0098_theta_nd_0034.npy,gen0098_A_nd_0034.npy
98,35,56.2938,899.6,gen0098_theta_nd_0035.npy,gen0098_A_nd_0035.npy
98,36,49.1816,885.546,gen0098_theta_nd_0036.npy,gen0098_A_nd_0036.npy
98,37,58.1956,902.663,gen0098_theta_nd_0037.npy,gen0098_A_nd_0037.npy
98,38,50.7949,889.238,gen0098_theta_nd_0038.npy,gen0098_A_nd_0038.npy
98,39,50.4529,887.934,gen0098_theta_nd_0039.npy,gen0098_A_nd_0039.npy
98,40,62.346,910.366,gen0098_theta_nd_0040.npy,gen0098_A_nd_0040.npy
98,41,60.847,906.926,gen0098_theta_nd_0041.npy,gen0098_A_nd_0041.npy
98,42,50.0643,887.064,gen0098_theta_nd_0042.npy,gen0098_A_nd_0042.npy
98,43,54.873,895.512,gen0098_theta_nd_0043.npy,gen0098_A_nd_0043.npy
98,44,46.9267,880.394,gen0098_theta_nd_0044.npy,gen0098_A_nd_0044.npy
98,45,59.029,904.196,gen0098_theta_nd_0045.npy,gen0098_A_nd_0045.npy
98,46,48.4022,884.444,gen0098_theta_nd_0046.npy,gen0098_A_nd_0046.npy
98,47,47.4102,882.097,gen0098_theta_nd_0047.npy,gen0098_A_nd_0047.npy
98,48,48.2155,883.801,gen0098_theta_nd_0048.npy,gen0098_A_nd_0048.npy
98,49,61.6585,909.764,gen0098_theta_nd_0049.npy,gen0098_A_nd_0049.npy
98,50,58.8262,903.392,gen0098_theta_nd_0050.npy,gen0098_A_nd_0050.npy
98,51,57.5874,901.398,gen0098_theta_nd_0051.npy,gen0098_A_nd_0051.npy
98,52,55.8254,898.684,gen0098_theta_nd_0052.npy,gen0098_A_nd_0052.npy
98,53,60.9991,907.608,gen0098_theta_nd_0053.npy,gen0098_A_nd_0053.npy
98,54,49.5666,886.072,gen0098_theta_nd_0054.npy,gen0098_A_nd_0054.npy
98,55,46.6979,880.166,gen0098_theta_nd_0055.npy,gen0098_A_nd_0055.npy
98,56,58.2655,902.767,gen0098_theta_nd_0056.npy,gen0098_A_nd_0056.npy
98,57,56.1892,899.354,gen0098_theta_nd_0057.npy,gen0098_A_nd_0057.npy
98,58,51.144,889.46,gen0098_theta_nd_0058.npy,gen0098_A_nd_0058.npy
98,59,59.0994,904.2,gen0098_theta_nd_0059.npy,gen0098_A_nd_0059.npy
98,60,54.7567,895.428,gen0098_theta_nd_0060.npy,gen0098_A_nd_0060.npy
99,0,53.5839,893.643,gen0099_theta_nd_0000.npy,gen0099_A_nd_0000.npy
99,1,52.6163,892.532,gen0099_theta_nd_0001.npy,gen0099_A_nd_0001.npy
99,2,50.0643,887.064,gen0099_theta_nd_0002.npy,gen0099_A_nd_0002.npy
99,3,57.5874,901.398,gen0099_theta_nd_0003.npy,gen0099_A_nd_0003.npy
99,4,49.1798,884.772,gen0099_theta_nd_0004.npy,gen0099_A_nd_0004.npy
99,5,59.9133,904.825,gen0099_theta_nd_0005.npy,gen0099_A_nd_0005.npy
99,6,50.2034,887.349,gen0099_theta_nd_0006.npy,gen0099_A_nd_0006.npy
99,7,49.4799,885.177,gen0099_theta_nd_0007.npy,gen0099_A_nd_0007.npy
99,8,45.7491,880.052,gen0099_theta_nd_0008.npy,gen0099_A_nd_0008.npy
99,9,57.3675,900.991,gen0099_theta_nd_0009.npy,gen0099_A_nd_0009.npy
99,10,61.172,907.926,gen0099_theta_nd_0010.npy,gen0099_A_nd_0010.npy
99,11,61.8847,909.96,gen0099_theta_nd_0011.npy,gen0099_A_nd_0011.npy
99,12,50.9793,889.06,gen0099_theta_nd_0012.npy,gen0099_A_nd_0012.npy
99,13,58.197,902.333,gen0099_theta_nd_0013.npy,gen0099_A_nd_0013.npy
99,14,58.0295,901.725,gen0099_theta_nd_0014.npy,gen0099_A_nd_0014.npy
99,15,59.3173,904.793,gen0099_theta_nd_0015.npy,gen0099_A_nd_0015.npy
99,16,46.9267,880.394,gen0099_theta_nd_0016.npy,gen0099_A_nd_0016.npy
99,17,50.6582,888.229,gen0099_theta_nd_0017.npy,gen0099_A_nd_0017.npy
99,18,58.3467,903.143,gen0099_theta_nd_0018.npy,gen0099_A_nd_0018.npy
99,19,49.7009,886.272,gen0099_theta_nd_0019.npy,gen0099_A_nd_0019.npy
99,20,54.3872,894.676,gen0099_theta_nd_0020.npy,gen0099_A_nd_0020.npy
99,21,53.1415,893.566,gen0099_theta_nd_0021.npy,gen0099_A_nd_0021.npy
99,22,54.873,895.512,gen0099_theta_nd_0022.npy,gen0099_A_nd_0022.npy
99,23,62.346,910.366,gen0099_theta_nd_0023.npy,gen0099_A_nd_0023.npy
99,24,59.174,904.043,gen0099_theta_nd_0024.npy,gen0099_A_nd_0024.npy
99,25,54.231,893.685,gen0099_theta_nd_0025.npy,gen0099_A_nd_0025.npy
99,26,55.601,897.349,gen0099_theta_nd_0026.npy,gen0099_A_nd_0026.npy
99,27,56.2938,899.6,gen0099_theta_nd_0027.npy,gen0099_A_nd_0027.npy
99,28,47.2421,881.388,gen0099_theta_nd_0028.npy,gen0099_A_nd_0028.npy
99,29,56.1299,899.016,gen0099_theta_nd_0029.npy,gen0099_A_nd_0029.npy
99,30,51.8687,890.47,gen0099_theta_nd_0030.npy,gen0099_A_nd_0030.npy
99,31,58.8262,903.392,gen0099_theta_nd_0031.npy,gen0099_A_nd_0031.npy
99,32,63.4763,912.355,gen0099_theta_nd_0032.npy,gen0099_A_nd_0032.npy
99,33,47.4102,882.097,gen0099_theta_nd_0033.npy,gen0099_A_nd_0033.npy
99,34,60.2966,906.289,gen0099_theta_nd_0034.npy,gen0099_A_nd_0034.npy
99,35,54.7547,895.262,gen0099_theta_nd_0035.npy,gen0099_A_nd_0035.npy
99,36,48.1514,883.144,gen0099_theta_nd_0036.npy,gen0099_A_nd_0036.npy
99,37,56.4385,900.171,gen0099_theta_nd_0037.npy,gen0099_A_nd_0037.npy
99,38,61.4875,908.64,gen0099_theta_nd_0038.npy,gen0099_A_nd_0038.npy
99,39,55.1325,896.128,gen0099_theta_nd_0039.npy,gen0099_A_nd_0039.npy
99,40,52.9474,892.739,gen0099_theta_nd_0040.npy,gen0099_A_nd_0040.npy
99,41,52.5406,891.473,gen0099_theta_nd_0041.npy,gen0099_A_nd_0041.npy
99,42,51.5364,889.566,gen0099_theta_nd_0042.npy,gen0099_A_nd_0042.npy
99,43,47.1577,880.842,gen0099_theta_nd_0043.npy,gen0099_A_nd_0043.npy
99,44,60.847,906.926,gen0099_theta_nd_0044.npy,gen0099_A_nd_0044.npy
99,45,50.4529,887.934,gen0099_theta_nd_0045.npy,gen0099_A_nd_0045.npy
99,46,48.2155,883.801,gen0099_theta_nd_0046.npy,gen0099_A_nd_0046.npy
99,47,62.7998,911.202,gen0099_theta_nd_0047.npy,gen0099_A_nd_0047.npy
99,48,52.1839,891.287,gen0099_theta_nd_0048.npy,gen0099_A_nd_0048.npy
99,49,61.6585,909.764,gen0099_theta_nd_0049.npy,gen0099_A_nd_0049.npy
99,50,51.6024,889.948,gen0099_theta_nd_0050.npy,gen0099_A_nd_0050.npy
99,51,55.3657,896.997,gen0099_theta_nd_0051.npy,gen0099_A_nd_0051.npy
99,52,48.9907,884.099,gen0099_theta_nd_0052.npy,gen0099_A_nd_0052.npy
99,53,48.2361,883.934,gen0099_theta_nd_0053.npy,gen0099_A_nd_0053.npy
99,54,51.144,889.46,gen0099_theta_nd_0054.npy,gen0099_A_nd_0054.npy
99,55,55.3478,896.904,gen0099_theta_nd_0055.npy,gen0099_A_nd_0055.npy
99,56,55.9954,898.674,gen0099_theta_nd_0056.npy,gen0099_A_nd_0056.npy
99,57,54.7567,895.428,gen0099_theta_nd_0057.npy,gen0099_A_nd_0057.npy
99,58,58.2655,902.767,gen0099_theta_nd_0058.npy,gen0099_A_nd_0058.npy
99,59,49.6337,886.266,gen0099_theta_nd_0059.npy,gen0099_A_nd_0059.npy
99,60,58.918,903.877,gen0099_theta_nd_0060.npy,gen0099_A_nd_0060.npy
100,0,58.3467,903.143,gen0100_theta_nd_0000.npy,gen0100_A_nd_0000.npy
100,1,57.3276,900.652,gen0100_theta_nd_0001.npy,gen0100_A_nd_0001.npy
100,2,56.4385,900.171,gen0100_theta_nd_0002.npy,gen0100_A_nd_0002.npy
100,3,47.4102,882.097,gen0100_theta_nd_0003.npy,gen0100_A_nd_0003.npy
100,4,51.9019,890.664,gen0100_theta_nd_0004.npy,gen0100_A_nd_0004.npy
100,5,54.231,893.685,gen0100_theta_nd_0005.npy,gen0100_A_nd_0005.npy
100,6,60.2966,906.289,gen0100_theta_nd_0006.npy,gen0100_A_nd_0006.npy
100,7,61.981,909.591,gen0100_theta_nd_0007.npy,gen0100_A_nd_0007.npy
100,8,50.2034,887.349,gen0100_theta_nd_0008.npy,gen0100_A_nd_0008.npy
100,9,58.0295,901.725,gen0100_theta_nd_0009.npy,gen0100_A_nd_0009.npy
100,10,54.7547,895.262,gen0100_theta_nd_0010.npy,gen0100_A_nd_0010.npy
100,11,53.5839,893.643,gen0100_theta_nd_0011.npy,gen0100_A_nd_0011.npy
100,12,49.8354,886.828,gen0100_theta_nd_0012.npy,gen0100_A_nd_0012.npy
100,13,59.174,904.043,gen0100_theta_nd_0013.npy,gen0100_A_nd_0013.npy
100,14,58.8697,903.346,gen0100_theta_nd_0014.npy,gen0100_A_nd_0014.npy
100,15,55.3657,896.997,gen0100_theta_nd_0015.npy,gen0100_A_nd_0015.npy
100,16,59.3173,904.793,gen0100_theta_nd_0016.npy,gen0100_A_nd_0016.npy
100,17,47.6369,882.624,gen0100_theta_nd_0017.npy,gen0100_A_nd_0017.npy
100,18,62.7998,911.202,gen0100_theta_nd_0018.npy,gen0100_A_nd_0018.npy
100,19,52.1839,891.287,gen0100_theta_nd_0019.npy,gen0100_A_nd_0019.npy
100,20,49.7009,886.272,gen0100_theta_nd_0020.npy,gen0100_A_nd_0020.npy
100,21,45.7491,880.052,gen0100_theta_nd_0021.npy,gen0100_A_nd_0021.npy
100,22,53.4204,893.542,gen0100_theta_nd_0022.npy,gen0100_A_nd_0022.npy
100,23,47.1577,880.842,gen0100_theta_nd_0023.npy,gen0100_A_nd_0023.npy
100,24,52.5406,891.473,gen0100_theta_nd_0024.npy,gen0100_A_nd_0024.npy
100,25,62.5484,909.983,gen0100_theta_nd_0025.npy,gen0100_A_nd_0025.npy
100,26,54.3872,894.676,gen0100_theta_nd_0026.npy,gen0100_A_nd_0026.npy
100,27,50.6582,888.229,gen0100_theta_nd_0027.npy,gen0100_A_nd_0027.npy
100,28,48.1514,883.144,gen0100_theta_nd_0028.npy,gen0100_A_nd_0028.npy
100,29,48.2155,883.801,gen0100_theta_nd_0029.npy,gen0100_A_nd_0029.npy
100,30,56.2938,899.6,gen0100_theta_nd_0030.npy,gen0100_A_nd_0030.npy
100,31,53.2891,892.064,gen0100_theta_nd_0031.npy,gen0100_A_nd_0031.npy
100,32,50.4529,887.934,gen0100_theta_nd_0032.npy,gen0100_A_nd_0032.npy
100,33,55.601,897.349,gen0100_theta_nd_0033.npy,gen0100_A_nd_0033.npy
100,34,61.4875,908.64,gen0100_theta_nd_0034.npy,gen0100_A_nd_0034.npy
100,35,56.1299,899.016,gen0100_theta_nd_0035.npy,gen0100_A_nd_0035.npy
100,36,61.173,907.701,gen0100_theta_nd_0036.npy,gen0100_A_nd_0036.npy
100,37,51.6024,889.948,gen0100_theta_nd_0037.npy,gen0100_A_nd_0037.npy
100,38,60.847,906.926,gen0100_theta_nd_0038.npy,gen0100_A_nd_0038.npy
100,39,55.1325,896.128,gen0100_theta_nd_0039.npy,gen0100_A_nd_0039.npy
100,40,60.0983,905.484,gen0100_theta_nd_0040.npy,gen0100_A_nd_0040.npy
100,41,50.9793,889.06,gen0100_theta_nd_0041.npy,gen0100_A_nd_0041.npy
100,42,51.5364,889.566,gen0100_theta_nd_0042.npy,gen0100_A_nd_0042.npy
100,43,63.4763,912.355,gen0100_theta_nd_0043.npy,gen0100_A_nd_0043.npy
100,44,57.5874,901.398,gen0100_theta_nd_0044.npy,gen0100_A_nd_0044.npy
100,45,54.873,895.512,gen0100_theta_nd_0045.npy,gen0100_A_nd_0045.npy
100,46,48.9907,884.099,gen0100_theta_nd_0046.npy,gen0100_A_nd_0046.npy
100,47,58.197,902.333,gen0100_theta_nd_0047.npy,gen0100_A_nd_0047.npy
100,48,49.4799,885.177,gen0100_theta_nd_0048.npy,gen0100_A_nd_0048.npy
100,49,49.2438,884.742,gen0100_theta_nd_0049.npy,gen0100_A_nd_0049.npy
100,50,47.2421,881.388,gen0100_theta_nd_0050.npy,gen0100_A_nd_0050.npy
100,51,46.9267,880.394,gen0100_theta_nd_0051.npy,gen0100_A_nd_0051.npy
100,52,54.7567,895.428,gen0100_theta_nd_0052.npy,gen0100_A_nd_0052.npy
100,53,55.36,896.411,gen0100_theta_nd_0053.npy,gen0100_A_nd_0053.npy
100,54,55.9954,898.674,gen0100_theta_nd_0054.npy,gen0100_A_nd_0054.npy
100,55,58.7437,903.264,gen0100_theta_nd_0055.npy,gen0100_A_nd_0055.npy
100,56,48.2361,883.934,gen0100_theta_nd_0056.npy,gen0100_A_nd_0056.npy
100,57,50.6025,887.999,gen0100_theta_nd_0057.npy,gen0100_A_nd_0057.npy
100,58,55.5298,897.314,gen0100_theta_nd_0058.npy,gen0100_A_nd_0058.npy
100,59,60.8928,907.348,gen0100_theta_nd_0059.npy,gen0100_A_nd_0059.npy
100,60,54.498,894.838,gen0100_theta_nd_0060.npy,gen0100_A_nd_0060.npy
101,0,57.5874,901.398,gen0101_theta_nd_0000.npy,gen0101_A_nd_0000.npy
101,1,52.9127,891.717,gen0101_theta_nd_0001.npy,gen0101_A_nd_0001.npy
101,2,55.9848,898.424,gen0101_theta_nd_0002.npy,gen0101_A_nd_0002.npy
101,3,60.2966,906.289,gen0101_theta_nd_0003.npy,gen0101_A_nd_0003.npy
101,4,62.0395,909.15,gen0101_theta_nd_0004.npy,gen0101_A_nd_0004.npy
101,5,53.5839,893.643,gen0101_theta_nd_0005.npy,gen0101_A_nd_0005.npy
101,6,56.2938,899.6,gen0101_theta_nd_0006.npy,gen0101_A_nd_0006.npy
101,7,58.3467,903.143,gen0101_theta_nd_0007.npy,gen0101_A_nd_0007.npy
101,8,59.3173,904.793,gen0101_theta_nd_0008.npy,gen0101_A_nd_0008.npy
101,9,54.873,895.512,gen0101_theta_nd_0009.npy,gen0101_A_nd_0009.npy
101,10,55.601,897.349,gen0101_theta_nd_0010.npy,gen0101_A_nd_0010.npy
101,11,47.2421,881.388,gen0101_theta_nd_0011.npy,gen0101_A_nd_0011.npy
101,12,49.8763,886.233,gen0101_theta_nd_0012.npy,gen0101_A_nd_0012.npy
101,13,48.2155,883.801,gen0101_theta_nd_0013.npy,gen0101_A_nd_0013.npy
101,14,47.6369,882.624,gen0101_theta_nd_0014.npy,gen0101_A_nd_0014.npy
101,15,50.9793,889.06,gen0101_theta_nd_0015.npy,gen0101_A_nd_0015.npy
101,16,53.2891,892.064,gen0101_theta_nd_0016.npy,gen0101_A_nd_0016.npy
101,17,60.847,906.926,gen0101_theta_nd_0017.npy,gen0101_A_nd_0017.npy
101,18,48.1514,883.144,gen0101_theta_nd_0018.npy,gen0101_A_nd_0018.npy
101,19,50.6582,888.229,gen0101_theta_nd_0019.npy,gen0101_A_nd_0019.npy
101,20,47.4102,882.097,gen0101_theta_nd_0020.npy,gen0101_A_nd_0020.npy
101,21,47.2019,880.817,gen0101_theta_nd_0021.npy,gen0101_A_nd_0021.npy
101,22,55.3657,896.997,gen0101_theta_nd_0022.npy,gen0101_A_nd_0022.npy
101,23,54.231,893.685,gen0101_theta_nd_0023.npy,gen0101_A_nd_0023.npy
101,24,46.9267,880.394,gen0101_theta_nd_0024.npy,gen0101_A_nd_0024.npy
101,25,62.5484,909.983,gen0101_theta_nd_0025.npy,gen0101_A_nd_0025.npy
101,26,51.6024,889.948,gen0101_theta_nd_0026.npy,gen0101_A_nd_0026.npy
101,27,61.2421,907.623,gen0101_theta_nd_0027.npy,gen0101_A_nd_0027.npy
101,28,54.6698,895.001,gen0101_theta_nd_0028.npy,gen0101_A_nd_0028.npy
101,29,49.6686,885.774,gen0101_theta_nd_0029.npy,gen0101_A_nd_0029.npy
101,30,58.0295,901.725,gen0101_theta_nd_0030.npy,gen0101_A_nd_0030.npy
101,31,52.1839,891.287,gen0101_theta_nd_0031.npy,gen0101_A_nd_0031.npy
101,32,52.5406,891.473,gen0101_theta_nd_0032.npy,gen0101_A_nd_0032.npy
101,33,58.197,902.333,gen0101_theta_nd_0033.npy,gen0101_A_nd_0033.npy
101,34,51.9019,890.664,gen0101_theta_nd_0034.npy,gen0101_A_nd_0034.npy
101,35,48.9907,884.099,gen0101_theta_nd_0035.npy,gen0101_A_nd_0035.npy
101,36,56.1299,899.016,gen0101_theta_nd_0036.npy,gen0101_A_nd_0036.npy
101,37,61.6971,908.697,gen0101_theta_nd_0037.npy,gen0101_A_nd_0037.npy
101,38,53.3982,893.406,gen0101_theta_nd_0038.npy,gen0101_A_nd_0038.npy
101,39,51.5364,889.566,gen0101_theta_nd_0039.npy,gen0101_A_nd_0039.npy
101,40,56.4385,900.171,gen0101_theta_nd_0040.npy,gen0101_A_nd_0040.npy
101,41,50.2034,887.349,gen0101_theta_nd_0041.npy,gen0101_A_nd_0041.npy
101,42,45.7491,880.052,gen0101_theta_nd_0042.npy,gen0101_A_nd_0042.npy
101,43,60.0983,905.484,gen0101_theta_nd_0043.npy,gen0101_A_nd_0043.npy
101,44,50.4529,887.934,gen0101_theta_nd_0044.npy,gen0101_A_nd_0044.npy
101,45,62.7998,911.202,gen0101_theta_nd_0045.npy,gen0101_A_nd_0045.npy
101,46,55.1325,896.128,gen0101_theta_nd_0046.npy,gen0101_A_nd_0046.npy
101,47,49.2438,884.742,gen0101_theta_nd_0047.npy,gen0101_A_nd_0047.npy
101,48,59.174,904.043,gen0101_theta_nd_0048.npy,gen0101_A_nd_0048.npy
101,49,61.5005,908.316,gen0101_theta_nd_0049.npy,gen0101_A_nd_0049.npy
101,50,63.4763,912.355,gen0101_theta_nd_0050.npy,gen0101_A_nd_0050.npy
101,51,58.8697,903.346,gen0101_theta_nd_0051.npy,gen0101_A_nd_0051.npy
101,52,54.3872,894.676,gen0101_theta_nd_0052.npy,gen0101_A_nd_0052.npy
101,53,57.3276,900.652,gen0101_theta_nd_0053.npy,gen0101_A_nd_0053.npy
101,54,49.4799,885.177,gen0101_theta_nd_0054.npy,gen0101_A_nd_0054.npy
101,55,54.7567,895.428,gen0101_theta_nd_0055.npy,gen0101_A_nd_0055.npy
101,56,58.236,902.558,gen0101_theta_nd_0056.npy,gen0101_A_nd_0056.npy
101,57,51.568,889.655,gen0101_theta_nd_0057.npy,gen0101_A_nd_0057.npy
101,58,59.1803,904.545,gen0101_theta_nd_0058.npy,gen0101_A_nd_0058.npy
101,59,48.0022,883.124,gen0101_theta_nd_0059.npy,gen0101_A_nd_0059.npy
101,60,54.7547,895.262,gen0101_theta_nd_0060.npy,gen0101_A_nd_0060.npy
102,0,57.3276,900.652,gen0102_theta_nd_0000.npy,gen0102_A_nd_0000.npy
102,1,47.2019,880.817,gen0102_theta_nd_0001.npy,gen0102_A_nd_0001.npy
102,2,61.6971,908.697,gen0102_theta_nd_0002.npy,gen0102_A_nd_0002.npy
102,3,49.2438,884.742,gen0102_theta_nd_0003.npy,gen0102_A_nd_0003.npy
102,4,61.5005,908.316,gen0102_theta_nd_0004.npy,gen0102_A_nd_0004.npy
102,5,56.2938,899.6,gen0102_theta_nd_0005.npy,gen0102_A_nd_0005.npy
102,6,52.9127,891.717,gen0102_theta_nd_0006.npy,gen0102_A_nd_0006.npy
102,7,54.3768,894.555,gen0102_theta_nd_0007.npy,gen0102_A_nd_0007.npy
102,8,60.847,906.926,gen0102_theta_nd_0008.npy,gen0102_A_nd_0008.npy
102,9,60.6556,906.657,gen0102_theta_nd_0009.npy,gen0102_A_nd_0009.npy
102,10,48.2846,883.21,gen0102_theta_nd_0010.npy,gen0102_A_nd_0010.npy
102,11,55.601,897.349,gen0102_theta_nd_0011.npy,gen0102_A_nd_0011.npy
102,12,52.441,891.048,gen0102_theta_nd_0012.npy,gen0102_A_nd_0012.npy
102,13,48.9907,884.099,gen0102_theta_nd_0013.npy,gen0102_A_nd_0013.npy
102,14,47.3937,881.492,gen0102_theta_nd_0014.npy,gen0102_A_nd_0014.npy
102,15,58.197,902.333,gen0102_theta_nd_0015.npy,gen0102_A_nd_0015.npy
102,16,49.4799,885.177,gen0102_theta_nd_0016.npy,gen0102_A_nd_0016.npy
102,17,52.5406,891.473,gen0102_theta_nd_0017.npy,gen0102_A_nd_0017.npy
102,18,50.9793,889.06,gen0102_theta_nd_0018.npy,gen0102_A_nd_0018.npy
102,19,58.0295,901.725,gen0102_theta_nd_0019.npy,gen0102_A_nd_0019.npy
102,20,53.2891,892.064,gen0102_theta_nd_0020.npy,gen0102_A_nd_0020.npy
102,21,53.5839,893.643,gen0102_theta_nd_0021.npy,gen0102_A_nd_0021.npy
102,22,62.5484,909.983,gen0102_theta_nd_0022.npy,gen0102_A_nd_0022.npy
102,23,56.8904,900.48,gen0102_theta_nd_0023.npy,gen0102_A_nd_0023.npy
102,24,56.1299,899.016,gen0102_theta_nd_0024.npy,gen0102_A_nd_0024.npy
102,25,54.6698,895.001,gen0102_theta_nd_0025.npy,gen0102_A_nd_0025.npy
102,26,60.0983,905.484,gen0102_theta_nd_0026.npy,gen0102_A_nd_0026.npy
102,27,54.873,895.512,gen0102_theta_nd_0027.npy,gen0102_A_nd_0027.npy
102,28,59.3173,904.793,gen0102_theta_nd_0028.npy,gen0102_A_nd_0028.npy
102,29,50.2741,887.45,gen0102_theta_nd_0029.npy,gen0102_A_nd_0029.npy
102,30,62.0395,909.15,gen0102_theta_nd_0030.npy,gen0102_A_nd_0030.npy
102,31,49.6686,885.774,gen0102_theta_nd_0031.npy,gen0102_A_nd_0031.npy
102,32,50.2034,887.349,gen0102_theta_nd_0032.npy,gen0102_A_nd_0032.npy
102,33,55.3742,896.792,gen0102_theta_nd_0033.npy,gen0102_A_nd_0033.npy
102,34,54.231,893.685,gen0102_theta_nd_0034.npy,gen0102_A_nd_0034.npy
102,35,53.4621,892.58,gen0102_theta_nd_0035.npy,gen0102_A_nd_0035.npy
102,36,51.5636,889.407,gen0102_theta_nd_0036.npy,gen0102_A_nd_0036.npy
102,37,57.5905,901.222,gen0102_theta_nd_0037.npy,gen0102_A_nd_0037.npy
102,38,60.2966,906.289,gen0102_theta_nd_0038.npy,gen0102_A_nd_0038.npy
102,39,62.7998,911.202,gen0102_theta_nd_0039.npy,gen0102_A_nd_0039.npy
102,40,51.9019,890.664,gen0102_theta_nd_0040.npy,gen0102_A_nd_0040.npy
102,41,63.4763,912.355,gen0102_theta_nd_0041.npy,gen0102_A_nd_0041.npy
102,42,56.0091,898.389,gen0102_theta_nd_0042.npy,gen0102_A_nd_0042.npy
102,43,46.2144,879.237,gen0102_theta_nd_0043.npy,gen0102_A_nd_0043.npy
102,44,59.2558,902.939,gen0102_theta_nd_0044.npy,gen0102_A_nd_0044.npy
102,45,51.6024,889.948,gen0102_theta_nd_0045.npy,gen0102_A_nd_0045.npy
102,46,61.2421,907.623,gen0102_theta_nd_0046.npy,gen0102_A_nd_0046.npy
102,47,55.1325,896.128,gen0102_theta_nd_0047.npy,gen0102_A_nd_0047.npy
102,48,50.6582,888.229,gen0102_theta_nd_0048.npy,gen0102_A_nd_0048.npy
102,49,49.8763,886.233,gen0102_theta_nd_0049.npy,gen0102_A_nd_0049.npy
102,50,46.9267,880.394,gen0102_theta_nd_0050.npy,gen0102_A_nd_0050.npy
102,51,54.3872,894.676,gen0102_theta_nd_0051.npy,gen0102_A_nd_0051.npy
102,52,47.667,881.696,gen0102_theta_nd_0052.npy,gen0102_A_nd_0052.npy
102,53,58.1552,902.124,gen0102_theta_nd_0053.npy,gen0102_A_nd_0053.npy
102,54,50.7004,888.241,gen0102_theta_nd_0054.npy,gen0102_A_nd_0054.npy
102,55,55.7237,898.048,gen0102_theta_nd_0055.npy,gen0102_A_nd_0055.npy
102,56,48.1816,882.962,gen0102_theta_nd_0056.npy,gen0102_A_nd_0056.npy
102,57,58.4485,902.444,gen0102_theta_nd_0057.npy,gen0102_A_nd_0057.npy
102,58,56.4385,900.171,gen0102_theta_nd_0058.npy,gen0102_A_nd_0058.npy
102,59,54.7567,895.428,gen0102_theta_nd_0059.npy,gen0102_A_nd_0059.npy
102,60,55.4145,897.199,gen0102_theta_nd_0060.npy,gen0102_A_nd_0060.npy
103,0,55.7237,898.048,gen0103_theta_nd_0000.npy,gen0103_A_nd_0000.npy
103,1,57.5598,900.76,gen0103_theta_nd_0001.npy,gen0103_A_nd_0001.npy
103,2,55.3798,897.031,gen0103_theta_nd_0002.npy,gen0103_A_nd_0002.npy
103,3,46.9267,880.394,gen0103_theta_nd_0003.npy,gen0103_A_nd_0003.npy
103,4,51.6024,889.948,gen0103_theta_nd_0004.npy,gen0103_A_nd_0004.npy
103,5,58.4485,902.444,gen0103_theta_nd_0005.npy,gen0103_A_nd_0005.npy
103,6,60.847,906.926,gen0103_theta_nd_0006.npy,gen0103_A_nd_0006.npy
103,7,55.1325,896.128,gen0103_theta_nd_0007.npy,gen0103_A_nd_0007.npy
103,8,56.8904,900.48,gen0103_theta_nd_0008.npy,gen0103_A_nd_0008.npy
103,9,50.161,887.023,gen0103_theta_nd_0009.npy,gen0103_A_nd_0009.npy
103,10,50.2741,887.45,gen0103_theta_nd_0010.npy,gen0103_A_nd_0010.npy
103,11,48.4381,883.667,gen0103_theta_nd_0011.npy,gen0103_A_nd_0011.npy
103,12,59.2558,902.939,gen0103_theta_nd_0012.npy,gen0103_A_nd_0012.npy
103,13,59.4383,904.493,gen0103_theta_nd_0013.npy,gen0103_A_nd_0013.npy
103,14,53.2891,892.064,gen0103_theta_nd_0014.npy,gen0103_A_nd_0014.npy
103,15,48.3909,883.016,gen0103_theta_nd_0015.npy,gen0103_A_nd_0015.npy
103,16,53.4621,892.58,gen0103_theta_nd_0016.npy,gen0103_A_nd_0016.npy
103,17,62.7998,911.202,gen0103_theta_nd_0017.npy,gen0103_A_nd_0017.npy
103,18,62.5484,909.983,gen0103_theta_nd_0018.npy,gen0103_A_nd_0018.npy
103,19,61.5005,908.316,gen0103_theta_nd_0019.npy,gen0103_A_nd_0019.npy
103,20,54.6698,895.001,gen0103_theta_nd_0020.npy,gen0103_A_nd_0020.npy
103,21,60.0983,905.484,gen0103_theta_nd_0021.npy,gen0103_A_nd_0021.npy
103,22,47.3937,881.492,gen0103_theta_nd_0022.npy,gen0103_A_nd_0022.npy
103,23,50.9434,888.417,gen0103_theta_nd_0023.npy,gen0103_A_nd_0023.npy
103,24,56.8028,899.895,gen0103_theta_nd_0024.npy,gen0103_A_nd_0024.npy
103,25,59.1368,902.653,gen0103_theta_nd_0025.npy,gen0103_A_nd_0025.npy
103,26,62.3987,909.699,gen0103_theta_nd_0026.npy,gen0103_A_nd_0026.npy
103,27,49.2438,884.742,gen0103_theta_nd_0027.npy,gen0103_A_nd_0027.npy
103,28,62.0395,909.15,gen0103_theta_nd_0028.npy,gen0103_A_nd_0028.npy
103,29,59.7781,905.292,gen0103_theta_nd_0029.npy,gen0103_A_nd_0029.npy
103,30,49.8763,886.233,gen0103_theta_nd_0030.npy,gen0103_A_nd_0030.npy
103,31,51.5636,889.407,gen0103_theta_nd_0031.npy,gen0103_A_nd_0031.npy
103,32,48.9907,884.099,gen0103_theta_nd_0032.npy,gen0103_A_nd_0032.npy
103,33,58.2489,901.706,gen0103_theta_nd_0033.npy,gen0103_A_nd_0033.npy
103,34,49.6686,885.774,gen0103_theta_nd_0034.npy,gen0103_A_nd_0034.npy
103,35,63.4763,912.355,gen0103_theta_nd_0035.npy,gen0103_A_nd_0035.npy
103,36,54.393,894.405,gen0103_theta_nd_0036.npy,gen0103_A_nd_0036.npy
103,37,56.2938,899.6,gen0103_theta_nd_0037.npy,gen0103_A_nd_0037.npy
103,38,60.2966,906.289,gen0103_theta_nd_0038.npy,gen0103_A_nd_0038.npy
103,39,54.231,893.685,gen0103_theta_nd_0039.npy,gen0103_A_nd_0039.npy
103,40,51.9019,890.664,gen0103_theta_nd_0040.npy,gen0103_A_nd_0040.npy
103,41,53.8519,893.557,gen0103_theta_nd_0041.npy,gen0103_A_nd_0041.npy
103,42,49.4799,885.177,gen0103_theta_nd_0042.npy,gen0103_A_nd_0042.npy
103,43,60.6556,906.657,gen0103_theta_nd_0043.npy,gen0103_A_nd_0043.npy
103,44,46.2144,879.237,gen0103_theta_nd_0044.npy,gen0103_A_nd_0044.npy
103,45,47.3641,880.907,gen0103_theta_nd_0045.npy,gen0103_A_nd_0045.npy
103,46,55.601,897.349,gen0103_theta_nd_0046.npy,gen0103_A_nd_0046.npy
103,47,54.873,895.512,gen0103_theta_nd_0047.npy,gen0103_A_nd_0047.npy
103,48,52.9127,891.717,gen0103_theta_nd_0048.npy,gen0103_A_nd_0048.npy
103,49,52.5406,891.473,gen0103_theta_nd_0049.npy,gen0103_A_nd_0049.npy
103,50,61.6971,908.697,gen0103_theta_nd_0050.npy,gen0103_A_nd_0050.npy
103,51,50.7045,888.072,gen0103_theta_nd_0051.npy,gen0103_A_nd_0051.npy
103,52,57.5905,901.222,gen0103_theta_nd_0052.npy,gen0103_A_nd_0052.npy
103,53,52.0106,890.904,gen0103_theta_nd_0053.npy,gen0103_A_nd_0053.npy
103,54,56.1492,898.361,gen0103_theta_nd_0054.npy,gen0103_A_nd_0054.npy
103,55,50.7983,888.403,gen0103_theta_nd_0055.npy,gen0103_A_nd_0055.npy
103,56,60.1837,905.907,gen0103_theta_nd_0056.npy,gen0103_A_nd_0056.npy
103,57,47.667,881.696,gen0103_theta_nd_0057.npy,gen0103_A_nd_0057.npy
103,58,55.3742,896.792,gen0103_theta_nd_0058.npy,gen0103_A_nd_0058.npy
103,59,48.1816,882.962,gen0103_theta_nd_0059.npy,gen0103_A_nd_0059.npy
103,60,57.3276,900.652,gen0103_theta_nd_0060.npy,gen0103_A_nd_0060.npy
104,0,50.4024,887.656,gen0104_theta_nd_0000.npy,gen0104_A_nd_0000.npy
104,1,54.6698,895.001,gen0104_theta_nd_0001.npy,gen0104_A_nd_0001.npy
104,2,45.9742,879.215,gen0104_theta_nd_0002.npy,gen0104_A_nd_0002.npy
104,3,60.2966,906.289,gen0104_theta_nd_0003.npy,gen0104_A_nd_0003.npy
104,4,54.231,893.685,gen0104_theta_nd_0004.npy,gen0104_A_nd_0004.npy
104,5,51.8343,890.337,gen0104_theta_nd_0005.npy,gen0104_A_nd_0005.npy
104,6,56.6261,899.058,gen0104_theta_nd_0006.npy,gen0104_A_nd_0006.npy
104,7,48.5957,883.601,gen0104_theta_nd_0007.npy,gen0104_A_nd_0007.npy
104,8,49.6686,885.774,gen0104_theta_nd_0008.npy,gen0104_A_nd_0008.npy
104,9,60.6556,906.657,gen0104_theta_nd_0009.npy,gen0104_A_nd_0009.npy
104,10,48.9907,884.099,gen0104_theta_nd_0010.npy,gen0104_A_nd_0010.npy
104,11,47.6214,881.447,gen0104_theta_nd_0011.npy,gen0104_A_nd_0011.npy
104,12,63.2807,911.198,gen0104_theta_nd_0012.npy,gen0104_A_nd_0012.npy
104,13,50.7045,888.072,gen0104_theta_nd_0013.npy,gen0104_A_nd_0013.npy
104,14,55.7237,898.048,gen0104_theta_nd_0014.npy,gen0104_A_nd_0014.npy
104,15,62.5484,909.983,gen0104_theta_nd_0015.npy,gen0104_A_nd_0015.npy
104,16,58.2489,901.706,gen0104_theta_nd_0016.npy,gen0104_A_nd_0016.npy
104,17,59.4383,904.493,gen0104_theta_nd_0017.npy,gen0104_A_nd_0017.npy
104,18,61.2602,907.042,gen0104_theta_nd_0018.npy,gen0104_A_nd_0018.npy
104,19,53.2891,892.064,gen0104_theta_nd_0019.npy,gen0104_A_nd_0019.npy
104,20,60.0983,905.484,gen0104_theta_nd_0020.npy,gen0104_A_nd_0020.npy
104,21,53.9014,893.431,gen0104_theta_nd_0021.npy,gen0104_A_nd_0021.npy
104,22,56.1492,898.361,gen0104_theta_nd_0022.npy,gen0104_A_nd_0022.npy
104,23,56.8028,899.895,gen0104_theta_nd_0023.npy,gen0104_A_nd_0023.npy
104,24,51.5636,889.407,gen0104_theta_nd_0024.npy,gen0104_A_nd_0024.npy
104,25,55.3503,895.823,gen0104_theta_nd_0025.npy,gen0104_A_nd_0025.npy
104,26,50.161,887.023,gen0104_theta_nd_0026.npy,gen0104_A_nd_0026.npy
104,27,49.2438,884.742,gen0104_theta_nd_0027.npy,gen0104_A_nd_0027.npy
104,28,54.393,894.405,gen0104_theta_nd_0028.npy,gen0104_A_nd_0028.npy
104,29,57.7353,900.881,gen0104_theta_nd_0029.npy,gen0104_A_nd_0029.npy
104,30,52.0106,890.904,gen0104_theta_nd_0030.npy,gen0104_A_nd_0030.npy
104,31,60.847,906.926,gen0104_theta_nd_0031.npy,gen0104_A_nd_0031.npy
104,32,52.5406,891.473,gen0104_theta_nd_0032.npy,gen0104_A_nd_0032.npy
104,33,49.8763,886.233,gen0104_theta_nd_0033.npy,gen0104_A_nd_0033.npy
104,34,62.0395,909.15,gen0104_theta_nd_0034.npy,gen0104_A_nd_0034.npy
104,35,47.3641,880.907,gen0104_theta_nd_0035.npy,gen0104_A_nd_0035.npy
104,36,63.4763,912.355,gen0104_theta_nd_0036.npy,gen0104_A_nd_0036.npy
104,37,58.9515,902.543,gen0104_theta_nd_0037.npy,gen0104_A_nd_0037.npy
104,38,47.667,881.696,gen0104_theta_nd_0038.npy,gen0104_A_nd_0038.npy
104,39,61.5005,908.316,gen0104_theta_nd_0039.npy,gen0104_A_nd_0039.npy
104,40,53.4621,892.58,gen0104_theta_nd_0040.npy,gen0104_A_nd_0040.npy
104,41,50.9434,888.417,gen0104_theta_nd_0041.npy,gen0104_A_nd_0041.npy
104,42,54.873,895.512,gen0104_theta_nd_0042.npy,gen0104_A_nd_0042.npy
104,43,57.4045,900.054,gen0104_theta_nd_0043.npy,gen0104_A_nd_0043.npy
104,44,55.601,897.349,gen0104_theta_nd_0044.npy,gen0104_A_nd_0044.npy
104,45,46.9267,880.394,gen0104_theta_nd_0045.npy,gen0104_A_nd_0045.npy
104,46,48.4703,882.901,gen0104_theta_nd_0046.npy,gen0104_A_nd_0046.npy
104,47,61.7822,908.625,gen0104_theta_nd_0047.npy,gen0104_A_nd_0047.npy
104,48,49.4799,885.177,gen0104_theta_nd_0048.npy,gen0104_A_nd_0048.npy
104,49,51.2005,889.176,gen0104_theta_nd_0049.npy,gen0104_A_nd_0049.npy
104,50,58.5308,902.508,gen0104_theta_nd_0050.npy,gen0104_A_nd_0050.npy
104,51,52.9127,891.717,gen0104_theta_nd_0051.npy,gen0104_A_nd_0051.npy
104,52,59.7781,905.292,gen0104_theta_nd_0052.npy,gen0104_A_nd_0052.npy
104,53,55.3742,896.792,gen0104_theta_nd_0053.npy,gen0104_A_nd_0053.npy
104,54,59.2558,902.939,gen0104_theta_nd_0054.npy,gen0104_A_nd_0054.npy
104,55,62.3987,909.699,gen0104_theta_nd_0055.npy,gen0104_A_nd_0055.npy
104,56,55.3798,897.031,gen0104_theta_nd_0056.npy,gen0104_A_nd_0056.npy
104,57,58.4485,902.444,gen0104_theta_nd_0057.npy,gen0104_A_nd_0057.npy
104,58,48.1906,882.771,gen0104_theta_nd_0058.npy,gen0104_A_nd_0058.npy
104,59,51.9039,890.345,gen0104_theta_nd_0059.npy,gen0104_A_nd_0059.npy
104,60,51.6024,889.948,gen0104_theta_nd_0060.npy,gen0104_A_nd_0060.npy
105,0,54.6698,895.001,gen0105_theta_nd_0000.npy,gen0105_A_nd_0000.npy
105,1,48.5037,882.791,gen0105_theta_nd_0001.npy,gen0105_A_nd_0001.npy
105,2,50.4024,887.656,gen0105_theta_nd_0002.npy,gen0105_A_nd_0002.npy
105,3,51.5636,889.407,gen0105_theta_nd_0003.npy,gen0105_A_nd_0003.npy
105,4,62.3987,909.699,gen0105_theta_nd_0004.npy,gen0105_A_nd_0004.npy
105,5,61.5005,908.316,gen0105_theta_nd_0005.npy,gen0105_A_nd_0005.npy
105,6,61.08,906.688,gen0105_theta_nd_0006.npy,gen0105_A_nd_0006.npy
105,7,57.7353,900.881,gen0105_theta_nd_0007.npy,gen0105_A_nd_0007.npy
105,8,62.5484,909.983,gen0105_theta_nd_0008.npy,gen0105_A_nd_0008.npy
105,9,60.3754,905.867,gen0105_theta_nd_0009.npy,gen0105_A_nd_0009.npy
105,10,55.799,897.676,gen0105_theta_nd_0010.npy,gen0105_A_nd_0010.npy
105,11,50.7743,887.779,gen0105_theta_nd_0011.npy,gen0105_A_nd_0011.npy
105,12,52.0106,890.904,gen0105_theta_nd_0012.npy,gen0105_A_nd_0012.npy
105,13,48.9907,884.099,gen0105_theta_nd_0013.npy,gen0105_A_nd_0013.npy
105,14,54.873,895.512,gen0105_theta_nd_0014.npy,gen0105_A_nd_0014.npy
105,15,47.6214,881.447,gen0105_theta_nd_0015.npy,gen0105_A_nd_0015.npy
105,16,51.409,888.896,gen0105_theta_nd_0016.npy,gen0105_A_nd_0016.npy
105,17,60.0983,905.484,gen0105_theta_nd_0017.npy,gen0105_A_nd_0017.npy
105,18,53.2891,892.064,gen0105_theta_nd_0018.npy,gen0105_A_nd_0018.npy
105,19,49.4799,885.177,gen0105_theta_nd_0019.npy,gen0105_A_nd_0019.npy
105,20,50.9434,888.417,gen0105_theta_nd_0020.npy,gen0105_A_nd_0020.npy
105,21,55.5843,896.275,gen0105_theta_nd_0021.npy,gen0105_A_nd_0021.npy
105,22,61.7811,908.506,gen0105_theta_nd_0022.npy,gen0105_A_nd_0022.npy
105,23,62.0395,909.15,gen0105_theta_nd_0023.npy,gen0105_A_nd_0023.npy
105,24,52.9127,891.717,gen0105_theta_nd_0024.npy,gen0105_A_nd_0024.npy
105,25,58.3236,901.617,gen0105_theta_nd_0025.npy,gen0105_A_nd_0025.npy
105,26,56.6261,899.058,gen0105_theta_nd_0026.npy,gen0105_A_nd_0026.npy
105,27,52.5406,891.473,gen0105_theta_nd_0027.npy,gen0105_A_nd_0027.npy
105,28,58.9515,902.543,gen0105_theta_nd_0028.npy,gen0105_A_nd_0028.npy
105,29,56.1492,898.361,gen0105_theta_nd_0029.npy,gen0105_A_nd_0029.npy
105,30,57.4045,900.054,gen0105_theta_nd_0030.npy,gen0105_A_nd_0030.npy
105,31,53.4621,892.58,gen0105_theta_nd_0031.npy,gen0105_A_nd_0031.npy
105,32,49.2438,884.742,gen0105_theta_nd_0032.npy,gen0105_A_nd_0032.npy
105,33,63.2807,911.198,gen0105_theta_nd_0033.npy,gen0105_A_nd_0033.npy
105,34,49.8763,886.233,gen0105_theta_nd_0034.npy,gen0105_A_nd_0034.npy
105,35,58.6278,901.76,gen0105_theta_nd_0035.npy,gen0105_A_nd_0035.npy
105,36,59.2558,902.939,gen0105_theta_nd_0036.npy,gen0105_A_nd_0036.npy
105,37,63.4763,912.355,gen0105_theta_nd_0037.npy,gen0105_A_nd_0037.npy
105,38,59.5594,903.815,gen0105_theta_nd_0038.npy,gen0105_A_nd_0038.npy
105,39,49.6686,885.774,gen0105_theta_nd_0039.npy,gen0105_A_nd_0039.npy
105,40,48.5957,883.601,gen0105_theta_nd_0040.npy,gen0105_A_nd_0040.npy
105,41,61.2602,907.042,gen0105_theta_nd_0041.npy,gen0105_A_nd_0041.npy
105,42,46.9267,880.394,gen0105_theta_nd_0042.npy,gen0105_A_nd_0042.npy
105,43,45.9742,879.215,gen0105_theta_nd_0043.npy,gen0105_A_nd_0043.npy
105,44,60.6556,906.657,gen0105_theta_nd_0044.npy,gen0105_A_nd_0044.npy
105,45,54.4632,894.123,gen0105_theta_nd_0045.npy,gen0105_A_nd_0045.npy
105,46,51.8343,890.337,gen0105_theta_nd_0046.npy,gen0105_A_nd_0046.npy
105,47,55.601,897.349,gen0105_theta_nd_0047.npy,gen0105_A_nd_0047.npy
105,48,54.231,893.685,gen0105_theta_nd_0048.npy,gen0105_A_nd_0048.npy
105,49,50.161,887.023,gen0105_theta_nd_0049.npy,gen0105_A_nd_0049.npy
105,50,47.3641,880.907,gen0105_theta_nd_0050.npy,gen0105_A_nd_0050.npy
105,51,53.9014,893.431,gen0105_theta_nd_0051.npy,gen0105_A_nd_0051.npy
105,52,56.7366,899.726,gen0105_theta_nd_0052.npy,gen0105_A_nd_0052.npy
105,53,55.3503,895.823,gen0105_theta_nd_0053.npy,gen0105_A_nd_0053.npy
105,54,47.667,881.696,gen0105_theta_nd_0054.npy,gen0105_A_nd_0054.npy
105,55,51.6024,889.948,gen0105_theta_nd_0055.npy,gen0105_A_nd_0055.npy
105,56,53.3779,892.507,gen0105_theta_nd_0056.npy,gen0105_A_nd_0056.npy
105,57,51.9039,890.345,gen0105_theta_nd_0057.npy,gen0105_A_nd_0057.npy
105,58,59.8945,905.162,gen0105_theta_nd_0058.npy,gen0105_A_nd_0058.npy
105,59,55.1828,895.715,gen0105_theta_nd_0059.npy,gen0105_A_nd_0059.npy
105,60,48.1906,882.771,gen0105_theta_nd_0060.npy,gen0105_A_nd_0060.npy
106,0,50.2503,886.87,gen0106_theta_nd_0000.npy,gen0106_A_nd_0000.npy
106,1,54.612,894.949,gen0106_theta_nd_0001.npy,gen0106_A_nd_0001.npy
106,2,61.08,906.688,gen0106_theta_nd_0002.npy,gen0106_A_nd_0002.npy
106,3,54.873,895.512,gen0106_theta_nd_0003.npy,gen0106_A_nd_0003.npy
106,4,52.9127,891.717,gen0106_theta_nd_0004.npy,gen0106_A_nd_0004.npy
106,5,58.3236,901.617,gen0106_theta_nd_0005.npy,gen0106_A_nd_0005.npy
106,6,49.2438,884.742,gen0106_theta_nd_0006.npy,gen0106_A_nd_0006.npy
106,7,51.0586,888.66,gen0106_theta_nd_0007.npy,gen0106_A_nd_0007.npy
106,8,51.9948,890.179,gen0106_theta_nd_0008.npy,gen0106_A_nd_0008.npy
106,9,51.469,888.925,gen0106_theta_nd_0009.npy,gen0106_A_nd_0009.npy
106,10,52.0106,890.904,gen0106_theta_nd_0010.npy,gen0106_A_nd_0010.npy
106,11,49.6686,885.774,gen0106_theta_nd_0011.npy,gen0106_A_nd_0011.npy
106,12,55.5843,896.275,gen0106_theta_nd_0012.npy,gen0106_A_nd_0012.npy
106,13,52.5406,891.473,gen0106_theta_nd_0013.npy,gen0106_A_nd_0013.npy
106,14,60.0983,905.484,gen0106_theta_nd_0014.npy,gen0106_A_nd_0014.npy
106,15,51.5786,889.606,gen0106_theta_nd_0015.npy,gen0106_A_nd_0015.npy
106,16,55.601,897.349,gen0106_theta_nd_0016.npy,gen0106_A_nd_0016.npy
106,17,57.4045,900.054,gen0106_theta_nd_0017.npy,gen0106_A_nd_0017.npy
106,18,48.5037,882.791,gen0106_theta_nd_0018.npy,gen0106_A_nd_0018.npy
106,19,58.6278,901.76,gen0106_theta_nd_0019.npy,gen0106_A_nd_0019.npy
106,20,60.3754,905.867,gen0106_theta_nd_0020.npy,gen0106_A_nd_0020.npy
106,21,53.2891,892.064,gen0106_theta_nd_0021.npy,gen0106_A_nd_0021.npy
106,22,45.9742,879.215,gen0106_theta_nd_0022.npy,gen0106_A_nd_0022.npy
106,23,62.5484,909.983,gen0106_theta_nd_0023.npy,gen0106_A_nd_0023.npy
106,24,59.7037,904.653,gen0106_theta_nd_0024.npy,gen0106_A_nd_0024.npy
106,25,49.4799,885.177,gen0106_theta_nd_0025.npy,gen0106_A_nd_0025.npy
106,26,62.3987,909.699,gen0106_theta_nd_0026.npy,gen0106_A_nd_0026.npy
106,27,48.5957,883.601,gen0106_theta_nd_0027.npy,gen0106_A_nd_0027.npy
106,28,50.4063,887.595,gen0106_theta_nd_0028.npy,gen0106_A_nd_0028.npy
106,29,47.3641,880.907,gen0106_theta_nd_0029.npy,gen0106_A_nd_0029.npy
106,30,61.5005,908.316,gen0106_theta_nd_0030.npy,gen0106_A_nd_0030.npy
106,31,63.2807,911.198,gen0106_theta_nd_0031.npy,gen0106_A_nd_0031.npy
106,32,59.2558,902.939,gen0106_theta_nd_0032.npy,gen0106_A_nd_0032.npy
106,33,56.1492,898.361,gen0106_theta_nd_0033.npy,gen0106_A_nd_0033.npy
106,34,56.6261,899.058,gen0106_theta_nd_0034.npy,gen0106_A_nd_0034.npy
106,35,53.4621,892.58,gen0106_theta_nd_0035.npy,gen0106_A_nd_0035.npy
106,36,55.799,897.676,gen0106_theta_nd_0036.npy,gen0106_A_nd_0036.npy
106,37,54.2686,893.591,gen0106_theta_nd_0037.npy,gen0106_A_nd_0037.npy
106,38,57.8161,900.657,gen0106_theta_nd_0038.npy,gen0106_A_nd_0038.npy
106,39,47.6214,881.447,gen0106_theta_nd_0039.npy,gen0106_A_nd_0039.npy
106,40,47.667,881.696,gen0106_theta_nd_0040.npy,gen0106_A_nd_0040.npy
106,41,46.9267,880.394,gen0106_theta_nd_0041.npy,gen0106_A_nd_0041.npy
106,42,59.5594,903.815,gen0106_theta_nd_0042.npy,gen0106_A_nd_0042.npy
106,43,49.8763,886.233,gen0106_theta_nd_0043.npy,gen0106_A_nd_0043.npy
106,44,63.4763,912.355,gen0106_theta_nd_0044.npy,gen0106_A_nd_0044.npy
106,45,55.3503,895.823,gen0106_theta_nd_0045.npy,gen0106_A_nd_0045.npy
106,46,48.9907,884.099,gen0106_theta_nd_0046.npy,gen0106_A_nd_0046.npy
106,47,62.0395,909.15,gen0106_theta_nd_0047.npy,gen0106_A_nd_0047.npy
106,48,50.8,887.961,gen0106_theta_nd_0048.npy,gen0106_A_nd_0048.npy
106,49,53.9014,893.431,gen0106_theta_nd_0049.npy,gen0106_A_nd_0049.npy
106,50,61.7811,908.506,gen0106_theta_nd_0050.npy,gen0106_A_nd_0050.npy
106,51,58.9902,902.784,gen0106_theta_nd_0051.npy,gen0106_A_nd_0051.npy
106,52,54.4632,894.123,gen0106_theta_nd_0052.npy,gen0106_A_nd_0052.npy
106,53,60.67,906.296,gen0106_theta_nd_0053.npy,gen0106_A_nd_0053.npy
106,54,56.9032,899.301,gen0106_theta_nd_0054.npy,gen0106_A_nd_0054.npy
106,55,48.8454,883.979,gen0106_theta_nd_0055.npy,gen0106_A_nd_0055.npy
106,56,55.1828,895.715,gen0106_theta_nd_0056.npy,gen0106_A_nd_0056.npy
106,57,59.893,904.916,gen0106_theta_nd_0057.npy,gen0106_A_nd_0057.npy
106,58,50.0869,886.794,gen0106_theta_nd_0058.npy,gen0106_A_nd_0058.npy
106,59,53.6628,892.964,gen0106_theta_nd_0059.npy,gen0106_A_nd_0059.npy
106,60,58.9515,902.543,gen0106_theta_nd_0060.npy,gen0106_A_nd_0060.npy
107,0,45.9742,879.215,gen0107_theta_nd_0000.npy,gen0107_A_nd_0000.npy
107,1,55.3369,895.684,gen0107_theta_nd_0001.npy,gen0107_A_nd_0001.npy
107,2,56.1492,898.361,gen0107_theta_nd_0002.npy,gen0107_A_nd_0002.npy
107,3,52.5406,891.473,gen0107_theta_nd_0003.npy,gen0107_A_nd_0003.npy
107,4,54.4632,894.123,gen0107_theta_nd_0004.npy,gen0107_A_nd_0004.npy
107,5,61.5005,908.316,gen0107_theta_nd_0005.npy,gen0107_A_nd_0005.npy
107,6,51.5828,889.634,gen0107_theta_nd_0006.npy,gen0107_A_nd_0006.npy
107,7,54.873,895.512,gen0107_theta_nd_0007.npy,gen0107_A_nd_0007.npy
107,8,55.8572,896.794,gen0107_theta_nd_0008.npy,gen0107_A_nd_0008.npy
107,9,57.8161,900.657,gen0107_theta_nd_0009.npy,gen0107_A_nd_0009.npy
107,10,48.9907,884.099,gen0107_theta_nd_0010.npy,gen0107_A_nd_0010.npy
107,11,59.2558,902.939,gen0107_theta_nd_0011.npy,gen0107_A_nd_0011.npy
107,12,55.5843,896.275,gen0107_theta_nd_0012.npy,gen0107_A_nd_0012.npy
107,13,49.4799,885.177,gen0107_theta_nd_0013.npy,gen0107_A_nd_0013.npy
107,14,53.9014,893.431,gen0107_theta_nd_0014.npy,gen0107_A_nd_0014.npy
107,15,53.2891,892.064,gen0107_theta_nd_0015.npy,gen0107_A_nd_0015.npy
107,16,52.9127,891.717,gen0107_theta_nd_0016.npy,gen0107_A_nd_0016.npy
107,17,47.3641,880.907,gen0107_theta_nd_0017.npy,gen0107_A_nd_0017.npy
107,18,54.612,894.949,gen0107_theta_nd_0018.npy,gen0107_A_nd_0018.npy
107,19,59.5594,903.815,gen0107_theta_nd_0019.npy,gen0107_A_nd_0019.npy
107,20,46.9267,880.394,gen0107_theta_nd_0020.npy,gen0107_A_nd_0020.npy
107,21,58.3604,901.715,gen0107_theta_nd_0021.npy,gen0107_A_nd_0021.npy
107,22,50.2503,886.87,gen0107_theta_nd_0022.npy,gen0107_A_nd_0022.npy
107,23,54.2686,893.591,gen0107_theta_nd_0023.npy,gen0107_A_nd_0023.npy
107,24,56.9032,899.301,gen0107_theta_nd_0024.npy,gen0107_A_nd_0024.npy
107,25,61.7811,908.506,gen0107_theta_nd_0025.npy,gen0107_A_nd_0025.npy
107,26,62.5484,909.983,gen0107_theta_nd_0026.npy,gen0107_A_nd_0026.npy
107,27,48.5037,882.791,gen0107_theta_nd_0027.npy,gen0107_A_nd_0027.npy
107,28,63.4763,912.355,gen0107_theta_nd_0028.npy,gen0107_A_nd_0028.npy
107,29,58.9902,902.784,gen0107_theta_nd_0029.npy,gen0107_A_nd_0029.npy
107,30,48.2585,882.395,gen0107_theta_nd_0030.npy,gen0107_A_nd_0030.npy
107,31,52.0106,890.904,gen0107_theta_nd_0031.npy,gen0107_A_nd_0031.npy
107,32,60.0983,905.484,gen0107_theta_nd_0032.npy,gen0107_A_nd_0032.npy
107,33,50.4063,887.595,gen0107_theta_nd_0033.npy,gen0107_A_nd_0033.npy
107,34,49.6686,885.774,gen0107_theta_nd_0034.npy,gen0107_A_nd_0034.npy
107,35,57.2661,899.518,gen0107_theta_nd_0035.npy,gen0107_A_nd_0035.npy
107,36,62.4164,909.63,gen0107_theta_nd_0036.npy,gen0107_A_nd_0036.npy
107,37,50.8,887.961,gen0107_theta_nd_0037.npy,gen0107_A_nd_0037.npy
107,38,47.8968,881.801,gen0107_theta_nd_0038.npy,gen0107_A_nd_0038.npy
107,39,51.1422,888.618,gen0107_theta_nd_0039.npy,gen0107_A_nd_0039.npy
107,40,56.6244,898.499,gen0107_theta_nd_0040.npy,gen0107_A_nd_0040.npy
107,41,59.735,904.524,gen0107_theta_nd_0041.npy,gen0107_A_nd_0041.npy
107,42,61.2426,906.116,gen0107_theta_nd_0042.npy,gen0107_A_nd_0042.npy
107,43,62.0395,909.15,gen0107_theta_nd_0043.npy,gen0107_A_nd_0043.npy
107,44,51.9948,890.179,gen0107_theta_nd_0044.npy,gen0107_A_nd_0044.npy
107,45,60.3754,905.867,gen0107_theta_nd_0045.npy,gen0107_A_nd_0045.npy
107,46,58.6278,901.76,gen0107_theta_nd_0046.npy,gen0107_A_nd_0046.npy
107,47,47.6214,881.447,gen0107_theta_nd_0047.npy,gen0107_A_nd_0047.npy
107,48,51.469,888.925,gen0107_theta_nd_0048.npy,gen0107_A_nd_0048.npy
107,49,63.2807,911.198,gen0107_theta_nd_0049.npy,gen0107_A_nd_0049.npy
107,50,57.4045,900.054,gen0107_theta_nd_0050.npy,gen0107_A_nd_0050.npy
107,51,49.8763,886.233,gen0107_theta_nd_0051.npy,gen0107_A_nd_0051.npy
107,52,49.2438,884.742,gen0107_theta_nd_0052.npy,gen0107_A_nd_0052.npy
107,53,53.4621,892.58,gen0107_theta_nd_0053.npy,gen0107_A_nd_0053.npy
107,54,47.667,881.696,gen0107_theta_nd_0054.npy,gen0107_A_nd_0054.npy
107,55,48.8454,883.979,gen0107_theta_nd_0055.npy,gen0107_A_nd_0055.npy
107,56,56.6261,899.058,gen0107_theta_nd_0056.npy,gen0107_A_nd_0056.npy
107,57,58.9515,902.543,gen0107_theta_nd_0057.npy,gen0107_A_nd_0057.npy
107,58,58.2049,901.614,gen0107_theta_nd_0058.npy,gen0107_A_nd_0058.npy
107,59,54.5849,894.887,gen0107_theta_nd_0059.npy,gen0107_A_nd_0059.npy
107,60,55.993,896.869,gen0107_theta_nd_0060.npy,gen0107_A_nd_0060.npy
108,0,54.612,894.949,gen0108_theta_nd_0000.npy,gen0108_A_nd_0000.npy
108,1,49.4799,885.177,gen0108_theta_nd_0001.npy,gen0108_A_nd_0001.npy
108,2,54.4632,894.123,gen0108_theta_nd_0002.npy,gen0108_A_nd_0002.npy
108,3,53.4621,892.58,gen0108_theta_nd_0003.npy,gen0108_A_nd_0003.npy
108,4,59.2558,902.939,gen0108_theta_nd_0004.npy,gen0108_A_nd_0004.npy
108,5,58.3604,901.715,gen0108_theta_nd_0005.npy,gen0108_A_nd_0005.npy
108,6,52.1941,890.86,gen0108_theta_nd_0006.npy,gen0108_A_nd_0006.npy
108,7,62.9561,910.922,gen0108_theta_nd_0007.npy,gen0108_A_nd_0007.npy
108,8,54.873,895.512,gen0108_theta_nd_0008.npy,gen0108_A_nd_0008.npy
108,9,57.2661,899.518,gen0108_theta_nd_0009.npy,gen0108_A_nd_0009.npy
108,10,55.8572,896.794,gen0108_theta_nd_0010.npy,gen0108_A_nd_0010.npy
108,11,54.2686,893.591,gen0108_theta_nd_0011.npy,gen0108_A_nd_0011.npy
108,12,48.9519,884.043,gen0108_theta_nd_0012.npy,gen0108_A_nd_0012.npy
108,13,53.2891,892.064,gen0108_theta_nd_0013.npy,gen0108_A_nd_0013.npy
108,14,60.0983,905.484,gen0108_theta_nd_0014.npy,gen0108_A_nd_0014.npy
108,15,57.4045,900.054,gen0108_theta_nd_0015.npy,gen0108_A_nd_0015.npy
108,16,59.5594,903.815,gen0108_theta_nd_0016.npy,gen0108_A_nd_0016.npy
108,17,56.1492,898.361,gen0108_theta_nd_0017.npy,gen0108_A_nd_0017.npy
108,18,47.8968,881.801,gen0108_theta_nd_0018.npy,gen0108_A_nd_0018.npy
108,19,51.469,888.925,gen0108_theta_nd_0019.npy,gen0108_A_nd_0019.npy
108,20,63.4763,912.355,gen0108_theta_nd_0020.npy,gen0108_A_nd_0020.npy
108,21,47.3641,880.907,gen0108_theta_nd_0021.npy,gen0108_A_nd_0021.npy
108,22,63.2807,911.198,gen0108_theta_nd_0022.npy,gen0108_A_nd_0022.npy
108,23,55.3369,895.684,gen0108_theta_nd_0023.npy,gen0108_A_nd_0023.npy
108,24,57.8161,900.657,gen0108_theta_nd_0024.npy,gen0108_A_nd_0024.npy
108,25,50.2503,886.87,gen0108_theta_nd_0025.npy,gen0108_A_nd_0025.npy
108,26,61.2426,906.116,gen0108_theta_nd_0026.npy,gen0108_A_nd_0026.npy
108,27,58.633,902.341,gen0108_theta_nd_0027.npy,gen0108_A_nd_0027.npy
108,28,62.5484,909.983,gen0108_theta_nd_0028.npy,gen0108_A_nd_0028.npy
108,29,60.6227,905.786,gen0108_theta_nd_0029.npy,gen0108_A_nd_0029.npy
108,30,59.7481,903.924,gen0108_theta_nd_0030.npy,gen0108_A_nd_0030.npy
108,31,55.5952,896.253,gen0108_theta_nd_0031.npy,gen0108_A_nd_0031.npy
108,32,58.9902,902.784,gen0108_theta_nd_0032.npy,gen0108_A_nd_0032.npy
108,33,62.436,908.287,gen0108_theta_nd_0033.npy,gen0108_A_nd_0033.npy
108,34,53.1999,891.345,gen0108_theta_nd_0034.npy,gen0108_A_nd_0034.npy
108,35,51.7755,889.596,gen0108_theta_nd_0035.npy,gen0108_A_nd_0035.npy
108,36,51.1422,888.618,gen0108_theta_nd_0036.npy,gen0108_A_nd_0036.npy
108,37,48.5037,882.791,gen0108_theta_nd_0037.npy,gen0108_A_nd_0037.npy
108,38,56.9032,899.301,gen0108_theta_nd_0038.npy,gen0108_A_nd_0038.npy
108,39,49.8763,886.233,gen0108_theta_nd_0039.npy,gen0108_A_nd_0039.npy
108,40,50.8,887.961,gen0108_theta_nd_0040.npy,gen0108_A_nd_0040.npy
108,41,49.2438,884.742,gen0108_theta_nd_0041.npy,gen0108_A_nd_0041.npy
108,42,56.6244,898.499,gen0108_theta_nd_0042.npy,gen0108_A_nd_0042.npy
108,43,46.9267,880.394,gen0108_theta_nd_0043.npy,gen0108_A_nd_0043.npy
108,44,58.0629,901.361,gen0108_theta_nd_0044.npy,gen0108_A_nd_0044.npy
108,45,49.6686,885.774,gen0108_theta_nd_0045.npy,gen0108_A_nd_0045.npy
108,46,50.5312,887.125,gen0108_theta_nd_0046.npy,gen0108_A_nd_0046.npy
108,47,45.9742,879.215,gen0108_theta_nd_0047.npy,gen0108_A_nd_0047.npy
108,48,51.9948,890.179,gen0108_theta_nd_0048.npy,gen0108_A_nd_0048.npy
108,49,54.0674,893.39,gen0108_theta_nd_0049.npy,gen0108_A_nd_0049.npy
108,50,55.3757,896.005,gen0108_theta_nd_0050.npy,gen0108_A_nd_0050.npy
108,51,58.6278,901.76,gen0108_theta_nd_0051.npy,gen0108_A_nd_0051.npy
108,52,53.3769,892.294,gen0108_theta_nd_0052.npy,gen0108_A_nd_0052.npy
108,53,47.6973,881.011,gen0108_theta_nd_0053.npy,gen0108_A_nd_0053.npy
108,54,53.647,892.763,gen0108_theta_nd_0054.npy,gen0108_A_nd_0054.npy
108,55,51.819,889.848,gen0108_theta_nd_0055.npy,gen0108_A_nd_0055.npy
108,56,55.9264,896.853,gen0108_theta_nd_0056.npy,gen0108_A_nd_0056.npy
108,57,56.8427,898.969,gen0108_theta_nd_0057.npy,gen0108_A_nd_0057.npy
108,58,48.304,881.957,gen0108_theta_nd_0058.npy,gen0108_A_nd_0058.npy
108,59,58.2049,901.614,gen0108_theta_nd_0059.npy,gen0108_A_nd_0059.npy
108,60,47.1097,880.485,gen0108_theta_nd_0060.npy,gen0108_A_nd_0060.npy
109,0,49.9879,885.845,gen0109_theta_nd_0000.npy,gen0109_A_nd_0000.npy
109,1,47.9919,881.676,gen0109_theta_nd_0001.npy,gen0109_A_nd_0001.npy
109,2,59.5594,903.815,gen0109_theta_nd_0002.npy,gen0109_A_nd_0002.npy
109,3,53.4621,892.58,gen0109_theta_nd_0003.npy,gen0109_A_nd_0003.npy
109,4,55.3369,895.684,gen0109_theta_nd_0004.npy,gen0109_A_nd_0004.npy
109,5,49.4799,885.177,gen0109_theta_nd_0005.npy,gen0109_A_nd_0005.npy
109,6,62.436,908.287,gen0109_theta_nd_0006.npy,gen0109_A_nd_0006.npy
109,7,54.0674,893.39,gen0109_theta_nd_0007.npy,gen0109_A_nd_0007.npy
109,8,56.8427,898.969,gen0109_theta_nd_0008.npy,gen0109_A_nd_0008.npy
109,9,60.0755,904.905,gen0109_theta_nd_0009.npy,gen0109_A_nd_0009.npy
109,10,63.2807,911.198,gen0109_theta_nd_0010.npy,gen0109_A_nd_0010.npy
109,11,60.4599,905.499,gen0109_theta_nd_0011.npy,gen0109_A_nd_0011.npy
109,12,52.2961,890.431,gen0109_theta_nd_0012.npy,gen0109_A_nd_0012.npy
109,13,51.7349,889.391,gen0109_theta_nd_0013.npy,gen0109_A_nd_0013.npy
109,14,50.6162,887.076,gen0109_theta_nd_0014.npy,gen0109_A_nd_0014.npy
109,15,47.3641,880.907,gen0109_theta_nd_0015.npy,gen0109_A_nd_0015.npy
109,16,57.8161,900.657,gen0109_theta_nd_0016.npy,gen0109_A_nd_0016.npy
109,17,59.2558,902.939,gen0109_theta_nd_0017.npy,gen0109_A_nd_0017.npy
109,18,62.9561,910.922,gen0109_theta_nd_0018.npy,gen0109_A_nd_0018.npy
109,19,58.3604,901.715,gen0109_theta_nd_0019.npy,gen0109_A_nd_0019.npy
109,20,56.1492,898.361,gen0109_theta_nd_0020.npy,gen0109_A_nd_0020.npy
109,21,54.4632,894.123,gen0109_theta_nd_0021.npy,gen0109_A_nd_0021.npy
109,22,53.3481,891.897,gen0109_theta_nd_0022.npy,gen0109_A_nd_0022.npy
109,23,46.9267,880.394,gen0109_theta_nd_0023.npy,gen0109_A_nd_0023.npy
109,24,45.9742,879.215,gen0109_theta_nd_0024.npy,gen0109_A_nd_0024.npy
109,25,53.1999,891.345,gen0109_theta_nd_0025.npy,gen0109_A_nd_0025.npy
109,26,55.8572,896.794,gen0109_theta_nd_0026.npy,gen0109_A_nd_0026.npy
109,27,57.2661,899.518,gen0109_theta_nd_0027.npy,gen0109_A_nd_0027.npy
109,28,52.3886,891.073,gen0109_theta_nd_0028.npy,gen0109_A_nd_0028.npy
109,29,56.6244,898.499,gen0109_theta_nd_0029.npy,gen0109_A_nd_0029.npy
109,30,48.9519,884.043,gen0109_theta_nd_0030.npy,gen0109_A_nd_0030.npy
109,31,49.2438,884.742,gen0109_theta_nd_0031.npy,gen0109_A_nd_0031.npy
109,32,60.6227,905.786,gen0109_theta_nd_0032.npy,gen0109_A_nd_0032.npy
109,33,58.0629,901.361,gen0109_theta_nd_0033.npy,gen0109_A_nd_0033.npy
109,34,54.9779,895.167,gen0109_theta_nd_0034.npy,gen0109_A_nd_0034.npy
109,35,58.6278,901.76,gen0109_theta_nd_0035.npy,gen0109_A_nd_0035.npy
109,36,55.5952,896.253,gen0109_theta_nd_0036.npy,gen0109_A_nd_0036.npy
109,37,51.469,888.925,gen0109_theta_nd_0037.npy,gen0109_A_nd_0037.npy
109,38,50.2503,886.87,gen0109_theta_nd_0038.npy,gen0109_A_nd_0038.npy
109,39,54.6542,894.274,gen0109_theta_nd_0039.npy,gen0109_A_nd_0039.npy
109,40,48.5037,882.791,gen0109_theta_nd_0040.npy,gen0109_A_nd_0040.npy
109,41,61.4115,907.821,gen0109_theta_nd_0041.npy,gen0109_A_nd_0041.npy
109,42,51.1422,888.618,gen0109_theta_nd_0042.npy,gen0109_A_nd_0042.npy
109,43,62.5484,909.983,gen0109_theta_nd_0043.npy,gen0109_A_nd_0043.npy
109,44,53.8836,892.951,gen0109_theta_nd_0044.npy,gen0109_A_nd_0044.npy
109,45,51.819,889.848,gen0109_theta_nd_0045.npy,gen0109_A_nd_0045.npy
109,46,49.6686,885.774,gen0109_theta_nd_0046.npy,gen0109_A_nd_0046.npy
109,47,48.5784,883.389,gen0109_theta_nd_0047.npy,gen0109_A_nd_0047.npy
109,48,50.878,887.865,gen0109_theta_nd_0048.npy,gen0109_A_nd_0048.npy
109,49,63.5427,911.704,gen0109_theta_nd_0049.npy,gen0109_A_nd_0049.npy
109,50,61.2426,906.116,gen0109_theta_nd_0050.npy,gen0109_A_nd_0050.npy
109,51,57.4045,900.054,gen0109_theta_nd_0051.npy,gen0109_A_nd_0051.npy
109,52,55.9945,897.011,gen0109_theta_nd_0052.npy,gen0109_A_nd_0052.npy
109,53,59.7481,903.924,gen0109_theta_nd_0053.npy,gen0109_A_nd_0053.npy
109,54,57.8411,900.769,gen0109_theta_nd_0054.npy,gen0109_A_nd_0054.npy
109,55,51.7755,889.596,gen0109_theta_nd_0055.npy,gen0109_A_nd_0055.npy
109,56,50.0397,886.503,gen0109_theta_nd_0056.npy,gen0109_A_nd_0056.npy
109,57,48.8495,883.845,gen0109_theta_nd_0057.npy,gen0109_A_nd_0057.npy
109,58,55.1542,895.228,gen0109_theta_nd_0058.npy,gen0109_A_nd_0058.npy
109,59,55.9264,896.853,gen0109_theta_nd_0059.npy,gen0109_A_nd_0059.npy
109,60,62.7922,910.581,gen0109_theta_nd_0060.npy,gen0109_A_nd_0060.npy
110,0,47.3641,880.907,gen0110_theta_nd_0000.npy,gen0110_A_nd_0000.npy
110,1,49.6686,885.774,gen0110_theta_nd_0001.npy,gen0110_A_nd_0001.npy
110,2,50.6162,887.076,gen0110_theta_nd_0002.npy,gen0110_A_nd_0002.npy
110,3,58.3604,901.715,gen0110_theta_nd_0003.npy,gen0110_A_nd_0003.npy
110,4,48.9587,883.988,gen0110_theta_nd_0004.npy,gen0110_A_nd_0004.npy
110,5,53.1999,891.345,gen0110_theta_nd_0005.npy,gen0110_A_nd_0005.npy
110,6,50.988,888.453,gen0110_theta_nd_0006.npy,gen0110_A_nd_0006.npy
110,7,59.5594,903.815,gen0110_theta_nd_0007.npy,gen0110_A_nd_0007.npy
110,8,57.8161,900.657,gen0110_theta_nd_0008.npy,gen0110_A_nd_0008.npy
110,9,57.5291,899.661,gen0110_theta_nd_0009.npy,gen0110_A_nd_0009.npy
110,10,49.2438,884.742,gen0110_theta_nd_0010.npy,gen0110_A_nd_0010.npy
110,11,54.4632,894.123,gen0110_theta_nd_0011.npy,gen0110_A_nd_0011.npy
110,12,60.0755,904.905,gen0110_theta_nd_0012.npy,gen0110_A_nd_0012.npy
110,13,62.436,908.287,gen0110_theta_nd_0013.npy,gen0110_A_nd_0013.npy
110,14,60.6227,905.786,gen0110_theta_nd_0014.npy,gen0110_A_nd_0014.npy
110,15,56.1402,897.22,gen0110_theta_nd_0015.npy,gen0110_A_nd_0015.npy
110,16,50.2503,886.87,gen0110_theta_nd_0016.npy,gen0110_A_nd_0016.npy
110,17,56.6244,898.499,gen0110_theta_nd_0017.npy,gen0110_A_nd_0017.npy
110,18,61.4115,907.821,gen0110_theta_nd_0018.npy,gen0110_A_nd_0018.npy
110,19,54.6542,894.274,gen0110_theta_nd_0019.npy,gen0110_A_nd_0019.npy
110,20,48.5784,883.389,gen0110_theta_nd_0020.npy,gen0110_A_nd_0020.npy
110,21,51.819,889.848,gen0110_theta_nd_0021.npy,gen0110_A_nd_0021.npy
110,22,53.5834,892.196,gen0110_theta_nd_0022.npy,gen0110_A_nd_0022.npy
110,23,55.9612,896.506,gen0110_theta_nd_0023.npy,gen0110_A_nd_0023.npy
110,24,56.8427,898.969,gen0110_theta_nd_0024.npy,gen0110_A_nd_0024.npy
110,25,48.5037,882.791,gen0110_theta_nd_0025.npy,gen0110_A_nd_0025.npy
110,26,63.5427,911.704,gen0110_theta_nd_0026.npy,gen0110_A_nd_0026.npy
110,27,52.2961,890.431,gen0110_theta_nd_0027.npy,gen0110_A_nd_0027.npy
110,28,51.7349,889.391,gen0110_theta_nd_0028.npy,gen0110_A_nd_0028.npy
110,29,51.2831,888.884,gen0110_theta_nd_0029.npy,gen0110_A_nd_0029.npy
110,30,49.9879,885.845,gen0110_theta_nd_0030.npy,gen0110_A_nd_0030.npy
110,31,55.5952,896.253,gen0110_theta_nd_0031.npy,gen0110_A_nd_0031.npy
110,32,63.0052,910.623,gen0110_theta_nd_0032.npy,gen0110_A_nd_0032.npy
110,33,46.9267,880.394,gen0110_theta_nd_0033.npy,gen0110_A_nd_0033.npy
110,34,47.9919,881.676,gen0110_theta_nd_0034.npy,gen0110_A_nd_0034.npy
110,35,54.1521,892.729,gen0110_theta_nd_0035.npy,gen0110_A_nd_0035.npy
110,36,59.7481,903.924,gen0110_theta_nd_0036.npy,gen0110_A_nd_0036.npy
110,37,57.2661,899.518,gen0110_theta_nd_0037.npy,gen0110_A_nd_0037.npy
110,38,49.4799,885.177,gen0110_theta_nd_0038.npy,gen0110_A_nd_0038.npy
110,39,54.9752,895.002,gen0110_theta_nd_0039.npy,gen0110_A_nd_0039.npy
110,40,53.3481,891.897,gen0110_theta_nd_0040.npy,gen0110_A_nd_0040.npy
110,41,50.9376,887.717,gen0110_theta_nd_0041.npy,gen0110_A_nd_0041.npy
110,42,59.2558,902.939,gen0110_theta_nd_0042.npy,gen0110_A_nd_0042.npy
110,43,61.2426,906.116,gen0110_theta_nd_0043.npy,gen0110_A_nd_0043.npy
110,44,45.9742,879.215,gen0110_theta_nd_0044.npy,gen0110_A_nd_0044.npy
110,45,52.3886,891.073,gen0110_theta_nd_0045.npy,gen0110_A_nd_0045.npy
110,46,60.475,905.062,gen0110_theta_nd_0046.npy,gen0110_A_nd_0046.npy
110,47,62.5484,909.983,gen0110_theta_nd_0047.npy,gen0110_A_nd_0047.npy
110,48,55.3369,895.684,gen0110_theta_nd_0048.npy,gen0110_A_nd_0048.npy
110,49,63.2807,911.198,gen0110_theta_nd_0049.npy,gen0110_A_nd_0049.npy
110,50,58.1323,900.758,gen0110_theta_nd_0050.npy,gen0110_A_nd_0050.npy
110,51,58.6278,901.76,gen0110_theta_nd_0051.npy,gen0110_A_nd_0051.npy
110,52,50.8159,887.412,gen0110_theta_nd_0052.npy,gen0110_A_nd_0052.npy
110,53,48.1813,882.712,gen0110_theta_nd_0053.npy,gen0110_A_nd_0053.npy
110,54,59.4014,903.569,gen0110_theta_nd_0054.npy,gen0110_A_nd_0054.npy
110,55,55.9945,897.011,gen0110_theta_nd_0055.npy,gen0110_A_nd_0055.npy
110,56,53.8427,892.475,gen0110_theta_nd_0056.npy,gen0110_A_nd_0056.npy
110,57,56.6102,898.203,gen0110_theta_nd_0057.npy,gen0110_A_nd_0057.npy
110,58,51.7917,889.684,gen0110_theta_nd_0058.npy,gen0110_A_nd_0058.npy
110,59,48.8495,883.845,gen0110_theta_nd_0059.npy,gen0110_A_nd_0059.npy
110,60,56.9642,899.391,gen0110_theta_nd_0060.npy,gen0110_A_nd_0060.npy
111,0,57.2661,899.518,gen0111_theta_nd_0000.npy,gen0111_A_nd_0000.npy
111,1,61.8792,907.04,gen0111_theta_nd_0001.npy,gen0111_A_nd_0001.npy
111,2,55.9612,896.506,gen0111_theta_nd_0002.npy,gen0111_A_nd_0002.npy
111,3,56.1539,897.194,gen0111_theta_nd_0003.npy,gen0111_A_nd_0003.npy
111,4,52.2961,890.431,gen0111_theta_nd_0004.npy,gen0111_A_nd_0004.npy
111,5,51.2831,888.884,gen0111_theta_nd_0005.npy,gen0111_A_nd_0005.npy
111,6,57.5291,899.661,gen0111_theta_nd_0006.npy,gen0111_A_nd_0006.npy
111,7,45.9742,879.215,gen0111_theta_nd_0007.npy,gen0111_A_nd_0007.npy
111,8,60.475,905.062,gen0111_theta_nd_0008.npy,gen0111_A_nd_0008.npy
111,9,51.2338,888.221,gen0111_theta_nd_0009.npy,gen0111_A_nd_0009.npy
111,10,55.3369,895.684,gen0111_theta_nd_0010.npy,gen0111_A_nd_0010.npy
111,11,61.2426,906.116,gen0111_theta_nd_0011.npy,gen0111_A_nd_0011.npy
111,12,50.2503,886.87,gen0111_theta_nd_0012.npy,gen0111_A_nd_0012.npy
111,13,59.8454,904.404,gen0111_theta_nd_0013.npy,gen0111_A_nd_0013.npy
111,14,57.8239,900.538,gen0111_theta_nd_0014.npy,gen0111_A_nd_0014.npy
111,15,62.436,908.287,gen0111_theta_nd_0015.npy,gen0111_A_nd_0015.npy
111,16,49.7456,884.977,gen0111_theta_nd_0016.npy,gen0111_A_nd_0016.npy
111,17,47.3641,880.907,gen0111_theta_nd_0017.npy,gen0111_A_nd_0017.npy
111,18,60.0755,904.905,gen0111_theta_nd_0018.npy,gen0111_A_nd_0018.npy
111,19,54.8046,894.561,gen0111_theta_nd_0019.npy,gen0111_A_nd_0019.npy
111,20,51.9729,889.573,gen0111_theta_nd_0020.npy,gen0111_A_nd_0020.npy
111,21,58.6287,901.892,gen0111_theta_nd_0021.npy,gen0111_A_nd_0021.npy
111,22,54.1521,892.729,gen0111_theta_nd_0022.npy,gen0111_A_nd_0022.npy
111,23,52.3886,891.073,gen0111_theta_nd_0023.npy,gen0111_A_nd_0023.npy
111,24,54.4632,894.123,gen0111_theta_nd_0024.npy,gen0111_A_nd_0024.npy
111,25,50.6162,887.076,gen0111_theta_nd_0025.npy,gen0111_A_nd_0025.npy
111,26,47.9919,881.676,gen0111_theta_nd_0026.npy,gen0111_A_nd_0026.npy
111,27,58.1323,900.758,gen0111_theta_nd_0027.npy,gen0111_A_nd_0027.npy
111,28,56.4072,898.001,gen0111_theta_nd_0028.npy,gen0111_A_nd_0028.npy
111,29,53.1999,891.345,gen0111_theta_nd_0029.npy,gen0111_A_nd_0029.npy
111,30,53.5834,892.196,gen0111_theta_nd_0030.npy,gen0111_A_nd_0030.npy
111,31,56.6244,898.499,gen0111_theta_nd_0031.npy,gen0111_A_nd_0031.npy
111,32,48.5037,882.791,gen0111_theta_nd_0032.npy,gen0111_A_nd_0032.npy
111,33,53.4363,891.889,gen0111_theta_nd_0033.npy,gen0111_A_nd_0033.npy
111,34,60.6227,905.786,gen0111_theta_nd_0034.npy,gen0111_A_nd_0034.npy
111,35,58.3604,901.715,gen0111_theta_nd_0035.npy,gen0111_A_nd_0035.npy
111,36,62.6193,909.951,gen0111_theta_nd_0036.npy,gen0111_A_nd_0036.npy
111,37,49.2438,884.742,gen0111_theta_nd_0037.npy,gen0111_A_nd_0037.npy
111,38,48.9587,883.988,gen0111_theta_nd_0038.npy,gen0111_A_nd_0038.npy
111,39,50.9376,887.717,gen0111_theta_nd_0039.npy,gen0111_A_nd_0039.npy
111,40,54.9752,895.002,gen0111_theta_nd_0040.npy,gen0111_A_nd_0040.npy
111,41,48.5784,883.389,gen0111_theta_nd_0041.npy,gen0111_A_nd_0041.npy
111,42,49.9879,885.845,gen0111_theta_nd_0042.npy,gen0111_A_nd_0042.npy
111,43,63.0052,910.623,gen0111_theta_nd_0043.npy,gen0111_A_nd_0043.npy
111,44,56.8646,899.258,gen0111_theta_nd_0044.npy,gen0111_A_nd_0044.npy
111,45,59.2558,902.939,gen0111_theta_nd_0045.npy,gen0111_A_nd_0045.npy
111,46,51.8684,889.328,gen0111_theta_nd_0046.npy,gen0111_A_nd_0046.npy
111,47,63.5427,911.704,gen0111_theta_nd_0047.npy,gen0111_A_nd_0047.npy
111,48,59.4727,903.597,gen0111_theta_nd_0048.npy,gen0111_A_nd_0048.npy
111,49,55.4975,896.2,gen0111_theta_nd_0049.npy,gen0111_A_nd_0049.npy
111,50,46.9267,880.394,gen0111_theta_nd_0050.npy,gen0111_A_nd_0050.npy
111,51,57.8593,900.547,gen0111_theta_nd_0051.npy,gen0111_A_nd_0051.npy
111,52,51.5341,889.298,gen0111_theta_nd_0052.npy,gen0111_A_nd_0052.npy
111,53,50.1301,886.564,gen0111_theta_nd_0053.npy,gen0111_A_nd_0053.npy
111,54,56.9642,899.391,gen0111_theta_nd_0054.npy,gen0111_A_nd_0054.npy
111,55,55.9945,897.011,gen0111_theta_nd_0055.npy,gen0111_A_nd_0055.npy
111,56,50.8159,887.412,gen0111_theta_nd_0056.npy,gen0111_A_nd_0056.npy
111,57,59.7481,903.924,gen0111_theta_nd_0057.npy,gen0111_A_nd_0057.npy
111,58,55.8245,896.27,gen0111_theta_nd_0058.npy,gen0111_A_nd_0058.npy
111,59,60.0484,904.528,gen0111_theta_nd_0059.npy,gen0111_A_nd_0059.npy
111,60,63.4139,910.651,gen0111_theta_nd_0060.npy,gen0111_A_nd_0060.npy
112,0,55.4975,896.2,gen0112_theta_nd_0000.npy,gen0112_A_nd_0000.npy
112,1,59.2558,902.939,gen0112_theta_nd_0001.npy,gen0112_A_nd_0001.npy
112,2,58.3604,901.715,gen0112_theta_nd_0002.npy,gen0112_A_nd_0002.npy
112,3,49.9879,885.845,gen0112_theta_nd_0003.npy,gen0112_A_nd_0003.npy
112,4,63.0052,910.623,gen0112_theta_nd_0004.npy,gen0112_A_nd_0004.npy
112,5,48.9587,883.988,gen0112_theta_nd_0005.npy,gen0112_A_nd_0005.npy
112,6,56.1539,897.194,gen0112_theta_nd_0006.npy,gen0112_A_nd_0006.npy
112,7,59.4727,903.597,gen0112_theta_nd_0007.npy,gen0112_A_nd_0007.npy
112,8,58.7103,901.895,gen0112_theta_nd_0008.npy,gen0112_A_nd_0008.npy
112,9,59.8454,904.404,gen0112_theta_nd_0009.npy,gen0112_A_nd_0009.npy
112,10,63.5427,911.704,gen0112_theta_nd_0010.npy,gen0112_A_nd_0010.npy
112,11,57.5291,899.661,gen0112_theta_nd_0011.npy,gen0112_A_nd_0011.npy
112,12,57.8239,900.538,gen0112_theta_nd_0012.npy,gen0112_A_nd_0012.npy
112,13,60.354,904.969,gen0112_theta_nd_0013.npy,gen0112_A_nd_0013.npy
112,14,46.9267,880.394,gen0112_theta_nd_0014.npy,gen0112_A_nd_0014.npy
112,15,50.2609,886.432,gen0112_theta_nd_0015.npy,gen0112_A_nd_0015.npy
112,16,51.2338,888.221,gen0112_theta_nd_0016.npy,gen0112_A_nd_0016.npy
112,17,47.3641,880.907,gen0112_theta_nd_0017.npy,gen0112_A_nd_0017.npy
112,18,45.9742,879.215,gen0112_theta_nd_0018.npy,gen0112_A_nd_0018.npy
112,19,50.9376,887.717,gen0112_theta_nd_0019.npy,gen0112_A_nd_0019.npy
112,20,61.8792,907.04,gen0112_theta_nd_0020.npy,gen0112_A_nd_0020.npy
112,21,62.436,908.287,gen0112_theta_nd_0021.npy,gen0112_A_nd_0021.npy
112,22,56.8368,898.907,gen0112_theta_nd_0022.npy,gen0112_A_nd_0022.npy
112,23,60.6227,905.786,gen0112_theta_nd_0023.npy,gen0112_A_nd_0023.npy
112,24,54.2489,893.457,gen0112_theta_nd_0024.npy,gen0112_A_nd_0024.npy
112,25,56.4072,898.001,gen0112_theta_nd_0025.npy,gen0112_A_nd_0025.npy
112,26,53.5834,892.196,gen0112_theta_nd_0026.npy,gen0112_A_nd_0026.npy
112,27,50.6162,887.076,gen0112_theta_nd_0027.npy,gen0112_A_nd_0027.npy
112,28,52.2961,890.431,gen0112_theta_nd_0028.npy,gen0112_A_nd_0028.npy
112,29,51.8684,889.328,gen0112_theta_nd_0029.npy,gen0112_A_nd_0029.npy
112,30,54.9784,894.983,gen0112_theta_nd_0030.npy,gen0112_A_nd_0030.npy
112,31,48.0144,881.935,gen0112_theta_nd_0031.npy,gen0112_A_nd_0031.npy
112,32,53.4743,891.604,gen0112_theta_nd_0032.npy,gen0112_A_nd_0032.npy
112,33,51.2831,888.884,gen0112_theta_nd_0033.npy,gen0112_A_nd_0033.npy
112,34,62.6193,909.951,gen0112_theta_nd_0034.npy,gen0112_A_nd_0034.npy
112,35,48.5037,882.791,gen0112_theta_nd_0035.npy,gen0112_A_nd_0035.npy
112,36,61.5303,906.542,gen0112_theta_nd_0036.npy,gen0112_A_nd_0036.npy
112,37,58.8273,902.854,gen0112_theta_nd_0037.npy,gen0112_A_nd_0037.npy
112,38,61.2426,906.116,gen0112_theta_nd_0038.npy,gen0112_A_nd_0038.npy
112,39,57.3488,899.26,gen0112_theta_nd_0039.npy,gen0112_A_nd_0039.npy
112,40,56.6244,898.499,gen0112_theta_nd_0040.npy,gen0112_A_nd_0040.npy
112,41,55.3369,895.684,gen0112_theta_nd_0041.npy,gen0112_A_nd_0041.npy
112,42,51.9729,889.573,gen0112_theta_nd_0042.npy,gen0112_A_nd_0042.npy
112,43,58.1323,900.758,gen0112_theta_nd_0043.npy,gen0112_A_nd_0043.npy
112,44,54.1521,892.729,gen0112_theta_nd_0044.npy,gen0112_A_nd_0044.npy
112,45,48.9285,883.581,gen0112_theta_nd_0045.npy,gen0112_A_nd_0045.npy
112,46,55.9612,896.506,gen0112_theta_nd_0046.npy,gen0112_A_nd_0046.npy
112,47,49.7456,884.977,gen0112_theta_nd_0047.npy,gen0112_A_nd_0047.npy
112,48,60.0755,904.905,gen0112_theta_nd_0048.npy,gen0112_A_nd_0048.npy
112,49,53.1999,891.345,gen0112_theta_nd_0049.npy,gen0112_A_nd_0049.npy
112,50,49.2438,884.742,gen0112_theta_nd_0050.npy,gen0112_A_nd_0050.npy
112,51,54.9105,894.442,gen0112_theta_nd_0051.npy,gen0112_A_nd_0051.npy
112,52,54.526,893.95,gen0112_theta_nd_0052.npy,gen0112_A_nd_0052.npy
112,53,58.773,902.827,gen0112_theta_nd_0053.npy,gen0112_A_nd_0053.npy
112,54,52.4182,890.572,gen0112_theta_nd_0054.npy,gen0112_A_nd_0054.npy
112,55,57.0137,898.975,gen0112_theta_nd_0055.npy,gen0112_A_nd_0055.npy
112,56,49.0833,884.302,gen0112_theta_nd_0056.npy,gen0112_A_nd_0056.npy
112,57,51.1984,888.075,gen0112_theta_nd_0057.npy,gen0112_A_nd_0057.npy
112,58,60.475,905.062,gen0112_theta_nd_0058.npy,gen0112_A_nd_0058.npy
112,59,58.6287,901.892,gen0112_theta_nd_0059.npy,gen0112_A_nd_0059.npy
112,60,57.8593,900.547,gen0112_theta_nd_0060.npy,gen0112_A_nd_0060.npy
113,0,59.4727,903.597,gen0113_theta_nd_0000.npy,gen0113_A_nd_0000.npy
113,1,58.9878,902.366,gen0113_theta_nd_0001.npy,gen0113_A_nd_0001.npy
113,2,51.2338,888.221,gen0113_theta_nd_0002.npy,gen0113_A_nd_0002.npy
113,3,57.5291,899.661,gen0113_theta_nd_0003.npy,gen0113_A_nd_0003.npy
113,4,45.9742,879.215,gen0113_theta_nd_0004.npy,gen0113_A_nd_0004.npy
113,5,58.4582,901.631,gen0113_theta_nd_0005.npy,gen0113_A_nd_0005.npy
113,6,48.5037,882.791,gen0113_theta_nd_0006.npy,gen0113_A_nd_0006.npy
113,7,63.5427,911.704,gen0113_theta_nd_0007.npy,gen0113_A_nd_0007.npy
113,8,46.9267,880.394,gen0113_theta_nd_0008.npy,gen0113_A_nd_0008.npy
113,9,60.6227,905.786,gen0113_theta_nd_0009.npy,gen0113_A_nd_0009.npy
113,10,54.9105,894.442,gen0113_theta_nd_0010.npy,gen0113_A_nd_0010.npy
113,11,53.1999,891.345,gen0113_theta_nd_0011.npy,gen0113_A_nd_0011.npy
113,12,59.8927,904.364,gen0113_theta_nd_0012.npy,gen0113_A_nd_0012.npy
113,13,50.2609,886.432,gen0113_theta_nd_0013.npy,gen0113_A_nd_0013.npy
113,14,51.8684,889.328,gen0113_theta_nd_0014.npy,gen0113_A_nd_0014.npy
113,15,56.1539,897.194,gen0113_theta_nd_0015.npy,gen0113_A_nd_0015.npy
113,16,54.9784,894.983,gen0113_theta_nd_0016.npy,gen0113_A_nd_0016.npy
113,17,62.6193,909.951,gen0113_theta_nd_0017.npy,gen0113_A_nd_0017.npy
113,18,53.4743,891.604,gen0113_theta_nd_0018.npy,gen0113_A_nd_0018.npy
113,19,62.436,908.287,gen0113_theta_nd_0019.npy,gen0113_A_nd_0019.npy
113,20,49.7456,884.977,gen0113_theta_nd_0020.npy,gen0113_A_nd_0020.npy
113,21,51.9729,889.573,gen0113_theta_nd_0021.npy,gen0113_A_nd_0021.npy
113,22,54.526,893.95,gen0113_theta_nd_0022.npy,gen0113_A_nd_0022.npy
113,23,52.2961,890.431,gen0113_theta_nd_0023.npy,gen0113_A_nd_0023.npy
113,24,55.9612,896.506,gen0113_theta_nd_0024.npy,gen0113_A_nd_0024.npy
113,25,48.9285,883.581,gen0113_theta_nd_0025.npy,gen0113_A_nd_0025.npy
113,26,60.0953,904.596,gen0113_theta_nd_0026.npy,gen0113_A_nd_0026.npy
113,27,57.8239,900.538,gen0113_theta_nd_0027.npy,gen0113_A_nd_0027.npy
113,28,55.3369,895.684,gen0113_theta_nd_0028.npy,gen0113_A_nd_0028.npy
113,29,58.8333,901.69,gen0113_theta_nd_0029.npy,gen0113_A_nd_0029.npy
113,30,61.3081,906.234,gen0113_theta_nd_0030.npy,gen0113_A_nd_0030.npy
113,31,48.0144,881.935,gen0113_theta_nd_0031.npy,gen0113_A_nd_0031.npy
113,32,50.1664,885.998,gen0113_theta_nd_0032.npy,gen0113_A_nd_0032.npy
113,33,53.5834,892.196,gen0113_theta_nd_0033.npy,gen0113_A_nd_0033.npy
113,34,48.9587,883.988,gen0113_theta_nd_0034.npy,gen0113_A_nd_0034.npy
113,35,56.8368,898.907,gen0113_theta_nd_0035.npy,gen0113_A_nd_0035.npy
113,36,52.6201,890.997,gen0113_theta_nd_0036.npy,gen0113_A_nd_0036.npy
113,37,56.3856,897.718,gen0113_theta_nd_0037.npy,gen0113_A_nd_0037.npy
113,38,56.6244,898.499,gen0113_theta_nd_0038.npy,gen0113_A_nd_0038.npy
113,39,55.4975,896.2,gen0113_theta_nd_0039.npy,gen0113_A_nd_0039.npy
113,40,50.9376,887.717,gen0113_theta_nd_0040.npy,gen0113_A_nd_0040.npy
113,41,57.3488,899.26,gen0113_theta_nd_0041.npy,gen0113_A_nd_0041.npy
113,42,61.5303,906.542,gen0113_theta_nd_0042.npy,gen0113_A_nd_0042.npy
113,43,54.1521,892.729,gen0113_theta_nd_0043.npy,gen0113_A_nd_0043.npy
113,44,58.1323,900.758,gen0113_theta_nd_0044.npy,gen0113_A_nd_0044.npy
113,45,51.824,888.816,gen0113_theta_nd_0045.npy,gen0113_A_nd_0045.npy
113,46,48.1135,882.104,gen0113_theta_nd_0046.npy,gen0113_A_nd_0046.npy
113,47,59.2558,902.939,gen0113_theta_nd_0047.npy,gen0113_A_nd_0047.npy
113,48,63.0052,910.623,gen0113_theta_nd_0048.npy,gen0113_A_nd_0048.npy
113,49,60.354,904.969,gen0113_theta_nd_0049.npy,gen0113_A_nd_0049.npy
113,50,54.2489,893.457,gen0113_theta_nd_0050.npy,gen0113_A_nd_0050.npy
113,51,61.8792,907.04,gen0113_theta_nd_0051.npy,gen0113_A_nd_0051.npy
113,52,50.6162,887.076,gen0113_theta_nd_0052.npy,gen0113_A_nd_0052.npy
113,53,47.5233,880.654,gen0113_theta_nd_0053.npy,gen0113_A_nd_0053.npy
113,54,49.8521,885.342,gen0113_theta_nd_0054.npy,gen0113_A_nd_0054.npy
113,55,59.3157,903.057,gen0113_theta_nd_0055.npy,gen0113_A_nd_0055.npy
113,56,58.9266,902.272,gen0113_theta_nd_0056.npy,gen0113_A_nd_0056.npy
113,57,55.0598,895.322,gen0113_theta_nd_0057.npy,gen0113_A_nd_0057.npy
113,58,49.3851,884.142,gen0113_theta_nd_0058.npy,gen0113_A_nd_0058.npy
113,59,57.3752,899.548,gen0113_theta_nd_0059.npy,gen0113_A_nd_0059.npy
113,60,58.2059,901.011,gen0113_theta_nd_0060.npy,gen0113_A_nd_0060.npy
114,0,61.3081,906.234,gen0114_theta_nd_0000.npy,gen0114_A_nd_0000.npy
114,1,62.0324,907.45,gen0114_theta_nd_0001.npy,gen0114_A_nd_0001.npy
114,2,58.1323,900.758,gen0114_theta_nd_0002.npy,gen0114_A_nd_0002.npy
114,3,50.5049,886.496,gen0114_theta_nd_0003.npy,gen0114_A_nd_0003.npy
114,4,50.1664,885.998,gen0114_theta_nd_0004.npy,gen0114_A_nd_0004.npy
114,5,51.8684,889.328,gen0114_theta_nd_0005.npy,gen0114_A_nd_0005.npy
114,6,59.4727,903.597,gen0114_theta_nd_0006.npy,gen0114_A_nd_0006.npy
114,7,54.526,893.95,gen0114_theta_nd_0007.npy,gen0114_A_nd_0007.npy
114,8,48.1646,882.396,gen0114_theta_nd_0008.npy,gen0114_A_nd_0008.npy
114,9,51.824,888.816,gen0114_theta_nd_0009.npy,gen0114_A_nd_0009.npy
114,10,49.7456,884.977,gen0114_theta_nd_0010.npy,gen0114_A_nd_0010.npy
114,11,51.3272,888.183,gen0114_theta_nd_0011.npy,gen0114_A_nd_0011.npy
114,12,63.0052,910.623,gen0114_theta_nd_0012.npy,gen0114_A_nd_0012.npy
114,13,47.5233,880.654,gen0114_theta_nd_0013.npy,gen0114_A_nd_0013.npy
114,14,54.3969,893.349,gen0114_theta_nd_0014.npy,gen0114_A_nd_0014.npy
114,15,55.3369,895.684,gen0114_theta_nd_0015.npy,gen0114_A_nd_0015.npy
114,16,50.6162,887.076,gen0114_theta_nd_0016.npy,gen0114_A_nd_0016.npy
114,17,56.6399,898.255,gen0114_theta_nd_0017.npy,gen0114_A_nd_0017.npy
114,18,53.1999,891.345,gen0114_theta_nd_0018.npy,gen0114_A_nd_0018.npy
114,19,56.1539,897.194,gen0114_theta_nd_0019.npy,gen0114_A_nd_0019.npy
114,20,59.2558,902.939,gen0114_theta_nd_0020.npy,gen0114_A_nd_0020.npy
114,21,60.0953,904.596,gen0114_theta_nd_0021.npy,gen0114_A_nd_0021.npy
114,22,48.0144,881.935,gen0114_theta_nd_0022.npy,gen0114_A_nd_0022.npy
114,23,52.6201,890.997,gen0114_theta_nd_0023.npy,gen0114_A_nd_0023.npy
114,24,58.8333,901.69,gen0114_theta_nd_0024.npy,gen0114_A_nd_0024.npy
114,25,63.5427,911.704,gen0114_theta_nd_0025.npy,gen0114_A_nd_0025.npy
114,26,52.2961,890.431,gen0114_theta_nd_0026.npy,gen0114_A_nd_0026.npy
114,27,51.9729,889.573,gen0114_theta_nd_0027.npy,gen0114_A_nd_0027.npy
114,28,55.4975,896.2,gen0114_theta_nd_0028.npy,gen0114_A_nd_0028.npy
114,29,56.3856,897.718,gen0114_theta_nd_0029.npy,gen0114_A_nd_0029.npy
114,30,60.6227,905.786,gen0114_theta_nd_0030.npy,gen0114_A_nd_0030.npy
114,31,56.8368,898.907,gen0114_theta_nd_0031.npy,gen0114_A_nd_0031.npy
114,32,46.9267,880.394,gen0114_theta_nd_0032.npy,gen0114_A_nd_0032.npy
114,33,57.8998,900.002,gen0114_theta_nd_0033.npy,gen0114_A_nd_0033.npy
114,34,48.9587,883.988,gen0114_theta_nd_0034.npy,gen0114_A_nd_0034.npy
114,35,48.5037,882.791,gen0114_theta_nd_0035.npy,gen0114_A_nd_0035.npy
114,36,53.4743,891.604,gen0114_theta_nd_0036.npy,gen0114_A_nd_0036.npy
114,37,54.1521,892.729,gen0114_theta_nd_0037.npy,gen0114_A_nd_0037.npy
114,38,45.9742,879.215,gen0114_theta_nd_0038.npy,gen0114_A_nd_0038.npy
114,39,57.3488,899.26,gen0114_theta_nd_0039.npy,gen0114_A_nd_0039.npy
114,40,54.9784,894.983,gen0114_theta_nd_0040.npy,gen0114_A_nd_0040.npy
114,41,57.5291,899.661,gen0114_theta_nd_0041.npy,gen0114_A_nd_0041.npy
114,42,55.9612,896.506,gen0114_theta_nd_0042.npy,gen0114_A_nd_0042.npy
114,43,60.354,904.969,gen0114_theta_nd_0043.npy,gen0114_A_nd_0043.npy
114,44,53.6493,892.261,gen0114_theta_nd_0044.npy,gen0114_A_nd_0044.npy
114,45,49.9606,885.665,gen0114_theta_nd_0045.npy,gen0114_A_nd_0045.npy
114,46,58.9878,902.366,gen0114_theta_nd_0046.npy,gen0114_A_nd_0046.npy
114,47,62.6193,909.951,gen0114_theta_nd_0047.npy,gen0114_A_nd_0047.npy
114,48,62.436,908.287,gen0114_theta_nd_0048.npy,gen0114_A_nd_0048.npy
114,49,48.9285,883.581,gen0114_theta_nd_0049.npy,gen0114_A_nd_0049.npy
114,50,54.9105,894.442,gen0114_theta_nd_0050.npy,gen0114_A_nd_0050.npy
114,51,61.8792,907.04,gen0114_theta_nd_0051.npy,gen0114_A_nd_0051.npy
114,52,50.9376,887.717,gen0114_theta_nd_0052.npy,gen0114_A_nd_0052.npy
114,53,58.2059,901.011,gen0114_theta_nd_0053.npy,gen0114_A_nd_0053.npy
114,54,55.6568,896.34,gen0114_theta_nd_0054.npy,gen0114_A_nd_0054.npy
114,55,59.3157,903.057,gen0114_theta_nd_0055.npy,gen0114_A_nd_0055.npy
114,56,49.8521,885.342,gen0114_theta_nd_0056.npy,gen0114_A_nd_0056.npy
114,57,50.4399,886.334,gen0114_theta_nd_0057.npy,gen0114_A_nd_0057.npy
114,58,58.9266,902.272,gen0114_theta_nd_0058.npy,gen0114_A_nd_0058.npy
114,59,58.6593,901.411,gen0114_theta_nd_0059.npy,gen0114_A_nd_0059.npy
114,60,55.0598,895.322,gen0114_theta_nd_0060.npy,gen0114_A_nd_0060.npy
115,0,57.8998,900.002,gen0115_theta_nd_0000.npy,gen0115_A_nd_0000.npy
115,1,62.436,908.287,gen0115_theta_nd_0001.npy,gen0115_A_nd_0001.npy
115,2,51.5427,888.743,gen0115_theta_nd_0002.npy,gen0115_A_nd_0002.npy
115,3,52.6201,890.997,gen0115_theta_nd_0003.npy,gen0115_A_nd_0003.npy
115,4,49.7456,884.977,gen0115_theta_nd_0004.npy,gen0115_A_nd_0004.npy
115,5,56.8368,898.907,gen0115_theta_nd_0005.npy,gen0115_A_nd_0005.npy
115,6,49.3613,883.872,gen0115_theta_nd_0006.npy,gen0115_A_nd_0006.npy
115,7,55.9612,896.506,gen0115_theta_nd_0007.npy,gen0115_A_nd_0007.npy
115,8,48.286,882.286,gen0115_theta_nd_0008.npy,gen0115_A_nd_0008.npy
115,9,48.0144,881.935,gen0115_theta_nd_0009.npy,gen0115_A_nd_0009.npy
115,10,52.2961,890.431,gen0115_theta_nd_0010.npy,gen0115_A_nd_0010.npy
115,11,48.9285,883.581,gen0115_theta_nd_0011.npy,gen0115_A_nd_0011.npy
115,12,62.1205,907.771,gen0115_theta_nd_0012.npy,gen0115_A_nd_0012.npy
115,13,48.5037,882.791,gen0115_theta_nd_0013.npy,gen0115_A_nd_0013.npy
115,14,53.4743,891.604,gen0115_theta_nd_0014.npy,gen0115_A_nd_0014.npy
115,15,54.9784,894.983,gen0115_theta_nd_0015.npy,gen0115_A_nd_0015.npy
115,16,50.0237,885.515,gen0115_theta_nd_0016.npy,gen0115_A_nd_0016.npy
115,17,56.6399,898.255,gen0115_theta_nd_0017.npy,gen0115_A_nd_0017.npy
115,18,60.8826,905.946,gen0115_theta_nd_0018.npy,gen0115_A_nd_0018.npy
115,19,54.3969,893.349,gen0115_theta_nd_0019.npy,gen0115_A_nd_0019.npy
115,20,57.5291,899.661,gen0115_theta_nd_0020.npy,gen0115_A_nd_0020.npy
115,21,55.3918,895.504,gen0115_theta_nd_0021.npy,gen0115_A_nd_0021.npy
115,22,50.1664,885.998,gen0115_theta_nd_0022.npy,gen0115_A_nd_0022.npy
115,23,59.6656,903.506,gen0115_theta_nd_0023.npy,gen0115_A_nd_0023.npy
115,24,54.9105,894.442,gen0115_theta_nd_0024.npy,gen0115_A_nd_0024.npy
115,25,60.354,904.969,gen0115_theta_nd_0025.npy,gen0115_A_nd_0025.npy
115,26,58.1323,900.758,gen0115_theta_nd_0026.npy,gen0115_A_nd_0026.npy
115,27,46.9267,880.394,gen0115_theta_nd_0027.npy,gen0115_A_nd_0027.npy
115,28,56.1539,897.194,gen0115_theta_nd_0028.npy,gen0115_A_nd_0028.npy
115,29,55.4975,896.2,gen0115_theta_nd_0029.npy,gen0115_A_nd_0029.npy
115,30,49.3699,884.325,gen0115_theta_nd_0030.npy,gen0115_A_nd_0030.npy
115,31,50.6162,887.076,gen0115_theta_nd_0031.npy,gen0115_A_nd_0031.npy
115,32,58.8333,901.69,gen0115_theta_nd_0032.npy,gen0115_A_nd_0032.npy
115,33,54.1521,892.729,gen0115_theta_nd_0033.npy,gen0115_A_nd_0033.npy
115,34,59.3112,902.55,gen0115_theta_nd_0034.npy,gen0115_A_nd_0034.npy
115,35,45.9742,879.215,gen0115_theta_nd_0035.npy,gen0115_A_nd_0035.npy
115,36,51.8684,889.328,gen0115_theta_nd_0036.npy,gen0115_A_nd_0036.npy
115,37,50.9376,887.717,gen0115_theta_nd_0037.npy,gen0115_A_nd_0037.npy
115,38,60.0953,904.596,gen0115_theta_nd_0038.npy,gen0115_A_nd_0038.npy
115,39,47.5233,880.654,gen0115_theta_nd_0039.npy,gen0115_A_nd_0039.npy
115,40,54.526,893.95,gen0115_theta_nd_0040.npy,gen0115_A_nd_0040.npy
115,41,51.9729,889.573,gen0115_theta_nd_0041.npy,gen0115_A_nd_0041.npy
115,42,56.3856,897.718,gen0115_theta_nd_0042.npy,gen0115_A_nd_0042.npy
115,43,53.1999,891.345,gen0115_theta_nd_0043.npy,gen0115_A_nd_0043.npy
115,44,61.8792,907.04,gen0115_theta_nd_0044.npy,gen0115_A_nd_0044.npy
115,45,62.6193,909.951,gen0115_theta_nd_0045.npy,gen0115_A_nd_0045.npy
115,46,58.9878,902.366,gen0115_theta_nd_0046.npy,gen0115_A_nd_0046.npy
115,47,53.6493,892.261,gen0115_theta_nd_0047.npy,gen0115_A_nd_0047.npy
115,48,60.7786,905.328,gen0115_theta_nd_0048.npy,gen0115_A_nd_0048.npy
115,49,59.7003,903.961,gen0115_theta_nd_0049.npy,gen0115_A_nd_0049.npy
115,50,50.5049,886.496,gen0115_theta_nd_0050.npy,gen0115_A_nd_0050.npy
115,51,61.3081,906.234,gen0115_theta_nd_0051.npy,gen0115_A_nd_0051.npy
115,52,51.3272,888.183,gen0115_theta_nd_0052.npy,gen0115_A_nd_0052.npy
115,53,63.0052,910.623,gen0115_theta_nd_0053.npy,gen0115_A_nd_0053.npy
115,54,57.2909,899.087,gen0115_theta_nd_0054.npy,gen0115_A_nd_0054.npy
115,55,63.5427,911.704,gen0115_theta_nd_0055.npy,gen0115_A_nd_0055.npy
115,56,58.2059,901.011,gen0115_theta_nd_0056.npy,gen0115_A_nd_0056.npy
115,57,52.6005,890.798,gen0115_theta_nd_0057.npy,gen0115_A_nd_0057.npy
115,58,60.0921,904.148,gen0115_theta_nd_0058.npy,gen0115_A_nd_0058.npy
115,59,59.3157,903.057,gen0115_theta_nd_0059.npy,gen0115_A_nd_0059.npy
115,60,58.6593,901.411,gen0115_theta_nd_0060.npy,gen0115_A_nd_0060.npy
116,0,63.7092,911.335,gen0116_theta_nd_0000.npy,gen0116_A_nd_0000.npy
116,1,55.0415,894.857,gen0116_theta_nd_0001.npy,gen0116_A_nd_0001.npy
116,2,56.9507,898.457,gen0116_theta_nd_0002.npy,gen0116_A_nd_0002.npy
116,3,49.3613,883.872,gen0116_theta_nd_0003.npy,gen0116_A_nd_0003.npy
116,4,57.5291,899.661,gen0116_theta_nd_0004.npy,gen0116_A_nd_0004.npy
116,5,53.6493,892.261,gen0116_theta_nd_0005.npy,gen0116_A_nd_0005.npy
116,6,54.526,893.95,gen0116_theta_nd_0006.npy,gen0116_A_nd_0006.npy
116,7,58.6593,901.411,gen0116_theta_nd_0007.npy,gen0116_A_nd_0007.npy
116,8,48.7558,882.793,gen0116_theta_nd_0008.npy,gen0116_A_nd_0008.npy
116,9,50.6162,887.076,gen0116_theta_nd_0009.npy,gen0116_A_nd_0009.npy
116,10,60.2209,904.507,gen0116_theta_nd_0010.npy,gen0116_A_nd_0010.npy
116,11,51.9729,889.573,gen0116_theta_nd_0011.npy,gen0116_A_nd_0011.npy
116,12,56.1019,897.172,gen0116_theta_nd_0012.npy,gen0116_A_nd_0012.npy
116,13,51.8684,889.328,gen0116_theta_nd_0013.npy,gen0116_A_nd_0013.npy
116,14,58.9878,902.366,gen0116_theta_nd_0014.npy,gen0116_A_nd_0014.npy
116,15,63.0052,910.623,gen0116_theta_nd_0015.npy,gen0116_A_nd_0015.npy
116,16,52.3503,889.972,gen0116_theta_nd_0016.npy,gen0116_A_nd_0016.npy
116,17,61.8792,907.04,gen0116_theta_nd_0017.npy,gen0116_A_nd_0017.npy
116,18,55.9612,896.506,gen0116_theta_nd_0018.npy,gen0116_A_nd_0018.npy
116,19,56.3856,897.718,gen0116_theta_nd_0019.npy,gen0116_A_nd_0019.npy
116,20,57.8998,900.002,gen0116_theta_nd_0020.npy,gen0116_A_nd_0020.npy
116,21,54.3969,893.349,gen0116_theta_nd_0021.npy,gen0116_A_nd_0021.npy
116,22,47.5233,880.654,gen0116_theta_nd_0022.npy,gen0116_A_nd_0022.npy
116,23,61.3081,906.234,gen0116_theta_nd_0023.npy,gen0116_A_nd_0023.npy
116,24,48.3515,882.305,gen0116_theta_nd_0024.npy,gen0116_A_nd_0024.npy
116,25,49.7456,884.977,gen0116_theta_nd_0025.npy,gen0116_A_nd_0025.npy
116,26,62.1205,907.771,gen0116_theta_nd_0026.npy,gen0116_A_nd_0026.npy
116,27,45.9742,879.215,gen0116_theta_nd_0027.npy,gen0116_A_nd_0027.npy
116,28,54.1473,892.593,gen0116_theta_nd_0028.npy,gen0116_A_nd_0028.npy
116,29,56.6399,898.255,gen0116_theta_nd_0029.npy,gen0116_A_nd_0029.npy
116,30,49.3699,884.325,gen0116_theta_nd_0030.npy,gen0116_A_nd_0030.npy
116,31,54.9105,894.442,gen0116_theta_nd_0031.npy,gen0116_A_nd_0031.npy
116,32,62.6193,909.951,gen0116_theta_nd_0032.npy,gen0116_A_nd_0032.npy
116,33,53.4743,891.604,gen0116_theta_nd_0033.npy,gen0116_A_nd_0033.npy
116,34,60.354,904.969,gen0116_theta_nd_0034.npy,gen0116_A_nd_0034.npy
116,35,58.8333,901.69,gen0116_theta_nd_0035.npy,gen0116_A_nd_0035.npy
116,36,51.3272,888.183,gen0116_theta_nd_0036.npy,gen0116_A_nd_0036.npy
116,37,48.0144,881.935,gen0116_theta_nd_0037.npy,gen0116_A_nd_0037.npy
116,38,60.7786,905.328,gen0116_theta_nd_0038.npy,gen0116_A_nd_0038.npy
116,39,57.2909,899.087,gen0116_theta_nd_0039.npy,gen0116_A_nd_0039.npy
116,40,50.0237,885.515,gen0116_theta_nd_0040.npy,gen0116_A_nd_0040.npy
116,41,51.5427,888.743,gen0116_theta_nd_0041.npy,gen0116_A_nd_0041.npy
116,42,50.5049,886.496,gen0116_theta_nd_0042.npy,gen0116_A_nd_0042.npy
116,43,53.1349,890.918,gen0116_theta_nd_0043.npy,gen0116_A_nd_0043.npy
116,44,59.3157,903.057,gen0116_theta_nd_0044.npy,gen0116_A_nd_0044.npy
116,45,55.4975,896.2,gen0116_theta_nd_0045.npy,gen0116_A_nd_0045.npy
116,46,55.3918,895.504,gen0116_theta_nd_0046.npy,gen0116_A_nd_0046.npy
116,47,58.1323,900.758,gen0116_theta_nd_0047.npy,gen0116_A_nd_0047.npy
116,48,50.9176,887.688,gen0116_theta_nd_0048.npy,gen0116_A_nd_0048.npy
116,49,50.2012,885.875,gen0116_theta_nd_0049.npy,gen0116_A_nd_0049.npy
116,50,59.6656,903.506,gen0116_theta_nd_0050.npy,gen0116_A_nd_0050.npy
116,51,62.6724,909.959,gen0116_theta_nd_0051.npy,gen0116_A_nd_0051.npy
116,52,52.6005,890.798,gen0116_theta_nd_0052.npy,gen0116_A_nd_0052.npy
116,53,48.9646,883.116,gen0116_theta_nd_0053.npy,gen0116_A_nd_0053.npy
116,54,54.1521,892.729,gen0116_theta_nd_0054.npy,gen0116_A_nd_0054.npy
116,55,58.2059,901.011,gen0116_theta_nd_0055.npy,gen0116_A_nd_0055.npy
116,56,58.9383,902.1,gen0116_theta_nd_0056.npy,gen0116_A_nd_0056.npy
116,57,60.8826,905.946,gen0116_theta_nd_0057.npy,gen0116_A_nd_0057.npy
116,58,48.286,882.286,gen0116_theta_nd_0058.npy,gen0116_A_nd_0058.npy
116,59,59.7409,903.911,gen0116_theta_nd_0059.npy,gen0116_A_nd_0059.npy
116,60,56.1539,897.194,gen0116_theta_nd_0060.npy,gen0116_A_nd_0060.npy
117,0,59.0027,902.592,gen0117_theta_nd_0000.npy,gen0117_A_nd_0000.npy
117,1,59.6656,903.506,gen0117_theta_nd_0001.npy,gen0117_A_nd_0001.npy
117,2,45.9742,879.215,gen0117_theta_nd_0002.npy,gen0117_A_nd_0002.npy
117,3,50.6162,887.076,gen0117_theta_nd_0003.npy,gen0117_A_nd_0003.npy
117,4,50.5049,886.496,gen0117_theta_nd_0004.npy,gen0117_A_nd_0004.npy
117,5,62.4986,908.67,gen0117_theta_nd_0005.npy,gen0117_A_nd_0005.npy
117,6,58.1323,900.758,gen0117_theta_nd_0006.npy,gen0117_A_nd_0006.npy
117,7,49.0545,883.195,gen0117_theta_nd_0007.npy,gen0117_A_nd_0007.npy
117,8,47.5233,880.654,gen0117_theta_nd_0008.npy,gen0117_A_nd_0008.npy
117,9,53.1349,890.918,gen0117_theta_nd_0009.npy,gen0117_A_nd_0009.npy
117,10,47.27,880.2,gen0117_theta_nd_0010.npy,gen0117_A_nd_0010.npy
117,11,57.8998,900.002,gen0117_theta_nd_0011.npy,gen0117_A_nd_0011.npy
117,12,61.2538,906.073,gen0117_theta_nd_0012.npy,gen0117_A_nd_0012.npy
117,13,62.6724,909.959,gen0117_theta_nd_0013.npy,gen0117_A_nd_0013.npy
117,14,55.4975,896.2,gen0117_theta_nd_0014.npy,gen0117_A_nd_0014.npy
117,15,61.8792,907.04,gen0117_theta_nd_0015.npy,gen0117_A_nd_0015.npy
117,16,53.4743,891.604,gen0117_theta_nd_0016.npy,gen0117_A_nd_0016.npy
117,17,49.4874,884.43,gen0117_theta_nd_0017.npy,gen0117_A_nd_0017.npy
117,18,63.0052,910.623,gen0117_theta_nd_0018.npy,gen0117_A_nd_0018.npy
117,19,58.8333,901.69,gen0117_theta_nd_0019.npy,gen0117_A_nd_0019.npy
117,20,54.1909,892.521,gen0117_theta_nd_0020.npy,gen0117_A_nd_0020.npy
117,21,56.6399,898.255,gen0117_theta_nd_0021.npy,gen0117_A_nd_0021.npy
117,22,63.7092,911.335,gen0117_theta_nd_0022.npy,gen0117_A_nd_0022.npy
117,23,49.8475,884.974,gen0117_theta_nd_0023.npy,gen0117_A_nd_0023.npy
117,24,51.8684,889.328,gen0117_theta_nd_0024.npy,gen0117_A_nd_0024.npy
117,25,54.858,894.205,gen0117_theta_nd_0025.npy,gen0117_A_nd_0025.npy
117,26,48.7558,882.793,gen0117_theta_nd_0026.npy,gen0117_A_nd_0026.npy
117,27,56.1019,897.172,gen0117_theta_nd_0027.npy,gen0117_A_nd_0027.npy
117,28,60.7786,905.328,gen0117_theta_nd_0028.npy,gen0117_A_nd_0028.npy
117,29,56.3856,897.718,gen0117_theta_nd_0029.npy,gen0117_A_nd_0029.npy
117,30,49.3613,883.872,gen0117_theta_nd_0030.npy,gen0117_A_nd_0030.npy
117,31,49.8496,885.4,gen0117_theta_nd_0031.npy,gen0117_A_nd_0031.npy
117,32,53.6493,892.261,gen0117_theta_nd_0032.npy,gen0117_A_nd_0032.npy
117,33,52.3527,890.266,gen0117_theta_nd_0033.npy,gen0117_A_nd_0033.npy
117,34,60.2209,904.507,gen0117_theta_nd_0034.npy,gen0117_A_nd_0034.npy
117,35,50.9176,887.688,gen0117_theta_nd_0035.npy,gen0117_A_nd_0035.npy
117,36,52.1429,889.701,gen0117_theta_nd_0036.npy,gen0117_A_nd_0036.npy
117,37,57.394,898.997,gen0117_theta_nd_0037.npy,gen0117_A_nd_0037.npy
117,38,58.3441,901.225,gen0117_theta_nd_0038.npy,gen0117_A_nd_0038.npy
117,39,55.3918,895.504,gen0117_theta_nd_0039.npy,gen0117_A_nd_0039.npy
117,40,52.6005,890.798,gen0117_theta_nd_0040.npy,gen0117_A_nd_0040.npy
117,41,57.1153,898.849,gen0117_theta_nd_0041.npy,gen0117_A_nd_0041.npy
117,42,55.9769,896.352,gen0117_theta_nd_0042.npy,gen0117_A_nd_0042.npy
117,43,54.3969,893.349,gen0117_theta_nd_0043.npy,gen0117_A_nd_0043.npy
117,44,50.2012,885.875,gen0117_theta_nd_0044.npy,gen0117_A_nd_0044.npy
117,45,51.4319,887.975,gen0117_theta_nd_0045.npy,gen0117_A_nd_0045.npy
117,46,48.3515,882.305,gen0117_theta_nd_0046.npy,gen0117_A_nd_0046.npy
117,47,62.1529,907.659,gen0117_theta_nd_0047.npy,gen0117_A_nd_0047.npy
117,48,57.5291,899.661,gen0117_theta_nd_0048.npy,gen0117_A_nd_0048.npy
117,49,59.3157,903.057,gen0117_theta_nd_0049.npy,gen0117_A_nd_0049.npy
117,50,48.0144,881.935,gen0117_theta_nd_0050.npy,gen0117_A_nd_0050.npy
117,51,54.5035,893.841,gen0117_theta_nd_0051.npy,gen0117_A_nd_0051.npy
117,52,55.0415,894.857,gen0117_theta_nd_0052.npy,gen0117_A_nd_0052.npy
117,53,60.4755,905.214,gen0117_theta_nd_0053.npy,gen0117_A_nd_0053.npy
117,54,61.3081,906.234,gen0117_theta_nd_0054.npy,gen0117_A_nd_0054.npy
117,55,51.5427,888.743,gen0117_theta_nd_0055.npy,gen0117_A_nd_0055.npy
117,56,54.9914,894.589,gen0117_theta_nd_0056.npy,gen0117_A_nd_0056.npy
117,57,50.3431,886.096,gen0117_theta_nd_0057.npy,gen0117_A_nd_0057.npy
117,58,54.9105,894.442,gen0117_theta_nd_0058.npy,gen0117_A_nd_0058.npy
117,59,56.1578,897.482,gen0117_theta_nd_0059.npy,gen0117_A_nd_0059.npy
117,60,58.0316,900.172,gen0117_theta_nd_0060.npy,gen0117_A_nd_0060.npy
118,0,51.4319,887.975,gen0118_theta_nd_0000.npy,gen0118_A_nd_0000.npy
118,1,56.1019,897.172,gen0118_theta_nd_0001.npy,gen0118_A_nd_0001.npy
118,2,49.4874,884.43,gen0118_theta_nd_0002.npy,gen0118_A_nd_0002.npy
118,3,53.6493,892.261,gen0118_theta_nd_0003.npy,gen0118_A_nd_0003.npy
118,4,48.3515,882.305,gen0118_theta_nd_0004.npy,gen0118_A_nd_0004.npy
118,5,54.5574,893.791,gen0118_theta_nd_0005.npy,gen0118_A_nd_0005.npy
118,6,58.1323,900.758,gen0118_theta_nd_0006.npy,gen0118_A_nd_0006.npy
118,7,54.858,894.205,gen0118_theta_nd_0007.npy,gen0118_A_nd_0007.npy
118,8,47.5233,880.654,gen0118_theta_nd_0008.npy,gen0118_A_nd_0008.npy
118,9,50.9176,887.688,gen0118_theta_nd_0009.npy,gen0118_A_nd_0009.npy
118,10,55.0415,894.857,gen0118_theta_nd_0010.npy,gen0118_A_nd_0010.npy
118,11,45.9742,879.215,gen0118_theta_nd_0011.npy,gen0118_A_nd_0011.npy
118,12,52.1429,889.701,gen0118_theta_nd_0012.npy,gen0118_A_nd_0012.npy
118,13,56.3856,897.718,gen0118_theta_nd_0013.npy,gen0118_A_nd_0013.npy
118,14,62.2049,908.099,gen0118_theta_nd_0014.npy,gen0118_A_nd_0014.npy
118,15,60.7786,905.328,gen0118_theta_nd_0015.npy,gen0118_A_nd_0015.npy
118,16,54.1909,892.521,gen0118_theta_nd_0016.npy,gen0118_A_nd_0016.npy
118,17,55.9769,896.352,gen0118_theta_nd_0017.npy,gen0118_A_nd_0017.npy
118,18,57.918,900.023,gen0118_theta_nd_0018.npy,gen0118_A_nd_0018.npy
118,19,48.0144,881.935,gen0118_theta_nd_0019.npy,gen0118_A_nd_0019.npy
118,20,61.8792,907.04,gen0118_theta_nd_0020.npy,gen0118_A_nd_0020.npy
118,21,52.3527,890.266,gen0118_theta_nd_0021.npy,gen0118_A_nd_0021.npy
118,22,55.3918,895.504,gen0118_theta_nd_0022.npy,gen0118_A_nd_0022.npy
118,23,63.2211,910.468,gen0118_theta_nd_0023.npy,gen0118_A_nd_0023.npy
118,24,62.6724,909.959,gen0118_theta_nd_0024.npy,gen0118_A_nd_0024.npy
118,25,50.6762,886.146,gen0118_theta_nd_0025.npy,gen0118_A_nd_0025.npy
118,26,53.1349,890.918,gen0118_theta_nd_0026.npy,gen0118_A_nd_0026.npy
118,27,57.1153,898.849,gen0118_theta_nd_0027.npy,gen0118_A_nd_0027.npy
118,28,62.4986,908.67,gen0118_theta_nd_0028.npy,gen0118_A_nd_0028.npy
118,29,48.8202,882.736,gen0118_theta_nd_0029.npy,gen0118_A_nd_0029.npy
118,30,60.2209,904.507,gen0118_theta_nd_0030.npy,gen0118_A_nd_0030.npy
118,31,55.4975,896.2,gen0118_theta_nd_0031.npy,gen0118_A_nd_0031.npy
118,32,50.2012,885.875,gen0118_theta_nd_0032.npy,gen0118_A_nd_0032.npy
118,33,47.27,880.2,gen0118_theta_nd_0033.npy,gen0118_A_nd_0033.npy
118,34,58.5473,901.603,gen0118_theta_nd_0034.npy,gen0118_A_nd_0034.npy
118,35,60.0226,904.081,gen0118_theta_nd_0035.npy,gen0118_A_nd_0035.npy
118,36,56.6399,898.255,gen0118_theta_nd_0036.npy,gen0118_A_nd_0036.npy
118,37,52.6005,890.798,gen0118_theta_nd_0037.npy,gen0118_A_nd_0037.npy
118,38,61.3081,906.234,gen0118_theta_nd_0038.npy,gen0118_A_nd_0038.npy
118,39,59.3755,902.504,gen0118_theta_nd_0039.npy,gen0118_A_nd_0039.npy
118,40,49.3613,883.872,gen0118_theta_nd_0040.npy,gen0118_A_nd_0040.npy
118,41,57.394,898.997,gen0118_theta_nd_0041.npy,gen0118_A_nd_0041.npy
118,42,63.7092,911.335,gen0118_theta_nd_0042.npy,gen0118_A_nd_0042.npy
118,43,61.2538,906.073,gen0118_theta_nd_0043.npy,gen0118_A_nd_0043.npy
118,44,57.6572,899.503,gen0118_theta_nd_0044.npy,gen0118_A_nd_0044.npy
118,45,49.8496,885.4,gen0118_theta_nd_0045.npy,gen0118_A_nd_0045.npy
118,46,60.6357,905.141,gen0118_theta_nd_0046.npy,gen0118_A_nd_0046.npy
118,47,54.3969,893.349,gen0118_theta_nd_0047.npy,gen0118_A_nd_0047.npy
118,48,59.6656,903.506,gen0118_theta_nd_0048.npy,gen0118_A_nd_0048.npy
118,49,53.4743,891.604,gen0118_theta_nd_0049.npy,gen0118_A_nd_0049.npy
118,50,58.8333,901.69,gen0118_theta_nd_0050.npy,gen0118_A_nd_0050.npy
118,51,52.0005,888.549,gen0118_theta_nd_0051.npy,gen0118_A_nd_0051.npy
118,52,49.8475,884.974,gen0118_theta_nd_0052.npy,gen0118_A_nd_0052.npy
118,53,49.0545,883.195,gen0118_theta_nd_0053.npy,gen0118_A_nd_0053.npy
118,54,62.1529,907.659,gen0118_theta_nd_0054.npy,gen0118_A_nd_0054.npy
118,55,54.4747,893.763,gen0118_theta_nd_0055.npy,gen0118_A_nd_0055.npy
118,56,48.6158,882.721,gen0118_theta_nd_0056.npy,gen0118_A_nd_0056.npy
118,57,56.1578,897.482,gen0118_theta_nd_0057.npy,gen0118_A_nd_0057.npy
118,58,54.8236,894.144,gen0118_theta_nd_0058.npy,gen0118_A_nd_0058.npy
118,59,57.5828,899.304,gen0118_theta_nd_0059.npy,gen0118_A_nd_0059.npy
118,60,56.3022,897.527,gen0118_theta_nd_0060.npy,gen0118_A_nd_0060.npy
119,0,54.858,894.205,gen0119_theta_nd_0000.npy,gen0119_A_nd_0000.npy
119,1,52.0005,888.549,gen0119_theta_nd_0001.npy,gen0119_A_nd_0001.npy
119,2,49.4874,884.43,gen0119_theta_nd_0002.npy,gen0119_A_nd_0002.npy
119,3,55.9769,896.352,gen0119_theta_nd_0003.npy,gen0119_A_nd_0003.npy
119,4,58.8887,901.686,gen0119_theta_nd_0004.npy,gen0119_A_nd_0004.npy
119,5,59.9208,904.034,gen0119_theta_nd_0005.npy,gen0119_A_nd_0005.npy
119,6,53.6493,892.261,gen0119_theta_nd_0006.npy,gen0119_A_nd_0006.npy
119,7,61.3081,906.234,gen0119_theta_nd_0007.npy,gen0119_A_nd_0007.npy
119,8,54.1909,892.521,gen0119_theta_nd_0008.npy,gen0119_A_nd_0008.npy
119,9,49.8496,885.4,gen0119_theta_nd_0009.npy,gen0119_A_nd_0009.npy
119,10,62.2049,908.099,gen0119_theta_nd_0010.npy,gen0119_A_nd_0010.npy
119,11,53.1349,890.918,gen0119_theta_nd_0011.npy,gen0119_A_nd_0011.npy
119,12,58.1602,900.731,gen0119_theta_nd_0012.npy,gen0119_A_nd_0012.npy
119,13,57.6572,899.503,gen0119_theta_nd_0013.npy,gen0119_A_nd_0013.npy
119,14,62.4986,908.67,gen0119_theta_nd_0014.npy,gen0119_A_nd_0014.npy
119,15,60.6357,905.141,gen0119_theta_nd_0015.npy,gen0119_A_nd_0015.npy
119,16,51.4319,887.975,gen0119_theta_nd_0016.npy,gen0119_A_nd_0016.npy
119,17,56.5193,897.557,gen0119_theta_nd_0017.npy,gen0119_A_nd_0017.npy
119,18,48.3818,881.853,gen0119_theta_nd_0018.npy,gen0119_A_nd_0018.npy
119,19,51.2133,887.579,gen0119_theta_nd_0019.npy,gen0119_A_nd_0019.npy
119,20,59.3755,902.504,gen0119_theta_nd_0020.npy,gen0119_A_nd_0020.npy
119,21,49.3613,883.872,gen0119_theta_nd_0021.npy,gen0119_A_nd_0021.npy
119,22,57.394,898.997,gen0119_theta_nd_0022.npy,gen0119_A_nd_0022.npy
119,23,62.0793,907.656,gen0119_theta_nd_0023.npy,gen0119_A_nd_0023.npy
119,24,63.2211,910.468,gen0119_theta_nd_0024.npy,gen0119_A_nd_0024.npy
119,25,47.27,880.2,gen0119_theta_nd_0025.npy,gen0119_A_nd_0025.npy
119,26,59.6656,903.506,gen0119_theta_nd_0026.npy,gen0119_A_nd_0026.npy
119,27,49.8475,884.974,gen0119_theta_nd_0027.npy,gen0119_A_nd_0027.npy
119,28,50.2012,885.875,gen0119_theta_nd_0028.npy,gen0119_A_nd_0028.npy
119,29,58.5194,901.026,gen0119_theta_nd_0029.npy,gen0119_A_nd_0029.npy
119,30,54.5574,893.791,gen0119_theta_nd_0030.npy,gen0119_A_nd_0030.npy
119,31,56.1019,897.172,gen0119_theta_nd_0031.npy,gen0119_A_nd_0031.npy
119,32,55.3918,895.504,gen0119_theta_nd_0032.npy,gen0119_A_nd_0032.npy
119,33,60.2209,904.507,gen0119_theta_nd_0033.npy,gen0119_A_nd_0033.npy
119,34,55.4975,896.2,gen0119_theta_nd_0034.npy,gen0119_A_nd_0034.npy
119,35,52.6005,890.798,gen0119_theta_nd_0035.npy,gen0119_A_nd_0035.npy
119,36,53.4743,891.604,gen0119_theta_nd_0036.npy,gen0119_A_nd_0036.npy
119,37,55.0415,894.857,gen0119_theta_nd_0037.npy,gen0119_A_nd_0037.npy
119,38,52.1433,888.92,gen0119_theta_nd_0038.npy,gen0119_A_nd_0038.npy
119,39,45.9742,879.215,gen0119_theta_nd_0039.npy,gen0119_A_nd_0039.npy
119,40,62.6724,909.959,gen0119_theta_nd_0040.npy,gen0119_A_nd_0040.npy
119,41,48.8804,882.733,gen0119_theta_nd_0041.npy,gen0119_A_nd_0041.npy
119,42,54.3969,893.349,gen0119_theta_nd_0042.npy,gen0119_A_nd_0042.npy
119,43,56.6399,898.255,gen0119_theta_nd_0043.npy,gen0119_A_nd_0043.npy
119,44,63.7092,911.335,gen0119_theta_nd_0044.npy,gen0119_A_nd_0044.npy
119,45,47.5233,880.654,gen0119_theta_nd_0045.npy,gen0119_A_nd_0045.npy
119,46,50.6762,886.146,gen0119_theta_nd_0046.npy,gen0119_A_nd_0046.npy
119,47,57.9381,900.111,gen0119_theta_nd_0047.npy,gen0119_A_nd_0047.npy
119,48,61.2538,906.073,gen0119_theta_nd_0048.npy,gen0119_A_nd_0048.npy
119,49,49.1666,883.283,gen0119_theta_nd_0049.npy,gen0119_A_nd_0049.npy
119,50,57.1153,898.849,gen0119_theta_nd_0050.npy,gen0119_A_nd_0050.npy
119,51,52.3527,890.266,gen0119_theta_nd_0051.npy,gen0119_A_nd_0051.npy
119,52,60.8043,905.428,gen0119_theta_nd_0052.npy,gen0119_A_nd_0052.npy
119,53,55.6818,896.214,gen0119_theta_nd_0053.npy,gen0119_A_nd_0053.npy
119,54,48.4083,882.66,gen0119_theta_nd_0054.npy,gen0119_A_nd_0054.npy
119,55,60.9007,905.967,gen0119_theta_nd_0055.npy,gen0119_A_nd_0055.npy
119,56,46.4739,879.451,gen0119_theta_nd_0056.npy,gen0119_A_nd_0056.npy
119,57,57.5828,899.304,gen0119_theta_nd_0057.npy,gen0119_A_nd_0057.npy
119,58,60.0504,904.287,gen0119_theta_nd_0058.npy,gen0119_A_nd_0058.npy
119,59,62.1529,907.659,gen0119_theta_nd_0059.npy,gen0119_A_nd_0059.npy
119,60,54.9978,894.407,gen0119_theta_nd_0060.npy,gen0119_A_nd_0060.npy
120,0,57.1153,898.849,gen0120_theta_nd_0000.npy,gen0120_A_nd_0000.npy
120,1,55.4975,896.2,gen0120_theta_nd_0001.npy,gen0120_A_nd_0001.npy
120,2,55.4485,895.46,gen0120_theta_nd_0002.npy,gen0120_A_nd_0002.npy
120,3,49.4874,884.43,gen0120_theta_nd_0003.npy,gen0120_A_nd_0003.npy
120,4,54.3969,893.349,gen0120_theta_nd_0004.npy,gen0120_A_nd_0004.npy
120,5,62.545,909.496,gen0120_theta_nd_0005.npy,gen0120_A_nd_0005.npy
120,6,63.7092,911.335,gen0120_theta_nd_0006.npy,gen0120_A_nd_0006.npy
120,7,50.6762,886.146,gen0120_theta_nd_0007.npy,gen0120_A_nd_0007.npy
120,8,60.2209,904.507,gen0120_theta_nd_0008.npy,gen0120_A_nd_0008.npy
120,9,53.4743,891.604,gen0120_theta_nd_0009.npy,gen0120_A_nd_0009.npy
120,10,58.4028,900.465,gen0120_theta_nd_0010.npy,gen0120_A_nd_0010.npy
120,11,54.1909,892.521,gen0120_theta_nd_0011.npy,gen0120_A_nd_0011.npy
120,12,52.3527,890.266,gen0120_theta_nd_0012.npy,gen0120_A_nd_0012.npy
120,13,45.9742,879.215,gen0120_theta_nd_0013.npy,gen0120_A_nd_0013.npy
120,14,62.2049,908.099,gen0120_theta_nd_0014.npy,gen0120_A_nd_0014.npy
120,15,48.3818,881.853,gen0120_theta_nd_0015.npy,gen0120_A_nd_0015.npy
120,16,53.1349,890.918,gen0120_theta_nd_0016.npy,gen0120_A_nd_0016.npy
120,17,47.27,880.2,gen0120_theta_nd_0017.npy,gen0120_A_nd_0017.npy
120,18,57.6572,899.503,gen0120_theta_nd_0018.npy,gen0120_A_nd_0018.npy
120,19,56.6399,898.255,gen0120_theta_nd_0019.npy,gen0120_A_nd_0019.npy
120,20,54.6506,893.46,gen0120_theta_nd_0020.npy,gen0120_A_nd_0020.npy
120,21,49.1666,883.283,gen0120_theta_nd_0021.npy,gen0120_A_nd_0021.npy
120,22,57.394,898.997,gen0120_theta_nd_0022.npy,gen0120_A_nd_0022.npy
120,23,51.2133,887.579,gen0120_theta_nd_0023.npy,gen0120_A_nd_0023.npy
120,24,59.3755,902.504,gen0120_theta_nd_0024.npy,gen0120_A_nd_0024.npy
120,25,55.9769,896.352,gen0120_theta_nd_0025.npy,gen0120_A_nd_0025.npy
120,26,61.3081,906.234,gen0120_theta_nd_0026.npy,gen0120_A_nd_0026.npy
120,27,61.2538,906.073,gen0120_theta_nd_0027.npy,gen0120_A_nd_0027.npy
120,28,63.2211,910.468,gen0120_theta_nd_0028.npy,gen0120_A_nd_0028.npy
120,29,61.9255,907.343,gen0120_theta_nd_0029.npy,gen0120_A_nd_0029.npy
120,30,51.4319,887.975,gen0120_theta_nd_0030.npy,gen0120_A_nd_0030.npy
120,31,56.1019,897.172,gen0120_theta_nd_0031.npy,gen0120_A_nd_0031.npy
120,32,49.3613,883.872,gen0120_theta_nd_0032.npy,gen0120_A_nd_0032.npy
120,33,52.1433,888.92,gen0120_theta_nd_0033.npy,gen0120_A_nd_0033.npy
120,34,47.5233,880.654,gen0120_theta_nd_0034.npy,gen0120_A_nd_0034.npy
120,35,54.858,894.205,gen0120_theta_nd_0035.npy,gen0120_A_nd_0035.npy
120,36,47.2476,879.718,gen0120_theta_nd_0036.npy,gen0120_A_nd_0036.npy
120,37,60.6357,905.141,gen0120_theta_nd_0037.npy,gen0120_A_nd_0037.npy
120,38,56.5193,897.557,gen0120_theta_nd_0038.npy,gen0120_A_nd_0038.npy
120,39,61.7911,907.143,gen0120_theta_nd_0039.npy,gen0120_A_nd_0039.npy
120,40,49.9987,884.873,gen0120_theta_nd_0040.npy,gen0120_A_nd_0040.npy
120,41,58.8013,901.494,gen0120_theta_nd_0041.npy,gen0120_A_nd_0041.npy
120,42,48.8804,882.733,gen0120_theta_nd_0042.npy,gen0120_A_nd_0042.npy
120,43,60.8043,905.428,gen0120_theta_nd_0043.npy,gen0120_A_nd_0043.npy
120,44,59.6656,903.506,gen0120_theta_nd_0044.npy,gen0120_A_nd_0044.npy
120,45,62.6724,909.959,gen0120_theta_nd_0045.npy,gen0120_A_nd_0045.npy
120,46,57.9381,900.111,gen0120_theta_nd_0046.npy,gen0120_A_nd_0046.npy
120,47,60.0746,903.711,gen0120_theta_nd_0047.npy,gen0120_A_nd_0047.npy
120,48,55.0415,894.857,gen0120_theta_nd_0048.npy,gen0120_A_nd_0048.npy
120,49,50.2357,885.583,gen0120_theta_nd_0049.npy,gen0120_A_nd_0049.npy
120,50,51.9287,888.229,gen0120_theta_nd_0050.npy,gen0120_A_nd_0050.npy
120,51,52.6005,890.798,gen0120_theta_nd_0051.npy,gen0120_A_nd_0051.npy
120,52,58.5194,901.026,gen0120_theta_nd_0052.npy,gen0120_A_nd_0052.npy
120,53,53.6493,892.261,gen0120_theta_nd_0053.npy,gen0120_A_nd_0053.npy
120,54,56.0389,896.876,gen0120_theta_nd_0054.npy,gen0120_A_nd_0054.npy
120,55,57.5828,899.304,gen0120_theta_nd_0055.npy,gen0120_A_nd_0055.npy
120,56,62.4986,908.67,gen0120_theta_nd_0056.npy,gen0120_A_nd_0056.npy
120,57,52.027,888.84,gen0120_theta_nd_0057.npy,gen0120_A_nd_0057.npy
120,58,55.6818,896.214,gen0120_theta_nd_0058.npy,gen0120_A_nd_0058.npy
120,59,62.0793,907.656,gen0120_theta_nd_0059.npy,gen0120_A_nd_0059.npy
120,60,49.3734,884.158,gen0120_theta_nd_0060.npy,gen0120_A_nd_0060.npy
121,0,45.9742,879.215,gen0121_theta_nd_0000.npy,gen0121_A_nd_0000.npy
121,1,62.2049,908.099,gen0121_theta_nd_0001.npy,gen0121_A_nd_0001.npy
121,2,62.545,909.496,gen0121_theta_nd_0002.npy,gen0121_A_nd_0002.npy
121,3,48.4048,882.261,gen0121_theta_nd_0003.npy,gen0121_A_nd_0003.npy
121,4,52.4109,890.059,gen0121_theta_nd_0004.npy,gen0121_A_nd_0004.npy
121,5,63.7092,911.335,gen0121_theta_nd_0005.npy,gen0121_A_nd_0005.npy
121,6,53.8781,892.077,gen0121_theta_nd_0006.npy,gen0121_A_nd_0006.npy
121,7,61.4636,906.53,gen0121_theta_nd_0007.npy,gen0121_A_nd_0007.npy
121,8,52.1433,888.92,gen0121_theta_nd_0008.npy,gen0121_A_nd_0008.npy
121,9,53.4743,891.604,gen0121_theta_nd_0009.npy,gen0121_A_nd_0009.npy
121,10,55.9769,896.352,gen0121_theta_nd_0010.npy,gen0121_A_nd_0010.npy
121,11,56.1019,897.172,gen0121_theta_nd_0011.npy,gen0121_A_nd_0011.npy
121,12,60.8043,905.428,gen0121_theta_nd_0012.npy,gen0121_A_nd_0012.npy
121,13,58.0862,899.94,gen0121_theta_nd_0013.npy,gen0121_A_nd_0013.npy
121,14,54.6506,893.46,gen0121_theta_nd_0014.npy,gen0121_A_nd_0014.npy
121,15,57.6572,899.503,gen0121_theta_nd_0015.npy,gen0121_A_nd_0015.npy
121,16,47.2476,879.718,gen0121_theta_nd_0016.npy,gen0121_A_nd_0016.npy
121,17,56.5193,897.557,gen0121_theta_nd_0017.npy,gen0121_A_nd_0017.npy
121,18,54.1909,892.521,gen0121_theta_nd_0018.npy,gen0121_A_nd_0018.npy
121,19,55.6417,895.972,gen0121_theta_nd_0019.npy,gen0121_A_nd_0019.npy
121,20,48.0225,881.842,gen0121_theta_nd_0020.npy,gen0121_A_nd_0020.npy
121,21,47.5233,880.654,gen0121_theta_nd_0021.npy,gen0121_A_nd_0021.npy
121,22,54.3969,893.349,gen0121_theta_nd_0022.npy,gen0121_A_nd_0022.npy
121,23,55.1419,894.765,gen0121_theta_nd_0023.npy,gen0121_A_nd_0023.npy
121,24,49.9987,884.873,gen0121_theta_nd_0024.npy,gen0121_A_nd_0024.npy
121,25,60.2209,904.507,gen0121_theta_nd_0025.npy,gen0121_A_nd_0025.npy
121,26,58.4028,900.465,gen0121_theta_nd_0026.npy,gen0121_A_nd_0026.npy
121,27,59.6656,903.506,gen0121_theta_nd_0027.npy,gen0121_A_nd_0027.npy
121,28,53.1349,890.918,gen0121_theta_nd_0028.npy,gen0121_A_nd_0028.npy
121,29,61.9255,907.343,gen0121_theta_nd_0029.npy,gen0121_A_nd_0029.npy
121,30,47.27,880.2,gen0121_theta_nd_0030.npy,gen0121_A_nd_0030.npy
121,31,56.6399,898.255,gen0121_theta_nd_0031.npy,gen0121_A_nd_0031.npy
121,32,50.8986,886.86,gen0121_theta_nd_0032.npy,gen0121_A_nd_0032.npy
121,33,49.1666,883.283,gen0121_theta_nd_0033.npy,gen0121_A_nd_0033.npy
121,34,59.4625,902.444,gen0121_theta_nd_0034.npy,gen0121_A_nd_0034.npy
121,35,51.9287,888.229,gen0121_theta_nd_0035.npy,gen0121_A_nd_0035.npy
121,36,57.394,898.997,gen0121_theta_nd_0036.npy,gen0121_A_nd_0036.npy
121,37,60.6357,905.141,gen0121_theta_nd_0037.npy,gen0121_A_nd_0037.npy
121,38,50.6762,886.146,gen0121_theta_nd_0038.npy,gen0121_A_nd_0038.npy
121,39,58.5194,901.026,gen0121_theta_nd_0039.npy,gen0121_A_nd_0039.npy
121,40,49.4874,884.43,gen0121_theta_nd_0040.npy,gen0121_A_nd_0040.npy
121,41,63.1425,910.366,gen0121_theta_nd_0041.npy,gen0121_A_nd_0041.npy
121,42,62.6724,909.959,gen0121_theta_nd_0042.npy,gen0121_A_nd_0042.npy
121,43,51.2133,887.579,gen0121_theta_nd_0043.npy,gen0121_A_nd_0043.npy
121,44,57.2634,898.585,gen0121_theta_nd_0044.npy,gen0121_A_nd_0044.npy
121,45,61.6942,906.941,gen0121_theta_nd_0045.npy,gen0121_A_nd_0045.npy
121,46,52.7962,890.876,gen0121_theta_nd_0046.npy,gen0121_A_nd_0046.npy
121,47,51.4319,887.975,gen0121_theta_nd_0047.npy,gen0121_A_nd_0047.npy
121,48,54.858,894.205,gen0121_theta_nd_0048.npy,gen0121_A_nd_0048.npy
121,49,49.3613,883.872,gen0121_theta_nd_0049.npy,gen0121_A_nd_0049.npy
121,50,55.4485,895.46,gen0121_theta_nd_0050.npy,gen0121_A_nd_0050.npy
121,51,58.9926,902.291,gen0121_theta_nd_0051.npy,gen0121_A_nd_0051.npy
121,52,60.0746,903.711,gen0121_theta_nd_0052.npy,gen0121_A_nd_0052.npy
121,53,58.8013,901.494,gen0121_theta_nd_0053.npy,gen0121_A_nd_0053.npy
121,54,48.8804,882.733,gen0121_theta_nd_0054.npy,gen0121_A_nd_0054.npy
121,55,52.1631,889.61,gen0121_theta_nd_0055.npy,gen0121_A_nd_0055.npy
121,56,50.2357,885.583,gen0121_theta_nd_0056.npy,gen0121_A_nd_0056.npy
121,57,53.4355,891.41,gen0121_theta_nd_0057.npy,gen0121_A_nd_0057.npy
121,58,48.3818,881.853,gen0121_theta_nd_0058.npy,gen0121_A_nd_0058.npy
121,59,63.2211,910.468,gen0121_theta_nd_0059.npy,gen0121_A_nd_0059.npy
121,60,58.9793,902.281,gen0121_theta_nd_0060.npy,gen0121_A_nd_0060.npy
122,0,55.1419,894.765,gen0122_theta_nd_0000.npy,gen0122_A_nd_0000.npy
122,1,50.2357,885.583,gen0122_theta_nd_0001.npy,gen0122_A_nd_0001.npy
122,2,54.3969,893.349,gen0122_theta_nd_0002.npy,gen0122_A_nd_0002.npy
122,3,51.4319,887.975,gen0122_theta_nd_0003.npy,gen0122_A_nd_0003.npy
122,4,51.2133,887.579,gen0122_theta_nd_0004.npy,gen0122_A_nd_0004.npy
122,5,52.1433,888.92,gen0122_theta_nd_0005.npy,gen0122_A_nd_0005.npy
122,6,60.2209,904.507,gen0122_theta_nd_0006.npy,gen0122_A_nd_0006.npy
122,7,48.8804,882.733,gen0122_theta_nd_0007.npy,gen0122_A_nd_0007.npy
122,8,49.4874,884.43,gen0122_theta_nd_0008.npy,gen0122_A_nd_0008.npy
122,9,56.1019,897.172,gen0122_theta_nd_0009.npy,gen0122_A_nd_0009.npy
122,10,58.5194,901.026,gen0122_theta_nd_0010.npy,gen0122_A_nd_0010.npy
122,11,60.0746,903.711,gen0122_theta_nd_0011.npy,gen0122_A_nd_0011.npy
122,12,58.4028,900.465,gen0122_theta_nd_0012.npy,gen0122_A_nd_0012.npy
122,13,59.4625,902.444,gen0122_theta_nd_0013.npy,gen0122_A_nd_0013.npy
122,14,52.4109,890.059,gen0122_theta_nd_0014.npy,gen0122_A_nd_0014.npy
122,15,54.1909,892.521,gen0122_theta_nd_0015.npy,gen0122_A_nd_0015.npy
122,16,54.6733,893.585,gen0122_theta_nd_0016.npy,gen0122_A_nd_0016.npy
122,17,49.9987,884.873,gen0122_theta_nd_0017.npy,gen0122_A_nd_0017.npy
122,18,52.1631,889.61,gen0122_theta_nd_0018.npy,gen0122_A_nd_0018.npy
122,19,55.4485,895.46,gen0122_theta_nd_0019.npy,gen0122_A_nd_0019.npy
122,20,53.8781,892.077,gen0122_theta_nd_0020.npy,gen0122_A_nd_0020.npy
122,21,47.2476,879.718,gen0122_theta_nd_0021.npy,gen0122_A_nd_0021.npy
122,22,57.6572,899.503,gen0122_theta_nd_0022.npy,gen0122_A_nd_0022.npy
122,23,50.8986,886.86,gen0122_theta_nd_0023.npy,gen0122_A_nd_0023.npy
122,24,60.8043,905.428,gen0122_theta_nd_0024.npy,gen0122_A_nd_0024.npy
122,25,52.786,890.486,gen0122_theta_nd_0025.npy,gen0122_A_nd_0025.npy
122,26,53.4995,891.515,gen0122_theta_nd_0026.npy,gen0122_A_nd_0026.npy
122,27,63.1425,910.366,gen0122_theta_nd_0027.npy,gen0122_A_nd_0027.npy
122,28,47.5233,880.654,gen0122_theta_nd_0028.npy,gen0122_A_nd_0028.npy
122,29,51.9287,888.229,gen0122_theta_nd_0029.npy,gen0122_A_nd_0029.npy
122,30,54.858,894.205,gen0122_theta_nd_0030.npy,gen0122_A_nd_0030.npy
122,31,59.6656,903.506,gen0122_theta_nd_0031.npy,gen0122_A_nd_0031.npy
122,32,62.9385,909.727,gen0122_theta_nd_0032.npy,gen0122_A_nd_0032.npy
122,33,63.7092,911.335,gen0122_theta_nd_0033.npy,gen0122_A_nd_0033.npy
122,34,61.4722,906.123,gen0122_theta_nd_0034.npy,gen0122_A_nd_0034.npy
122,35,56.5193,897.557,gen0122_theta_nd_0035.npy,gen0122_A_nd_0035.npy
122,36,48.0225,881.842,gen0122_theta_nd_0036.npy,gen0122_A_nd_0036.npy
122,37,45.9742,879.215,gen0122_theta_nd_0037.npy,gen0122_A_nd_0037.npy
122,38,58.0862,899.94,gen0122_theta_nd_0038.npy,gen0122_A_nd_0038.npy
122,39,53.1349,890.918,gen0122_theta_nd_0039.npy,gen0122_A_nd_0039.npy
122,40,57.394,898.997,gen0122_theta_nd_0040.npy,gen0122_A_nd_0040.npy
122,41,55.9769,896.352,gen0122_theta_nd_0041.npy,gen0122_A_nd_0041.npy
122,42,57.1427,898.076,gen0122_theta_nd_0042.npy,gen0122_A_nd_0042.npy
122,43,58.8013,901.494,gen0122_theta_nd_0043.npy,gen0122_A_nd_0043.npy
122,44,61.9255,907.343,gen0122_theta_nd_0044.npy,gen0122_A_nd_0044.npy
122,45,55.6417,895.972,gen0122_theta_nd_0045.npy,gen0122_A_nd_0045.npy
122,46,61.6942,906.941,gen0122_theta_nd_0046.npy,gen0122_A_nd_0046.npy
122,47,62.2049,908.099,gen0122_theta_nd_0047.npy,gen0122_A_nd_0047.npy
122,48,60.6357,905.141,gen0122_theta_nd_0048.npy,gen0122_A_nd_0048.npy
122,49,50.7382,886.565,gen0122_theta_nd_0049.npy,gen0122_A_nd_0049.npy
122,50,50.3053,886.063,gen0122_theta_nd_0050.npy,gen0122_A_nd_0050.npy
122,51,62.5234,908.941,gen0122_theta_nd_0051.npy,gen0122_A_nd_0051.npy
122,52,62.545,909.496,gen0122_theta_nd_0052.npy,gen0122_A_nd_0052.npy
122,53,55.5164,895.87,gen0122_theta_nd_0053.npy,gen0122_A_nd_0053.npy
122,54,50.6762,886.146,gen0122_theta_nd_0054.npy,gen0122_A_nd_0054.npy
122,55,49.4355,882.762,gen0122_theta_nd_0055.npy,gen0122_A_nd_0055.npy
122,56,48.6226,881.968,gen0122_theta_nd_0056.npy,gen0122_A_nd_0056.npy
122,57,52.7962,890.876,gen0122_theta_nd_0057.npy,gen0122_A_nd_0057.npy
122,58,47.4423,879.942,gen0122_theta_nd_0058.npy,gen0122_A_nd_0058.npy
122,59,51.2244,887.86,gen0122_theta_nd_0059.npy,gen0122_A_nd_0059.npy
122,60,56.3644,897.471,gen0122_theta_nd_0060.npy,gen0122_A_nd_0060.npy
123,0,48.1105,881.393,gen0123_theta_nd_0000.npy,gen0123_A_nd_0000.npy
123,1,57.1427,898.076,gen0123_theta_nd_0001.npy,gen0123_A_nd_0001.npy
123,2,62.2643,908.146,gen0123_theta_nd_0002.npy,gen0123_A_nd_0002.npy
123,3,52.1433,888.92,gen0123_theta_nd_0003.npy,gen0123_A_nd_0003.npy
123,4,47.5233,880.654,gen0123_theta_nd_0004.npy,gen0123_A_nd_0004.npy
123,5,52.1631,889.61,gen0123_theta_nd_0005.npy,gen0123_A_nd_0005.npy
123,6,60.8043,905.428,gen0123_theta_nd_0006.npy,gen0123_A_nd_0006.npy
123,7,50.7382,886.565,gen0123_theta_nd_0007.npy,gen0123_A_nd_0007.npy
123,8,57.394,898.997,gen0123_theta_nd_0008.npy,gen0123_A_nd_0008.npy
123,9,58.5194,901.026,gen0123_theta_nd_0009.npy,gen0123_A_nd_0009.npy
123,10,52.8495,890.329,gen0123_theta_nd_0010.npy,gen0123_A_nd_0010.npy
123,11,57.6572,899.503,gen0123_theta_nd_0011.npy,gen0123_A_nd_0011.npy
123,12,51.4319,887.975,gen0123_theta_nd_0012.npy,gen0123_A_nd_0012.npy
123,13,58.4028,900.465,gen0123_theta_nd_0013.npy,gen0123_A_nd_0013.npy
123,14,52.5295,890.036,gen0123_theta_nd_0014.npy,gen0123_A_nd_0014.npy
123,15,45.9742,879.215,gen0123_theta_nd_0015.npy,gen0123_A_nd_0015.npy
123,16,61.9255,907.343,gen0123_theta_nd_0016.npy,gen0123_A_nd_0016.npy
123,17,54.1909,892.521,gen0123_theta_nd_0017.npy,gen0123_A_nd_0017.npy
123,18,62.5234,908.941,gen0123_theta_nd_0018.npy,gen0123_A_nd_0018.npy
123,19,54.858,894.205,gen0123_theta_nd_0019.npy,gen0123_A_nd_0019.npy
123,20,48.6226,881.968,gen0123_theta_nd_0020.npy,gen0123_A_nd_0020.npy
123,21,53.642,891.397,gen0123_theta_nd_0021.npy,gen0123_A_nd_0021.npy
123,22,52.0487,888.179,gen0123_theta_nd_0022.npy,gen0123_A_nd_0022.npy
123,23,59.0396,902.27,gen0123_theta_nd_0023.npy,gen0123_A_nd_0023.npy
123,24,49.4933,883.494,gen0123_theta_nd_0024.npy,gen0123_A_nd_0024.npy
123,25,60.0746,903.711,gen0123_theta_nd_0025.npy,gen0123_A_nd_0025.npy
123,26,51.2133,887.579,gen0123_theta_nd_0026.npy,gen0123_A_nd_0026.npy
123,27,55.9769,896.352,gen0123_theta_nd_0027.npy,gen0123_A_nd_0027.npy
123,28,61.4722,906.123,gen0123_theta_nd_0028.npy,gen0123_A_nd_0028.npy
123,29,56.2221,897.032,gen0123_theta_nd_0029.npy,gen0123_A_nd_0029.npy
123,30,59.4625,902.444,gen0123_theta_nd_0030.npy,gen0123_A_nd_0030.npy
123,31,58.8013,901.494,gen0123_theta_nd_0031.npy,gen0123_A_nd_0031.npy
123,32,62.9385,909.727,gen0123_theta_nd_0032.npy,gen0123_A_nd_0032.npy
123,33,50.0171,885.56,gen0123_theta_nd_0033.npy,gen0123_A_nd_0033.npy
123,34,60.2209,904.507,gen0123_theta_nd_0034.npy,gen0123_A_nd_0034.npy
123,35,54.6733,893.585,gen0123_theta_nd_0035.npy,gen0123_A_nd_0035.npy
123,36,56.5193,897.557,gen0123_theta_nd_0036.npy,gen0123_A_nd_0036.npy
123,37,53.7691,892.036,gen0123_theta_nd_0037.npy,gen0123_A_nd_0037.npy
123,38,48.8804,882.733,gen0123_theta_nd_0038.npy,gen0123_A_nd_0038.npy
123,39,55.1419,894.765,gen0123_theta_nd_0039.npy,gen0123_A_nd_0039.npy
123,40,61.6942,906.941,gen0123_theta_nd_0040.npy,gen0123_A_nd_0040.npy
123,41,49.9987,884.873,gen0123_theta_nd_0041.npy,gen0123_A_nd_0041.npy
123,42,53.1349,890.918,gen0123_theta_nd_0042.npy,gen0123_A_nd_0042.npy
123,43,54.2726,893.168,gen0123_theta_nd_0043.npy,gen0123_A_nd_0043.npy
123,44,48.6617,882.43,gen0123_theta_nd_0044.npy,gen0123_A_nd_0044.npy
123,45,63.7092,911.335,gen0123_theta_nd_0045.npy,gen0123_A_nd_0045.npy
123,46,47.2476,879.718,gen0123_theta_nd_0046.npy,gen0123_A_nd_0046.npy
123,47,55.48,895.273,gen0123_theta_nd_0047.npy,gen0123_A_nd_0047.npy
123,48,58.0862,899.94,gen0123_theta_nd_0048.npy,gen0123_A_nd_0048.npy
123,49,63.1425,910.366,gen0123_theta_nd_0049.npy,gen0123_A_nd_0049.npy
123,50,50.8986,886.86,gen0123_theta_nd_0050.npy,gen0123_A_nd_0050.npy
123,51,50.3053,886.063,gen0123_theta_nd_0051.npy,gen0123_A_nd_0051.npy
123,52,59.6656,903.506,gen0123_theta_nd_0052.npy,gen0123_A_nd_0052.npy
123,53,55.6883,895.838,gen0123_theta_nd_0053.npy,gen0123_A_nd_0053.npy
123,54,51.4023,887.667,gen0123_theta_nd_0054.npy,gen0123_A_nd_0054.npy
123,55,53.8781,892.077,gen0123_theta_nd_0055.npy,gen0123_A_nd_0055.npy
123,56,59.5321,902.627,gen0123_theta_nd_0056.npy,gen0123_A_nd_0056.npy
123,57,50.6762,886.146,gen0123_theta_nd_0057.npy,gen0123_A_nd_0057.npy
123,58,54.3969,893.349,gen0123_theta_nd_0058.npy,gen0123_A_nd_0058.npy
123,59,55.131,894.286,gen0123_theta_nd_0059.npy,gen0123_A_nd_0059.npy
123,60,62.3551,908.832,gen0123_theta_nd_0060.npy,gen0123_A_nd_0060.npy
124,0,55.0255,894.117,gen0124_theta_nd_0000.npy,gen0124_A_nd_0000.npy
124,1,56.5193,897.557,gen0124_theta_nd_0001.npy,gen0124_A_nd_0001.npy
124,2,52.1631,889.61,gen0124_theta_nd_0002.npy,gen0124_A_nd_0002.npy
124,3,49.4076,883.105,gen0124_theta_nd_0003.npy,gen0124_A_nd_0003.npy
124,4,55.2291,894.388,gen0124_theta_nd_0004.npy,gen0124_A_nd_0004.npy
124,5,54.3981,893.064,gen0124_theta_nd_0005.npy,gen0124_A_nd_0005.npy
124,6,52.9632,890.546,gen0124_theta_nd_0006.npy,gen0124_A_nd_0006.npy
124,7,59.4625,902.444,gen0124_theta_nd_0007.npy,gen0124_A_nd_0007.npy
124,8,55.9769,896.352,gen0124_theta_nd_0008.npy,gen0124_A_nd_0008.npy
124,9,47.2476,879.718,gen0124_theta_nd_0009.npy,gen0124_A_nd_0009.npy
124,10,51.4319,887.975,gen0124_theta_nd_0010.npy,gen0124_A_nd_0010.npy
124,11,50.8986,886.86,gen0124_theta_nd_0011.npy,gen0124_A_nd_0011.npy
124,12,53.1349,890.918,gen0124_theta_nd_0012.npy,gen0124_A_nd_0012.npy
124,13,56.2221,897.032,gen0124_theta_nd_0013.npy,gen0124_A_nd_0013.npy
124,14,54.1909,892.521,gen0124_theta_nd_0014.npy,gen0124_A_nd_0014.npy
124,15,53.642,891.397,gen0124_theta_nd_0015.npy,gen0124_A_nd_0015.npy
124,16,49.4933,883.494,gen0124_theta_nd_0016.npy,gen0124_A_nd_0016.npy
124,17,62.1486,906.562,gen0124_theta_nd_0017.npy,gen0124_A_nd_0017.npy
124,18,50.7382,886.565,gen0124_theta_nd_0018.npy,gen0124_A_nd_0018.npy
124,19,52.0487,888.179,gen0124_theta_nd_0019.npy,gen0124_A_nd_0019.npy
124,20,62.8083,909.504,gen0124_theta_nd_0020.npy,gen0124_A_nd_0020.npy
124,21,63.1425,910.366,gen0124_theta_nd_0021.npy,gen0124_A_nd_0021.npy
124,22,52.1433,888.92,gen0124_theta_nd_0022.npy,gen0124_A_nd_0022.npy
124,23,62.2643,908.146,gen0124_theta_nd_0023.npy,gen0124_A_nd_0023.npy
124,24,50.0171,885.56,gen0124_theta_nd_0024.npy,gen0124_A_nd_0024.npy
124,25,55.6883,895.838,gen0124_theta_nd_0025.npy,gen0124_A_nd_0025.npy
124,26,45.9742,879.215,gen0124_theta_nd_0026.npy,gen0124_A_nd_0026.npy
124,27,55.48,895.273,gen0124_theta_nd_0027.npy,gen0124_A_nd_0027.npy
124,28,47.5233,880.654,gen0124_theta_nd_0028.npy,gen0124_A_nd_0028.npy
124,29,51.2423,887.407,gen0124_theta_nd_0029.npy,gen0124_A_nd_0029.npy
124,30,63.7092,911.335,gen0124_theta_nd_0030.npy,gen0124_A_nd_0030.npy
124,31,50.3053,886.063,gen0124_theta_nd_0031.npy,gen0124_A_nd_0031.npy
124,32,58.0862,899.94,gen0124_theta_nd_0032.npy,gen0124_A_nd_0032.npy
124,33,53.7691,892.036,gen0124_theta_nd_0033.npy,gen0124_A_nd_0033.npy
124,34,58.5194,901.026,gen0124_theta_nd_0034.npy,gen0124_A_nd_0034.npy
124,35,48.1786,881.083,gen0124_theta_nd_0035.npy,gen0124_A_nd_0035.npy
124,36,48.8804,882.733,gen0124_theta_nd_0036.npy,gen0124_A_nd_0036.npy
124,37,57.394,898.997,gen0124_theta_nd_0037.npy,gen0124_A_nd_0037.npy
124,38,62.4466,908.474,gen0124_theta_nd_0038.npy,gen0124_A_nd_0038.npy
124,39,57.6572,899.503,gen0124_theta_nd_0039.npy,gen0124_A_nd_0039.npy
124,40,58.4028,900.465,gen0124_theta_nd_0040.npy,gen0124_A_nd_0040.npy
124,41,49.9987,884.873,gen0124_theta_nd_0041.npy,gen0124_A_nd_0041.npy
124,42,60.8043,905.428,gen0124_theta_nd_0042.npy,gen0124_A_nd_0042.npy
124,43,48.7687,882.41,gen0124_theta_nd_0043.npy,gen0124_A_nd_0043.npy
124,44,54.6883,893.434,gen0124_theta_nd_0044.npy,gen0124_A_nd_0044.npy
124,45,58.8013,901.494,gen0124_theta_nd_0045.npy,gen0124_A_nd_0045.npy
124,46,59.6568,903.26,gen0124_theta_nd_0046.npy,gen0124_A_nd_0046.npy
124,47,48.5281,881.823,gen0124_theta_nd_0047.npy,gen0124_A_nd_0047.npy
124,48,52.5295,890.036,gen0124_theta_nd_0048.npy,gen0124_A_nd_0048.npy
124,49,59.0396,902.27,gen0124_theta_nd_0049.npy,gen0124_A_nd_0049.npy
124,50,60.0746,903.711,gen0124_theta_nd_0050.npy,gen0124_A_nd_0050.npy
124,51,60.2209,904.507,gen0124_theta_nd_0051.npy,gen0124_A_nd_0051.npy
124,52,57.1427,898.076,gen0124_theta_nd_0052.npy,gen0124_A_nd_0052.npy
124,53,61.5409,905.795,gen0124_theta_nd_0053.npy,gen0124_A_nd_0053.npy
124,54,54.7625,894.095,gen0124_theta_nd_0054.npy,gen0124_A_nd_0054.npy
124,55,59.5321,902.627,gen0124_theta_nd_0055.npy,gen0124_A_nd_0055.npy
124,56,56.0822,896.727,gen0124_theta_nd_0056.npy,gen0124_A_nd_0056.npy
124,57,48.9469,882.934,gen0124_theta_nd_0057.npy,gen0124_A_nd_0057.npy
124,58,62.7486,908.842,gen0124_theta_nd_0058.npy,gen0124_A_nd_0058.npy
124,59,60.3572,904.788,gen0124_theta_nd_0059.npy,gen0124_A_nd_0059.npy
124,60,50.6762,886.146,gen0124_theta_nd_0060.npy,gen0124_A_nd_0060.npy
125,0,63.8689,910.531,gen0125_theta_nd_0000.npy,gen0125_A_nd_0000.npy
125,1,48.1786,881.083,gen0125_theta_nd_0001.npy,gen0125_A_nd_0001.npy
125,2,61.5409,905.795,gen0125_theta_nd_0002.npy,gen0125_A_nd_0002.npy
125,3,49.4933,883.494,gen0125_theta_nd_0003.npy,gen0125_A_nd_0003.npy
125,4,58.6027,900.833,gen0125_theta_nd_0004.npy,gen0125_A_nd_0004.npy
125,5,62.1486,906.562,gen0125_theta_nd_0005.npy,gen0125_A_nd_0005.npy
125,6,50.8986,886.86,gen0125_theta_nd_0006.npy,gen0125_A_nd_0006.npy
125,7,47.5529,880.437,gen0125_theta_nd_0007.npy,gen0125_A_nd_0007.npy
125,8,57.4204,898.826,gen0125_theta_nd_0008.npy,gen0125_A_nd_0008.npy
125,9,52.9632,890.546,gen0125_theta_nd_0009.npy,gen0125_A_nd_0009.npy
125,10,55.9769,896.352,gen0125_theta_nd_0010.npy,gen0125_A_nd_0010.npy
125,11,60.0746,903.711,gen0125_theta_nd_0011.npy,gen0125_A_nd_0011.npy
125,12,53.6614,892.029,gen0125_theta_nd_0012.npy,gen0125_A_nd_0012.npy
125,13,53.1349,890.918,gen0125_theta_nd_0013.npy,gen0125_A_nd_0013.npy
125,14,54.9874,893.927,gen0125_theta_nd_0014.npy,gen0125_A_nd_0014.npy
125,15,61.1364,905.415,gen0125_theta_nd_0015.npy,gen0125_A_nd_0015.npy
125,16,50.9939,887.271,gen0125_theta_nd_0016.npy,gen0125_A_nd_0016.npy
125,17,48.7687,882.41,gen0125_theta_nd_0017.npy,gen0125_A_nd_0017.npy
125,18,58.1102,900.403,gen0125_theta_nd_0018.npy,gen0125_A_nd_0018.npy
125,19,47.2476,879.718,gen0125_theta_nd_0019.npy,gen0125_A_nd_0019.npy
125,20,57.1427,898.076,gen0125_theta_nd_0020.npy,gen0125_A_nd_0020.npy
125,21,45.9742,879.215,gen0125_theta_nd_0021.npy,gen0125_A_nd_0021.npy
125,22,48.5253,881.757,gen0125_theta_nd_0022.npy,gen0125_A_nd_0022.npy
125,23,56.0822,896.727,gen0125_theta_nd_0023.npy,gen0125_A_nd_0023.npy
125,24,54.1909,892.521,gen0125_theta_nd_0024.npy,gen0125_A_nd_0024.npy
125,25,55.2291,894.388,gen0125_theta_nd_0025.npy,gen0125_A_nd_0025.npy
125,26,56.5193,897.557,gen0125_theta_nd_0026.npy,gen0125_A_nd_0026.npy
125,27,54.6883,893.434,gen0125_theta_nd_0027.npy,gen0125_A_nd_0027.npy
125,28,54.3981,893.064,gen0125_theta_nd_0028.npy,gen0125_A_nd_0028.npy
125,29,59.2119,901.943,gen0125_theta_nd_0029.npy,gen0125_A_nd_0029.npy
125,30,58.8013,901.494,gen0125_theta_nd_0030.npy,gen0125_A_nd_0030.npy
125,31,50.6762,886.146,gen0125_theta_nd_0031.npy,gen0125_A_nd_0031.npy
125,32,62.7486,908.842,gen0125_theta_nd_0032.npy,gen0125_A_nd_0032.npy
125,33,62.8083,909.504,gen0125_theta_nd_0033.npy,gen0125_A_nd_0033.npy
125,34,61.9347,906.507,gen0125_theta_nd_0034.npy,gen0125_A_nd_0034.npy
125,35,60.2209,904.507,gen0125_theta_nd_0035.npy,gen0125_A_nd_0035.npy
125,36,49.0225,882.449,gen0125_theta_nd_0036.npy,gen0125_A_nd_0036.npy
125,37,57.9355,899.917,gen0125_theta_nd_0037.npy,gen0125_A_nd_0037.npy
125,38,63.1425,910.366,gen0125_theta_nd_0038.npy,gen0125_A_nd_0038.npy
125,39,59.6568,903.26,gen0125_theta_nd_0039.npy,gen0125_A_nd_0039.npy
125,40,57.6572,899.503,gen0125_theta_nd_0040.npy,gen0125_A_nd_0040.npy
125,41,52.0487,888.179,gen0125_theta_nd_0041.npy,gen0125_A_nd_0041.npy
125,42,51.4319,887.975,gen0125_theta_nd_0042.npy,gen0125_A_nd_0042.npy
125,43,55.5228,894.988,gen0125_theta_nd_0043.npy,gen0125_A_nd_0043.npy
125,44,59.4625,902.444,gen0125_theta_nd_0044.npy,gen0125_A_nd_0044.npy
125,45,50.0171,885.56,gen0125_theta_nd_0045.npy,gen0125_A_nd_0045.npy
125,46,55.5816,895.73,gen0125_theta_nd_0046.npy,gen0125_A_nd_0046.npy
125,47,62.4466,908.474,gen0125_theta_nd_0047.npy,gen0125_A_nd_0047.npy
125,48,49.9987,884.873,gen0125_theta_nd_0048.npy,gen0125_A_nd_0048.npy
125,49,53.642,891.397,gen0125_theta_nd_0049.npy,gen0125_A_nd_0049.npy
125,50,52.1631,889.61,gen0125_theta_nd_0050.npy,gen0125_A_nd_0050.npy
125,51,52.1433,888.92,gen0125_theta_nd_0051.npy,gen0125_A_nd_0051.npy
125,52,49.4076,883.105,gen0125_theta_nd_0052.npy,gen0125_A_nd_0052.npy
125,53,52.4909,889.959,gen0125_theta_nd_0053.npy,gen0125_A_nd_0053.npy
125,54,55.2292,894.819,gen0125_theta_nd_0054.npy,gen0125_A_nd_0054.npy
125,55,58.5485,900.422,gen0125_theta_nd_0055.npy,gen0125_A_nd_0055.npy
125,56,58.0862,899.94,gen0125_theta_nd_0056.npy,gen0125_A_nd_0056.npy
125,57,48.5342,881.759,gen0125_theta_nd_0057.npy,gen0125_A_nd_0057.npy
125,58,56.2221,897.032,gen0125_theta_nd_0058.npy,gen0125_A_nd_0058.npy
125,59,53.7691,892.036,gen0125_theta_nd_0059.npy,gen0125_A_nd_0059.npy
125,60,61.3394,905.725,gen0125_theta_nd_0060.npy,gen0125_A_nd_0060.npy
126,0,63.1425,910.366,gen0126_theta_nd_0000.npy,gen0126_A_nd_0000.npy
126,1,58.1102,900.403,gen0126_theta_nd_0001.npy,gen0126_A_nd_0001.npy
126,2,63.8689,910.531,gen0126_theta_nd_0002.npy,gen0126_A_nd_0002.npy
126,3,51.4319,887.975,gen0126_theta_nd_0003.npy,gen0126_A_nd_0003.npy
126,4,48.1786,881.083,gen0126_theta_nd_0004.npy,gen0126_A_nd_0004.npy
126,5,52.0258,888.063,gen0126_theta_nd_0005.npy,gen0126_A_nd_0005.npy
126,6,52.4211,889.253,gen0126_theta_nd_0006.npy,gen0126_A_nd_0006.npy
126,7,55.5228,894.988,gen0126_theta_nd_0007.npy,gen0126_A_nd_0007.npy
126,8,59.4625,902.444,gen0126_theta_nd_0008.npy,gen0126_A_nd_0008.npy
126,9,47.2476,879.718,gen0126_theta_nd_0009.npy,gen0126_A_nd_0009.npy
126,10,57.1427,898.076,gen0126_theta_nd_0010.npy,gen0126_A_nd_0010.npy
126,11,52.9632,890.546,gen0126_theta_nd_0011.npy,gen0126_A_nd_0011.npy
126,12,62.1486,906.562,gen0126_theta_nd_0012.npy,gen0126_A_nd_0012.npy
126,13,49.4076,883.105,gen0126_theta_nd_0013.npy,gen0126_A_nd_0013.npy
126,14,56.5193,897.557,gen0126_theta_nd_0014.npy,gen0126_A_nd_0014.npy
126,15,55.9769,896.352,gen0126_theta_nd_0015.npy,gen0126_A_nd_0015.npy
126,16,53.9915,891.655,gen0126_theta_nd_0016.npy,gen0126_A_nd_0016.npy
126,17,57.9815,899.906,gen0126_theta_nd_0017.npy,gen0126_A_nd_0017.npy
126,18,48.5253,881.757,gen0126_theta_nd_0018.npy,gen0126_A_nd_0018.npy
126,19,54.1909,892.521,gen0126_theta_nd_0019.npy,gen0126_A_nd_0019.npy
126,20,62.7486,908.842,gen0126_theta_nd_0020.npy,gen0126_A_nd_0020.npy
126,21,62.4466,908.474,gen0126_theta_nd_0021.npy,gen0126_A_nd_0021.npy
126,22,55.2291,894.388,gen0126_theta_nd_0022.npy,gen0126_A_nd_0022.npy
126,23,58.8013,901.494,gen0126_theta_nd_0023.npy,gen0126_A_nd_0023.npy
126,24,60.4398,904.144,gen0126_theta_nd_0024.npy,gen0126_A_nd_0024.npy
126,25,50.2798,885.74,gen0126_theta_nd_0025.npy,gen0126_A_nd_0025.npy
126,26,57.6572,899.503,gen0126_theta_nd_0026.npy,gen0126_A_nd_0026.npy
126,27,59.2119,901.943,gen0126_theta_nd_0027.npy,gen0126_A_nd_0027.npy
126,28,54.6883,893.434,gen0126_theta_nd_0028.npy,gen0126_A_nd_0028.npy
126,29,61.5702,905.66,gen0126_theta_nd_0029.npy,gen0126_A_nd_0029.npy
126,30,49.9987,884.873,gen0126_theta_nd_0030.npy,gen0126_A_nd_0030.npy
126,31,50.6762,886.146,gen0126_theta_nd_0031.npy,gen0126_A_nd_0031.npy
126,32,49.4933,883.494,gen0126_theta_nd_0032.npy,gen0126_A_nd_0032.npy
126,33,55.725,895.681,gen0126_theta_nd_0033.npy,gen0126_A_nd_0033.npy
126,34,61.8996,906.331,gen0126_theta_nd_0034.npy,gen0126_A_nd_0034.npy
126,35,49.0225,882.449,gen0126_theta_nd_0035.npy,gen0126_A_nd_0035.npy
126,36,58.6027,900.833,gen0126_theta_nd_0036.npy,gen0126_A_nd_0036.npy
126,37,60.854,904.706,gen0126_theta_nd_0037.npy,gen0126_A_nd_0037.npy
126,38,45.9742,879.215,gen0126_theta_nd_0038.npy,gen0126_A_nd_0038.npy
126,39,47.5529,880.437,gen0126_theta_nd_0039.npy,gen0126_A_nd_0039.npy
126,40,52.4909,889.959,gen0126_theta_nd_0040.npy,gen0126_A_nd_0040.npy
126,41,51.1309,886.684,gen0126_theta_nd_0041.npy,gen0126_A_nd_0041.npy
126,42,62.8083,909.504,gen0126_theta_nd_0042.npy,gen0126_A_nd_0042.npy
126,43,51.2673,887.404,gen0126_theta_nd_0043.npy,gen0126_A_nd_0043.npy
126,44,57.4204,898.826,gen0126_theta_nd_0044.npy,gen0126_A_nd_0044.npy
126,45,54.9244,893.846,gen0126_theta_nd_0045.npy,gen0126_A_nd_0045.npy
126,46,48.8112,881.98,gen0126_theta_nd_0046.npy,gen0126_A_nd_0046.npy
126,47,52.1433,888.92,gen0126_theta_nd_0047.npy,gen0126_A_nd_0047.npy
126,48,60.0746,903.711,gen0126_theta_nd_0048.npy,gen0126_A_nd_0048.npy
126,49,61.1364,905.415,gen0126_theta_nd_0049.npy,gen0126_A_nd_0049.npy
126,50,50.0171,885.56,gen0126_theta_nd_0050.npy,gen0126_A_nd_0050.npy
126,51,53.1349,890.918,gen0126_theta_nd_0051.npy,gen0126_A_nd_0051.npy
126,52,59.6601,903.352,gen0126_theta_nd_0052.npy,gen0126_A_nd_0052.npy
126,53,56.0822,896.727,gen0126_theta_nd_0053.npy,gen0126_A_nd_0053.npy
126,54,53.642,891.397,gen0126_theta_nd_0054.npy,gen0126_A_nd_0054.npy
126,55,54.3981,893.064,gen0126_theta_nd_0055.npy,gen0126_A_nd_0055.npy
126,56,61.9347,906.507,gen0126_theta_nd_0056.npy,gen0126_A_nd_0056.npy
126,57,52.0487,888.179,gen0126_theta_nd_0057.npy,gen0126_A_nd_0057.npy
126,58,59.6411,903.074,gen0126_theta_nd_0058.npy,gen0126_A_nd_0058.npy
126,59,52.1872,889.104,gen0126_theta_nd_0059.npy,gen0126_A_nd_0059.npy
126,60,49.6039,884.525,gen0126_theta_nd_0060.npy,gen0126_A_nd_0060.npy
127,0,57.6572,899.503,gen0127_theta_nd_0000.npy,gen0127_A_nd_0000.npy
127,1,53.1787,891.266,gen0127_theta_nd_0001.npy,gen0127_A_nd_0001.npy
127,2,59.7778,903.288,gen0127_theta_nd_0002.npy,gen0127_A_nd_0002.npy
127,3,59.2119,901.943,gen0127_theta_nd_0003.npy,gen0127_A_nd_0003.npy
127,4,57.4204,898.826,gen0127_theta_nd_0004.npy,gen0127_A_nd_0004.npy
127,5,49.6046,883.734,gen0127_theta_nd_0005.npy,gen0127_A_nd_0005.npy
127,6,54.9525,893.733,gen0127_theta_nd_0006.npy,gen0127_A_nd_0006.npy
127,7,52.1872,889.104,gen0127_theta_nd_0007.npy,gen0127_A_nd_0007.npy
127,8,55.2291,894.388,gen0127_theta_nd_0008.npy,gen0127_A_nd_0008.npy
127,9,57.2041,898.155,gen0127_theta_nd_0009.npy,gen0127_A_nd_0009.npy
127,10,53.1349,890.918,gen0127_theta_nd_0010.npy,gen0127_A_nd_0010.npy
127,11,51.1309,886.684,gen0127_theta_nd_0011.npy,gen0127_A_nd_0011.npy
127,12,62.7486,908.842,gen0127_theta_nd_0012.npy,gen0127_A_nd_0012.npy
127,13,59.4625,902.444,gen0127_theta_nd_0013.npy,gen0127_A_nd_0013.npy
127,14,55.5228,894.988,gen0127_theta_nd_0014.npy,gen0127_A_nd_0014.npy
127,15,55.9769,896.352,gen0127_theta_nd_0015.npy,gen0127_A_nd_0015.npy
127,16,51.2673,887.404,gen0127_theta_nd_0016.npy,gen0127_A_nd_0016.npy
127,17,49.0225,882.449,gen0127_theta_nd_0017.npy,gen0127_A_nd_0017.npy
127,18,55.8101,895.637,gen0127_theta_nd_0018.npy,gen0127_A_nd_0018.npy
127,19,49.9987,884.873,gen0127_theta_nd_0019.npy,gen0127_A_nd_0019.npy
127,20,46.2141,878.734,gen0127_theta_nd_0020.npy,gen0127_A_nd_0020.npy
127,21,61.1364,905.415,gen0127_theta_nd_0021.npy,gen0127_A_nd_0021.npy
127,22,54.1292,892.346,gen0127_theta_nd_0022.npy,gen0127_A_nd_0022.npy
127,23,61.5702,905.66,gen0127_theta_nd_0023.npy,gen0127_A_nd_0023.npy
127,24,58.8013,901.494,gen0127_theta_nd_0024.npy,gen0127_A_nd_0024.npy
127,25,61.8996,906.331,gen0127_theta_nd_0025.npy,gen0127_A_nd_0025.npy
127,26,60.854,904.706,gen0127_theta_nd_0026.npy,gen0127_A_nd_0026.npy
127,27,49.4933,883.494,gen0127_theta_nd_0027.npy,gen0127_A_nd_0027.npy
127,28,56.0822,896.727,gen0127_theta_nd_0028.npy,gen0127_A_nd_0028.npy
127,29,47.2302,879.243,gen0127_theta_nd_0029.npy,gen0127_A_nd_0029.npy
127,30,50.6876,885.95,gen0127_theta_nd_0030.npy,gen0127_A_nd_0030.npy
127,31,54.6883,893.434,gen0127_theta_nd_0031.npy,gen0127_A_nd_0031.npy
127,32,48.5253,881.757,gen0127_theta_nd_0032.npy,gen0127_A_nd_0032.npy
127,33,52.0258,888.063,gen0127_theta_nd_0033.npy,gen0127_A_nd_0033.npy
127,34,47.2476,879.718,gen0127_theta_nd_0034.npy,gen0127_A_nd_0034.npy
127,35,60.0746,903.711,gen0127_theta_nd_0035.npy,gen0127_A_nd_0035.npy
127,36,54.3751,892.621,gen0127_theta_nd_0036.npy,gen0127_A_nd_0036.npy
127,37,52.816,890.186,gen0127_theta_nd_0037.npy,gen0127_A_nd_0037.npy
127,38,63.1425,910.366,gen0127_theta_nd_0038.npy,gen0127_A_nd_0038.npy
127,39,50.3494,885.321,gen0127_theta_nd_0039.npy,gen0127_A_nd_0039.npy
127,40,62.2944,906.532,gen0127_theta_nd_0040.npy,gen0127_A_nd_0040.npy
127,41,53.9915,891.655,gen0127_theta_nd_0041.npy,gen0127_A_nd_0041.npy
127,42,62.3737,908.3,gen0127_theta_nd_0042.npy,gen0127_A_nd_0042.npy
127,43,60.3544,904.129,gen0127_theta_nd_0043.npy,gen0127_A_nd_0043.npy
127,44,52.441,889.827,gen0127_theta_nd_0044.npy,gen0127_A_nd_0044.npy
127,45,57.9815,899.906,gen0127_theta_nd_0045.npy,gen0127_A_nd_0045.npy
127,46,58.6027,900.833,gen0127_theta_nd_0046.npy,gen0127_A_nd_0046.npy
127,47,48.3424,881.447,gen0127_theta_nd_0047.npy,gen0127_A_nd_0047.npy
127,48,58.3057,900.348,gen0127_theta_nd_0048.npy,gen0127_A_nd_0048.npy
127,49,47.5529,880.437,gen0127_theta_nd_0049.npy,gen0127_A_nd_0049.npy
127,50,63.8689,910.531,gen0127_theta_nd_0050.npy,gen0127_A_nd_0050.npy
127,51,56.5193,897.557,gen0127_theta_nd_0051.npy,gen0127_A_nd_0051.npy
127,52,49.8476,884.517,gen0127_theta_nd_0052.npy,gen0127_A_nd_0052.npy
127,53,48.4412,881.477,gen0127_theta_nd_0053.npy,gen0127_A_nd_0053.npy
127,54,58.9926,901.739,gen0127_theta_nd_0054.npy,gen0127_A_nd_0054.npy
127,55,52.1433,888.92,gen0127_theta_nd_0055.npy,gen0127_A_nd_0055.npy
127,56,57.1427,898.076,gen0127_theta_nd_0056.npy,gen0127_A_nd_0056.npy
127,57,60.4398,904.144,gen0127_theta_nd_0057.npy,gen0127_A_nd_0057.npy
127,58,55.8336,896.081,gen0127_theta_nd_0058.npy,gen0127_A_nd_0058.npy
127,59,46.5125,878.939,gen0127_theta_nd_0059.npy,gen0127_A_nd_0059.npy
127,60,51.4319,887.975,gen0127_theta_nd_0060.npy,gen0127_A_nd_0060.npy
128,0,58.0219,899.752,gen0128_theta_nd_0000.npy,gen0128_A_nd_0000.npy
128,1,60.3544,904.129,gen0128_theta_nd_0001.npy,gen0128_A_nd_0001.npy
128,2,49.8476,884.517,gen0128_theta_nd_0002.npy,gen0128_A_nd_0002.npy
128,3,60.0746,903.711,gen0128_theta_nd_0003.npy,gen0128_A_nd_0003.npy
128,4,49.2781,882.737,gen0128_theta_nd_0004.npy,gen0128_A_nd_0004.npy
128,5,53.1787,891.266,gen0128_theta_nd_0005.npy,gen0128_A_nd_0005.npy
128,6,63.1425,910.366,gen0128_theta_nd_0006.npy,gen0128_A_nd_0006.npy
128,7,57.8408,899.4,gen0128_theta_nd_0007.npy,gen0128_A_nd_0007.npy
128,8,63.8689,910.531,gen0128_theta_nd_0008.npy,gen0128_A_nd_0008.npy
128,9,58.6027,900.833,gen0128_theta_nd_0009.npy,gen0128_A_nd_0009.npy
128,10,59.8468,903.186,gen0128_theta_nd_0010.npy,gen0128_A_nd_0010.npy
128,11,62.2944,906.532,gen0128_theta_nd_0011.npy,gen0128_A_nd_0011.npy
128,12,59.4625,902.444,gen0128_theta_nd_0012.npy,gen0128_A_nd_0012.npy
128,13,46.2141,878.734,gen0128_theta_nd_0013.npy,gen0128_A_nd_0013.npy
128,14,53.9915,891.655,gen0128_theta_nd_0014.npy,gen0128_A_nd_0014.npy
128,15,51.6507,888.059,gen0128_theta_nd_0015.npy,gen0128_A_nd_0015.npy
128,16,47.2476,879.718,gen0128_theta_nd_0016.npy,gen0128_A_nd_0016.npy
128,17,49.0225,882.449,gen0128_theta_nd_0017.npy,gen0128_A_nd_0017.npy
128,18,61.9098,906.069,gen0128_theta_nd_0018.npy,gen0128_A_nd_0018.npy
128,19,58.8013,901.494,gen0128_theta_nd_0019.npy,gen0128_A_nd_0019.npy
128,20,55.2617,894.26,gen0128_theta_nd_0020.npy,gen0128_A_nd_0020.npy
128,21,50.3494,885.321,gen0128_theta_nd_0021.npy,gen0128_A_nd_0021.npy
128,22,55.697,895.411,gen0128_theta_nd_0022.npy,gen0128_A_nd_0022.npy
128,23,48.3424,881.447,gen0128_theta_nd_0023.npy,gen0128_A_nd_0023.npy
128,24,52.3377,888.951,gen0128_theta_nd_0024.npy,gen0128_A_nd_0024.npy
128,25,54.1292,892.346,gen0128_theta_nd_0025.npy,gen0128_A_nd_0025.npy
128,26,51.2673,887.404,gen0128_theta_nd_0026.npy,gen0128_A_nd_0026.npy
128,27,48.5253,881.757,gen0128_theta_nd_0027.npy,gen0128_A_nd_0027.npy
128,28,47.2302,879.243,gen0128_theta_nd_0028.npy,gen0128_A_nd_0028.npy
128,29,49.6046,883.734,gen0128_theta_nd_0029.npy,gen0128_A_nd_0029.npy
128,30,61.1364,905.415,gen0128_theta_nd_0030.npy,gen0128_A_nd_0030.npy
128,31,51.1309,886.684,gen0128_theta_nd_0031.npy,gen0128_A_nd_0031.npy
128,32,47.3736,880.243,gen0128_theta_nd_0032.npy,gen0128_A_nd_0032.npy
128,33,50.6876,885.95,gen0128_theta_nd_0033.npy,gen0128_A_nd_0033.npy
128,34,55.5228,894.988,gen0128_theta_nd_0034.npy,gen0128_A_nd_0034.npy
128,35,62.3737,908.3,gen0128_theta_nd_0035.npy,gen0128_A_nd_0035.npy
128,36,57.2041,898.155,gen0128_theta_nd_0036.npy,gen0128_A_nd_0036.npy
128,37,55.9769,896.352,gen0128_theta_nd_0037.npy,gen0128_A_nd_0037.npy
128,38,60.9448,905.019,gen0128_theta_nd_0038.npy,gen0128_A_nd_0038.npy
128,39,57.4204,898.826,gen0128_theta_nd_0039.npy,gen0128_A_nd_0039.npy
128,40,54.9525,893.733,gen0128_theta_nd_0040.npy,gen0128_A_nd_0040.npy
128,41,53.1349,890.918,gen0128_theta_nd_0041.npy,gen0128_A_nd_0041.npy
128,42,48.3168,880.791,gen0128_theta_nd_0042.npy,gen0128_A_nd_0042.npy
128,43,49.4933,883.494,gen0128_theta_nd_0043.npy,gen0128_A_nd_0043.npy
128,44,61.5702,905.66,gen0128_theta_nd_0044.npy,gen0128_A_nd_0044.npy
128,45,52.816,890.186,gen0128_theta_nd_0045.npy,gen0128_A_nd_0045.npy
128,46,59.2119,901.943,gen0128_theta_nd_0046.npy,gen0128_A_nd_0046.npy
128,47,52.441,889.827,gen0128_theta_nd_0047.npy,gen0128_A_nd_0047.npy
128,48,54.6883,893.434,gen0128_theta_nd_0048.npy,gen0128_A_nd_0048.npy
128,49,56.7492,897.922,gen0128_theta_nd_0049.npy,gen0128_A_nd_0049.npy
128,50,56.5193,897.557,gen0128_theta_nd_0050.npy,gen0128_A_nd_0050.npy
128,51,49.9987,884.873,gen0128_theta_nd_0051.npy,gen0128_A_nd_0051.npy
128,52,56.0822,896.727,gen0128_theta_nd_0052.npy,gen0128_A_nd_0052.npy
128,53,54.3751,892.621,gen0128_theta_nd_0053.npy,gen0128_A_nd_0053.npy
128,54,58.3057,900.348,gen0128_theta_nd_0054.npy,gen0128_A_nd_0054.npy
128,55,62.7486,908.842,gen0128_theta_nd_0055.npy,gen0128_A_nd_0055.npy
128,56,59.5172,902.893,gen0128_theta_nd_0056.npy,gen0128_A_nd_0056.npy
128,57,55.0679,894.197,gen0128_theta_nd_0057.npy,gen0128_A_nd_0057.npy
128,58,46.5125,878.939,gen0128_theta_nd_0058.npy,gen0128_A_nd_0058.npy
128,59,58.2974,900.345,gen0128_theta_nd_0059.npy,gen0128_A_nd_0059.npy
128,60,52.1433,888.92,gen0128_theta_nd_0060.npy,gen0128_A_nd_0060.npy
129,0,58.0219,899.752,gen0129_theta_nd_0000.npy,gen0129_A_nd_0000.npy
129,1,55.0477,893.718,gen0129_theta_nd_0001.npy,gen0129_A_nd_0001.npy
129,2,57.4204,898.826,gen0129_theta_nd_0002.npy,gen0129_A_nd_0002.npy
129,3,54.3861,892.9,gen0129_theta_nd_0003.npy,gen0129_A_nd_0003.npy
129,4,55.697,895.411,gen0129_theta_nd_0004.npy,gen0129_A_nd_0004.npy
129,5,59.5172,902.893,gen0129_theta_nd_0005.npy,gen0129_A_nd_0005.npy
129,6,61.5345,905.577,gen0129_theta_nd_0006.npy,gen0129_A_nd_0006.npy
129,7,62.7486,908.842,gen0129_theta_nd_0007.npy,gen0129_A_nd_0007.npy
129,8,49.0225,882.449,gen0129_theta_nd_0008.npy,gen0129_A_nd_0008.npy
129,9,53.2643,891.215,gen0129_theta_nd_0009.npy,gen0129_A_nd_0009.npy
129,10,61.1364,905.415,gen0129_theta_nd_0010.npy,gen0129_A_nd_0010.npy
129,11,59.8468,903.186,gen0129_theta_nd_0011.npy,gen0129_A_nd_0011.npy
129,12,50.6876,885.95,gen0129_theta_nd_0012.npy,gen0129_A_nd_0012.npy
129,13,51.6507,888.059,gen0129_theta_nd_0013.npy,gen0129_A_nd_0013.npy
129,14,58.3057,900.348,gen0129_theta_nd_0014.npy,gen0129_A_nd_0014.npy
129,15,49.2781,882.737,gen0129_theta_nd_0015.npy,gen0129_A_nd_0015.npy
129,16,61.9098,906.069,gen0129_theta_nd_0016.npy,gen0129_A_nd_0016.npy
129,17,59.1623,901.577,gen0129_theta_nd_0017.npy,gen0129_A_nd_0017.npy
129,18,50.3494,885.321,gen0129_theta_nd_0018.npy,gen0129_A_nd_0018.npy
129,19,62.2944,906.532,gen0129_theta_nd_0019.npy,gen0129_A_nd_0019.npy
129,20,54.1292,892.346,gen0129_theta_nd_0020.npy,gen0129_A_nd_0020.npy
129,21,57.8408,899.4,gen0129_theta_nd_0021.npy,gen0129_A_nd_0021.npy
129,22,60.3676,904.025,gen0129_theta_nd_0022.npy,gen0129_A_nd_0022.npy
129,23,60.0746,903.711,gen0129_theta_nd_0023.npy,gen0129_A_nd_0023.npy
129,24,49.4517,883.242,gen0129_theta_nd_0024.npy,gen0129_A_nd_0024.npy
129,25,55.5228,894.988,gen0129_theta_nd_0025.npy,gen0129_A_nd_0025.npy
129,26,58.6027,900.833,gen0129_theta_nd_0026.npy,gen0129_A_nd_0026.npy
129,27,56.3454,896.863,gen0129_theta_nd_0027.npy,gen0129_A_nd_0027.npy
129,28,55.2617,894.26,gen0129_theta_nd_0028.npy,gen0129_A_nd_0028.npy
129,29,46.2141,878.734,gen0129_theta_nd_0029.npy,gen0129_A_nd_0029.npy
129,30,51.3492,887.119,gen0129_theta_nd_0030.npy,gen0129_A_nd_0030.npy
129,31,51.0095,886.633,gen0129_theta_nd_0031.npy,gen0129_A_nd_0031.npy
129,32,56.5193,897.557,gen0129_theta_nd_0032.npy,gen0129_A_nd_0032.npy
129,33,53.1349,890.918,gen0129_theta_nd_0033.npy,gen0129_A_nd_0033.npy
129,34,48.5253,881.757,gen0129_theta_nd_0034.npy,gen0129_A_nd_0034.npy
129,35,64.1026,910.527,gen0129_theta_nd_0035.npy,gen0129_A_nd_0035.npy
129,36,57.2041,898.155,gen0129_theta_nd_0036.npy,gen0129_A_nd_0036.npy
129,37,49.9987,884.873,gen0129_theta_nd_0037.npy,gen0129_A_nd_0037.npy
129,38,55.9899,895.897,gen0129_theta_nd_0038.npy,gen0129_A_nd_0038.npy
129,39,52.3377,888.951,gen0129_theta_nd_0039.npy,gen0129_A_nd_0039.npy
129,40,54.6883,893.434,gen0129_theta_nd_0040.npy,gen0129_A_nd_0040.npy
129,41,60.8698,904.664,gen0129_theta_nd_0041.npy,gen0129_A_nd_0041.npy
129,42,56.7492,897.922,gen0129_theta_nd_0042.npy,gen0129_A_nd_0042.npy
129,43,52.1433,888.92,gen0129_theta_nd_0043.npy,gen0129_A_nd_0043.npy
129,44,49.8476,884.517,gen0129_theta_nd_0044.npy,gen0129_A_nd_0044.npy
129,45,53.9915,891.655,gen0129_theta_nd_0045.npy,gen0129_A_nd_0045.npy
129,46,49.6046,883.734,gen0129_theta_nd_0046.npy,gen0129_A_nd_0046.npy
129,47,48.3168,880.791,gen0129_theta_nd_0047.npy,gen0129_A_nd_0047.npy
129,48,48.3424,881.447,gen0129_theta_nd_0048.npy,gen0129_A_nd_0048.npy
129,49,59.2119,901.943,gen0129_theta_nd_0049.npy,gen0129_A_nd_0049.npy
129,50,52.441,889.827,gen0129_theta_nd_0050.npy,gen0129_A_nd_0050.npy
129,51,47.2302,879.243,gen0129_theta_nd_0051.npy,gen0129_A_nd_0051.npy
129,52,63.2901,910.001,gen0129_theta_nd_0052.npy,gen0129_A_nd_0052.npy
129,53,62.3885,908.832,gen0129_theta_nd_0053.npy,gen0129_A_nd_0053.npy
129,54,61.5702,905.66,gen0129_theta_nd_0054.npy,gen0129_A_nd_0054.npy
129,55,47.4613,879.306,gen0129_theta_nd_0055.npy,gen0129_A_nd_0055.npy
129,56,58.8013,901.494,gen0129_theta_nd_0056.npy,gen0129_A_nd_0056.npy
129,57,58.2974,900.345,gen0129_theta_nd_0057.npy,gen0129_A_nd_0057.npy
129,58,56.4218,897.193,gen0129_theta_nd_0058.npy,gen0129_A_nd_0058.npy
129,59,54.628,893.074,gen0129_theta_nd_0059.npy,gen0129_A_nd_0059.npy
129,60,51.852,888.231,gen0129_theta_nd_0060.npy,gen0129_A_nd_0060.npy
130,0,61.3779,905.406,gen0130_theta_nd_0000.npy,gen0130_A_nd_0000.npy
130,1,46.2141,878.734,gen0130_theta_nd_0001.npy,gen0130_A_nd_0001.npy
130,2,57.2041,898.155,gen0130_theta_nd_0002.npy,gen0130_A_nd_0002.npy
130,3,55.0477,893.718,gen0130_theta_nd_0003.npy,gen0130_A_nd_0003.npy
130,4,62.7486,908.842,gen0130_theta_nd_0004.npy,gen0130_A_nd_0004.npy
130,5,61.1599,905.266,gen0130_theta_nd_0005.npy,gen0130_A_nd_0005.npy
130,6,58.7485,900.648,gen0130_theta_nd_0006.npy,gen0130_A_nd_0006.npy
130,7,48.5253,881.757,gen0130_theta_nd_0007.npy,gen0130_A_nd_0007.npy
130,8,58.0219,899.752,gen0130_theta_nd_0008.npy,gen0130_A_nd_0008.npy
130,9,49.8476,884.517,gen0130_theta_nd_0009.npy,gen0130_A_nd_0009.npy
130,10,55.9899,895.897,gen0130_theta_nd_0010.npy,gen0130_A_nd_0010.npy
130,11,53.2643,891.215,gen0130_theta_nd_0011.npy,gen0130_A_nd_0011.npy
130,12,50.6027,885.297,gen0130_theta_nd_0012.npy,gen0130_A_nd_0012.npy
130,13,53.9915,891.655,gen0130_theta_nd_0013.npy,gen0130_A_nd_0013.npy
130,14,59.1623,901.577,gen0130_theta_nd_0014.npy,gen0130_A_nd_0014.npy
130,15,55.2617,894.26,gen0130_theta_nd_0015.npy,gen0130_A_nd_0015.npy
130,16,51.7319,887.702,gen0130_theta_nd_0016.npy,gen0130_A_nd_0016.npy
130,17,51.0095,886.633,gen0130_theta_nd_0017.npy,gen0130_A_nd_0017.npy
130,18,49.2781,882.737,gen0130_theta_nd_0018.npy,gen0130_A_nd_0018.npy
130,19,52.3377,888.951,gen0130_theta_nd_0019.npy,gen0130_A_nd_0019.npy
130,20,60.0746,903.711,gen0130_theta_nd_0020.npy,gen0130_A_nd_0020.npy
130,21,51.3492,887.119,gen0130_theta_nd_0021.npy,gen0130_A_nd_0021.npy
130,22,59.8468,903.186,gen0130_theta_nd_0022.npy,gen0130_A_nd_0022.npy
130,23,55.5979,894.961,gen0130_theta_nd_0023.npy,gen0130_A_nd_0023.npy
130,24,52.6704,890.162,gen0130_theta_nd_0024.npy,gen0130_A_nd_0024.npy
130,25,56.7492,897.922,gen0130_theta_nd_0025.npy,gen0130_A_nd_0025.npy
130,26,57.4204,898.826,gen0130_theta_nd_0026.npy,gen0130_A_nd_0026.npy
130,27,49.9987,884.873,gen0130_theta_nd_0027.npy,gen0130_A_nd_0027.npy
130,28,61.6438,905.431,gen0130_theta_nd_0028.npy,gen0130_A_nd_0028.npy
130,29,50.6876,885.95,gen0130_theta_nd_0029.npy,gen0130_A_nd_0029.npy
130,30,56.3454,896.863,gen0130_theta_nd_0030.npy,gen0130_A_nd_0030.npy
130,31,61.9098,906.069,gen0130_theta_nd_0031.npy,gen0130_A_nd_0031.npy
130,32,54.6755,893.401,gen0130_theta_nd_0032.npy,gen0130_A_nd_0032.npy
130,33,56.5193,897.557,gen0130_theta_nd_0033.npy,gen0130_A_nd_0033.npy
130,34,63.3065,909.071,gen0130_theta_nd_0034.npy,gen0130_A_nd_0034.npy
130,35,49.6234,883.734,gen0130_theta_nd_0035.npy,gen0130_A_nd_0035.npy
130,36,60.4817,904.19,gen0130_theta_nd_0036.npy,gen0130_A_nd_0036.npy
130,37,62.2944,906.532,gen0130_theta_nd_0037.npy,gen0130_A_nd_0037.npy
130,38,48.3424,881.447,gen0130_theta_nd_0038.npy,gen0130_A_nd_0038.npy
130,39,48.3168,880.791,gen0130_theta_nd_0039.npy,gen0130_A_nd_0039.npy
130,40,52.5347,889.731,gen0130_theta_nd_0040.npy,gen0130_A_nd_0040.npy
130,41,55.8229,895.834,gen0130_theta_nd_0041.npy,gen0130_A_nd_0041.npy
130,42,58.3057,900.348,gen0130_theta_nd_0042.npy,gen0130_A_nd_0042.npy
130,43,51.852,888.231,gen0130_theta_nd_0043.npy,gen0130_A_nd_0043.npy
130,44,57.8408,899.4,gen0130_theta_nd_0044.npy,gen0130_A_nd_0044.npy
130,45,54.1292,892.346,gen0130_theta_nd_0045.npy,gen0130_A_nd_0045.npy
130,46,47.2302,879.243,gen0130_theta_nd_0046.npy,gen0130_A_nd_0046.npy
130,47,54.3861,892.9,gen0130_theta_nd_0047.npy,gen0130_A_nd_0047.npy
130,48,59.6083,902.75,gen0130_theta_nd_0048.npy,gen0130_A_nd_0048.npy
130,49,60.8698,904.664,gen0130_theta_nd_0049.npy,gen0130_A_nd_0049.npy
130,50,53.1349,890.918,gen0130_theta_nd_0050.npy,gen0130_A_nd_0050.npy
130,51,52.0393,888.546,gen0130_theta_nd_0051.npy,gen0130_A_nd_0051.npy
130,52,64.1026,910.527,gen0130_theta_nd_0052.npy,gen0130_A_nd_0052.npy
130,53,59.2119,901.943,gen0130_theta_nd_0053.npy,gen0130_A_nd_0053.npy
130,54,48.8164,882.166,gen0130_theta_nd_0054.npy,gen0130_A_nd_0054.npy
130,55,49.4517,883.242,gen0130_theta_nd_0055.npy,gen0130_A_nd_0055.npy
130,56,56.4218,897.193,gen0130_theta_nd_0056.npy,gen0130_A_nd_0056.npy
130,57,62.3885,908.832,gen0130_theta_nd_0057.npy,gen0130_A_nd_0057.npy
130,58,59.7366,903.123,gen0130_theta_nd_0058.npy,gen0130_A_nd_0058.npy
130,59,49.0225,882.449,gen0130_theta_nd_0059.npy,gen0130_A_nd_0059.npy
130,60,52.1433,888.92,gen0130_theta_nd_0060.npy,gen0130_A_nd_0060.npy
131,0,62.8385,908.08,gen0131_theta_nd_0000.npy,gen0131_A_nd_0000.npy
131,1,57.2041,898.155,gen0131_theta_nd_0001.npy,gen0131_A_nd_0001.npy
131,2,55.5979,894.961,gen0131_theta_nd_0002.npy,gen0131_A_nd_0002.npy
131,3,52.3377,888.951,gen0131_theta_nd_0003.npy,gen0131_A_nd_0003.npy
131,4,51.7417,888.075,gen0131_theta_nd_0004.npy,gen0131_A_nd_0004.npy
131,5,49.6634,883.684,gen0131_theta_nd_0005.npy,gen0131_A_nd_0005.npy
131,6,57.8408,899.4,gen0131_theta_nd_0006.npy,gen0131_A_nd_0006.npy
131,7,51.3465,886.955,gen0131_theta_nd_0007.npy,gen0131_A_nd_0007.npy
131,8,61.3779,905.406,gen0131_theta_nd_0008.npy,gen0131_A_nd_0008.npy
131,9,54.1292,892.346,gen0131_theta_nd_0009.npy,gen0131_A_nd_0009.npy
131,10,60.9272,904.501,gen0131_theta_nd_0010.npy,gen0131_A_nd_0010.npy
131,11,58.1252,899.969,gen0131_theta_nd_0011.npy,gen0131_A_nd_0011.npy
131,12,53.1349,890.918,gen0131_theta_nd_0012.npy,gen0131_A_nd_0012.npy
131,13,50.2434,884.896,gen0131_theta_nd_0013.npy,gen0131_A_nd_0013.npy
131,14,61.9098,906.069,gen0131_theta_nd_0014.npy,gen0131_A_nd_0014.npy
131,15,56.6452,897.494,gen0131_theta_nd_0015.npy,gen0131_A_nd_0015.npy
131,16,55.0477,893.718,gen0131_theta_nd_0016.npy,gen0131_A_nd_0016.npy
131,17,59.2119,901.943,gen0131_theta_nd_0017.npy,gen0131_A_nd_0017.npy
131,18,56.3454,896.863,gen0131_theta_nd_0018.npy,gen0131_A_nd_0018.npy
131,19,53.3474,891.231,gen0131_theta_nd_0019.npy,gen0131_A_nd_0019.npy
131,20,53.9915,891.655,gen0131_theta_nd_0020.npy,gen0131_A_nd_0020.npy
131,21,48.8164,882.166,gen0131_theta_nd_0021.npy,gen0131_A_nd_0021.npy
131,22,61.6438,905.431,gen0131_theta_nd_0022.npy,gen0131_A_nd_0022.npy
131,23,52.5347,889.731,gen0131_theta_nd_0023.npy,gen0131_A_nd_0023.npy
131,24,60.4817,904.19,gen0131_theta_nd_0024.npy,gen0131_A_nd_0024.npy
131,25,50.1229,884.431,gen0131_theta_nd_0025.npy,gen0131_A_nd_0025.npy
131,26,57.4204,898.826,gen0131_theta_nd_0026.npy,gen0131_A_nd_0026.npy
131,27,52.0393,888.546,gen0131_theta_nd_0027.npy,gen0131_A_nd_0027.npy
131,28,56.8591,897.991,gen0131_theta_nd_0028.npy,gen0131_A_nd_0028.npy
131,29,47.5818,880.043,gen0131_theta_nd_0029.npy,gen0131_A_nd_0029.npy
131,30,59.1623,901.577,gen0131_theta_nd_0030.npy,gen0131_A_nd_0030.npy
131,31,62.2944,906.532,gen0131_theta_nd_0031.npy,gen0131_A_nd_0031.npy
131,32,58.3057,900.348,gen0131_theta_nd_0032.npy,gen0131_A_nd_0032.npy
131,33,50.6027,885.297,gen0131_theta_nd_0033.npy,gen0131_A_nd_0033.npy
131,34,54.3861,892.9,gen0131_theta_nd_0034.npy,gen0131_A_nd_0034.npy
131,35,48.7448,881.817,gen0131_theta_nd_0035.npy,gen0131_A_nd_0035.npy
131,36,49.2781,882.737,gen0131_theta_nd_0036.npy,gen0131_A_nd_0036.npy
131,37,55.2617,894.26,gen0131_theta_nd_0037.npy,gen0131_A_nd_0037.npy
131,38,61.1599,905.266,gen0131_theta_nd_0038.npy,gen0131_A_nd_0038.npy
131,39,63.3065,909.071,gen0131_theta_nd_0039.npy,gen0131_A_nd_0039.npy
131,40,48.3168,880.791,gen0131_theta_nd_0040.npy,gen0131_A_nd_0040.npy
131,41,47.2302,879.243,gen0131_theta_nd_0041.npy,gen0131_A_nd_0041.npy
131,42,60.0746,903.711,gen0131_theta_nd_0042.npy,gen0131_A_nd_0042.npy
131,43,46.2141,878.734,gen0131_theta_nd_0043.npy,gen0131_A_nd_0043.npy
131,44,52.6704,890.162,gen0131_theta_nd_0044.npy,gen0131_A_nd_0044.npy
131,45,54.6755,893.401,gen0131_theta_nd_0045.npy,gen0131_A_nd_0045.npy
131,46,59.6083,902.75,gen0131_theta_nd_0046.npy,gen0131_A_nd_0046.npy
131,47,55.8229,895.834,gen0131_theta_nd_0047.npy,gen0131_A_nd_0047.npy
131,48,64.1026,910.527,gen0131_theta_nd_0048.npy,gen0131_A_nd_0048.npy
131,49,56.0597,896.652,gen0131_theta_nd_0049.npy,gen0131_A_nd_0049.npy
131,50,58.7776,900.81,gen0131_theta_nd_0050.npy,gen0131_A_nd_0050.npy
131,51,49.5145,883.221,gen0131_theta_nd_0051.npy,gen0131_A_nd_0051.npy
131,52,48.3424,881.447,gen0131_theta_nd_0052.npy,gen0131_A_nd_0052.npy
131,53,59.9498,903.144,gen0131_theta_nd_0053.npy,gen0131_A_nd_0053.npy
131,54,51.5827,887.578,gen0131_theta_nd_0054.npy,gen0131_A_nd_0054.npy
131,55,51.0095,886.633,gen0131_theta_nd_0055.npy,gen0131_A_nd_0055.npy
131,56,51.3788,887.038,gen0131_theta_nd_0056.npy,gen0131_A_nd_0056.npy
131,57,48.5253,881.757,gen0131_theta_nd_0057.npy,gen0131_A_nd_0057.npy
131,58,51.852,888.231,gen0131_theta_nd_0058.npy,gen0131_A_nd_0058.npy
131,59,56.4218,897.193,gen0131_theta_nd_0059.npy,gen0131_A_nd_0059.npy
131,60,51.8898,888.428,gen0131_theta_nd_0060.npy,gen0131_A_nd_0060.npy
132,0,51.3465,886.955,gen0132_theta_nd_0000.npy,gen0132_A_nd_0000.npy
132,1,58.4938,900.463,gen0132_theta_nd_0001.npy,gen0132_A_nd_0001.npy
132,2,56.3454,896.863,gen0132_theta_nd_0002.npy,gen0132_A_nd_0002.npy
132,3,49.8263,884.009,gen0132_theta_nd_0003.npy,gen0132_A_nd_0003.npy
132,4,46.2141,878.734,gen0132_theta_nd_0004.npy,gen0132_A_nd_0004.npy
132,5,61.6438,905.431,gen0132_theta_nd_0005.npy,gen0132_A_nd_0005.npy
132,6,62.6532,907.473,gen0132_theta_nd_0006.npy,gen0132_A_nd_0006.npy
132,7,61.3779,905.406,gen0132_theta_nd_0007.npy,gen0132_A_nd_0007.npy
132,8,53.1349,890.918,gen0132_theta_nd_0008.npy,gen0132_A_nd_0008.npy
132,9,52.7967,890.21,gen0132_theta_nd_0009.npy,gen0132_A_nd_0009.npy
132,10,55.8229,895.834,gen0132_theta_nd_0010.npy,gen0132_A_nd_0010.npy
132,11,56.8591,897.991,gen0132_theta_nd_0011.npy,gen0132_A_nd_0011.npy
132,12,50.1229,884.431,gen0132_theta_nd_0012.npy,gen0132_A_nd_0012.npy
132,13,55.0477,893.718,gen0132_theta_nd_0013.npy,gen0132_A_nd_0013.npy
132,14,57.9333,899.076,gen0132_theta_nd_0014.npy,gen0132_A_nd_0014.npy
132,15,47.5818,880.043,gen0132_theta_nd_0015.npy,gen0132_A_nd_0015.npy
132,16,48.3168,880.791,gen0132_theta_nd_0016.npy,gen0132_A_nd_0016.npy
132,17,55.9065,896.537,gen0132_theta_nd_0017.npy,gen0132_A_nd_0017.npy
132,18,50.9892,886.58,gen0132_theta_nd_0018.npy,gen0132_A_nd_0018.npy
132,19,52.0393,888.546,gen0132_theta_nd_0019.npy,gen0132_A_nd_0019.npy
132,20,59.1623,901.577,gen0132_theta_nd_0020.npy,gen0132_A_nd_0020.npy
132,21,54.1292,892.346,gen0132_theta_nd_0021.npy,gen0132_A_nd_0021.npy
132,22,54.6755,893.401,gen0132_theta_nd_0022.npy,gen0132_A_nd_0022.npy
132,23,60.0746,903.711,gen0132_theta_nd_0023.npy,gen0132_A_nd_0023.npy
132,24,62.8385,908.08,gen0132_theta_nd_0024.npy,gen0132_A_nd_0024.npy
132,25,53.3474,891.231,gen0132_theta_nd_0025.npy,gen0132_A_nd_0025.npy
132,26,59.9498,903.144,gen0132_theta_nd_0026.npy,gen0132_A_nd_0026.npy
132,27,61.9098,906.069,gen0132_theta_nd_0027.npy,gen0132_A_nd_0027.npy
132,28,54.4151,892.734,gen0132_theta_nd_0028.npy,gen0132_A_nd_0028.npy
132,29,48.3424,881.447,gen0132_theta_nd_0029.npy,gen0132_A_nd_0029.npy
132,30,55.2617,894.26,gen0132_theta_nd_0030.npy,gen0132_A_nd_0030.npy
132,31,64.1026,910.527,gen0132_theta_nd_0031.npy,gen0132_A_nd_0031.npy
132,32,58.1252,899.969,gen0132_theta_nd_0032.npy,gen0132_A_nd_0032.npy
132,33,59.2895,901.931,gen0132_theta_nd_0033.npy,gen0132_A_nd_0033.npy
132,34,50.6027,885.297,gen0132_theta_nd_0034.npy,gen0132_A_nd_0034.npy
132,35,49.2781,882.737,gen0132_theta_nd_0035.npy,gen0132_A_nd_0035.npy
132,36,51.6229,887.283,gen0132_theta_nd_0036.npy,gen0132_A_nd_0036.npy
132,37,59.6083,902.75,gen0132_theta_nd_0037.npy,gen0132_A_nd_0037.npy
132,38,58.7776,900.81,gen0132_theta_nd_0038.npy,gen0132_A_nd_0038.npy
132,39,50.2434,884.896,gen0132_theta_nd_0039.npy,gen0132_A_nd_0039.npy
132,40,62.2944,906.532,gen0132_theta_nd_0040.npy,gen0132_A_nd_0040.npy
132,41,57.2041,898.155,gen0132_theta_nd_0041.npy,gen0132_A_nd_0041.npy
132,42,63.3065,909.071,gen0132_theta_nd_0042.npy,gen0132_A_nd_0042.npy
132,43,57.4204,898.826,gen0132_theta_nd_0043.npy,gen0132_A_nd_0043.npy
132,44,60.9272,904.501,gen0132_theta_nd_0044.npy,gen0132_A_nd_0044.npy
132,45,52.5347,889.731,gen0132_theta_nd_0045.npy,gen0132_A_nd_0045.npy
132,46,51.7417,888.075,gen0132_theta_nd_0046.npy,gen0132_A_nd_0046.npy
132,47,49.5145,883.221,gen0132_theta_nd_0047.npy,gen0132_A_nd_0047.npy
132,48,60.4817,904.19,gen0132_theta_nd_0048.npy,gen0132_A_nd_0048.npy
132,49,53.9915,891.655,gen0132_theta_nd_0049.npy,gen0132_A_nd_0049.npy
132,50,55.5979,894.961,gen0132_theta_nd_0050.npy,gen0132_A_nd_0050.npy
132,51,52.3377,888.951,gen0132_theta_nd_0051.npy,gen0132_A_nd_0051.npy
132,52,47.2302,879.243,gen0132_theta_nd_0052.npy,gen0132_A_nd_0052.npy
132,53,61.1599,905.266,gen0132_theta_nd_0053.npy,gen0132_A_nd_0053.npy
132,54,48.8218,881.565,gen0132_theta_nd_0054.npy,gen0132_A_nd_0054.npy
132,55,56.6452,897.494,gen0132_theta_nd_0055.npy,gen0132_A_nd_0055.npy
132,56,55.6516,895.327,gen0132_theta_nd_0056.npy,gen0132_A_nd_0056.npy
132,57,62.512,907.218,gen0132_theta_nd_0057.npy,gen0132_A_nd_0057.npy
132,58,54.835,893.588,gen0132_theta_nd_0058.npy,gen0132_A_nd_0058.npy
132,59,55.1072,893.987,gen0132_theta_nd_0059.npy,gen0132_A_nd_0059.npy
132,60,62.8304,907.86,gen0132_theta_nd_0060.npy,gen0132_A_nd_0060.npy
133,0,48.8218,881.565,gen0133_theta_nd_0000.npy,gen0133_A_nd_0000.npy
133,1,54.7972,893.307,gen0133_theta_nd_0001.npy,gen0133_A_nd_0001.npy
133,2,53.4818,891.541,gen0133_theta_nd_0002.npy,gen0133_A_nd_0002.npy
133,3,57.4204,898.826,gen0133_theta_nd_0003.npy,gen0133_A_nd_0003.npy
133,4,51.9435,888.014,gen0133_theta_nd_0004.npy,gen0133_A_nd_0004.npy
133,5,50.9892,886.58,gen0133_theta_nd_0005.npy,gen0133_A_nd_0005.npy
133,6,53.1349,890.918,gen0133_theta_nd_0006.npy,gen0133_A_nd_0006.npy
133,7,60.0746,903.711,gen0133_theta_nd_0007.npy,gen0133_A_nd_0007.npy
133,8,57.2041,898.155,gen0133_theta_nd_0008.npy,gen0133_A_nd_0008.npy
133,9,53.9915,891.655,gen0133_theta_nd_0009.npy,gen0133_A_nd_0009.npy
133,10,50.6027,885.297,gen0133_theta_nd_0010.npy,gen0133_A_nd_0010.npy
133,11,62.8385,908.08,gen0133_theta_nd_0011.npy,gen0133_A_nd_0011.npy
133,12,49.0384,882.169,gen0133_theta_nd_0012.npy,gen0133_A_nd_0012.npy
133,13,55.2617,894.26,gen0133_theta_nd_0013.npy,gen0133_A_nd_0013.npy
133,14,52.0393,888.546,gen0133_theta_nd_0014.npy,gen0133_A_nd_0014.npy
133,15,54.4151,892.734,gen0133_theta_nd_0015.npy,gen0133_A_nd_0015.npy
133,16,61.1957,905.011,gen0133_theta_nd_0016.npy,gen0133_A_nd_0016.npy
133,17,62.2944,906.532,gen0133_theta_nd_0017.npy,gen0133_A_nd_0017.npy
133,18,52.3943,889.286,gen0133_theta_nd_0018.npy,gen0133_A_nd_0018.npy
133,19,58.9483,901.408,gen0133_theta_nd_0019.npy,gen0133_A_nd_0019.npy
133,20,49.8263,884.009,gen0133_theta_nd_0020.npy,gen0133_A_nd_0020.npy
133,21,46.2141,878.734,gen0133_theta_nd_0021.npy,gen0133_A_nd_0021.npy
133,22,50.1229,884.431,gen0133_theta_nd_0022.npy,gen0133_A_nd_0022.npy
133,23,59.6083,902.75,gen0133_theta_nd_0023.npy,gen0133_A_nd_0023.npy
133,24,51.3465,886.955,gen0133_theta_nd_0024.npy,gen0133_A_nd_0024.npy
133,25,58.4259,900.423,gen0133_theta_nd_0025.npy,gen0133_A_nd_0025.npy
133,26,47.5818,880.043,gen0133_theta_nd_0026.npy,gen0133_A_nd_0026.npy
133,27,51.6634,887.62,gen0133_theta_nd_0027.npy,gen0133_A_nd_0027.npy
133,28,58.1252,899.969,gen0133_theta_nd_0028.npy,gen0133_A_nd_0028.npy
133,29,50.2434,884.896,gen0133_theta_nd_0029.npy,gen0133_A_nd_0029.npy
133,30,56.8591,897.991,gen0133_theta_nd_0030.npy,gen0133_A_nd_0030.npy
133,31,61.8491,905.995,gen0133_theta_nd_0031.npy,gen0133_A_nd_0031.npy
133,32,56.3454,896.863,gen0133_theta_nd_0032.npy,gen0133_A_nd_0032.npy
133,33,55.5979,894.961,gen0133_theta_nd_0033.npy,gen0133_A_nd_0033.npy
133,34,62.6532,907.473,gen0133_theta_nd_0034.npy,gen0133_A_nd_0034.npy
133,35,58.7776,900.81,gen0133_theta_nd_0035.npy,gen0133_A_nd_0035.npy
133,36,57.9333,899.076,gen0133_theta_nd_0036.npy,gen0133_A_nd_0036.npy
133,37,56.7207,897.448,gen0133_theta_nd_0037.npy,gen0133_A_nd_0037.npy
133,38,55.8229,895.834,gen0133_theta_nd_0038.npy,gen0133_A_nd_0038.npy
133,39,48.3168,880.791,gen0133_theta_nd_0039.npy,gen0133_A_nd_0039.npy
133,40,49.2781,882.737,gen0133_theta_nd_0040.npy,gen0133_A_nd_0040.npy
133,41,60.9272,904.501,gen0133_theta_nd_0041.npy,gen0133_A_nd_0041.npy
133,42,61.9098,906.069,gen0133_theta_nd_0042.npy,gen0133_A_nd_0042.npy
133,43,59.9439,903.049,gen0133_theta_nd_0043.npy,gen0133_A_nd_0043.npy
133,44,49.5608,883.233,gen0133_theta_nd_0044.npy,gen0133_A_nd_0044.npy
133,45,47.2302,879.243,gen0133_theta_nd_0045.npy,gen0133_A_nd_0045.npy
133,46,52.5347,889.731,gen0133_theta_nd_0046.npy,gen0133_A_nd_0046.npy
133,47,64.1026,910.527,gen0133_theta_nd_0047.npy,gen0133_A_nd_0047.npy
133,48,52.7967,890.21,gen0133_theta_nd_0048.npy,gen0133_A_nd_0048.npy
133,49,59.2895,901.931,gen0133_theta_nd_0049.npy,gen0133_A_nd_0049.npy
133,50,48.3424,881.447,gen0133_theta_nd_0050.npy,gen0133_A_nd_0050.npy
133,51,55.9637,896.262,gen0133_theta_nd_0051.npy,gen0133_A_nd_0051.npy
133,52,54.1292,892.346,gen0133_theta_nd_0052.npy,gen0133_A_nd_0052.npy
133,53,61.3779,905.406,gen0133_theta_nd_0053.npy,gen0133_A_nd_0053.npy
133,54,63.3065,909.071,gen0133_theta_nd_0054.npy,gen0133_A_nd_0054.npy
133,55,60.49,904.193,gen0133_theta_nd_0055.npy,gen0133_A_nd_0055.npy
133,56,55.0477,893.718,gen0133_theta_nd_0056.npy,gen0133_A_nd_0056.npy
133,57,52.3377,888.951,gen0133_theta_nd_0057.npy,gen0133_A_nd_0057.npy
133,58,58.308,900.293,gen0133_theta_nd_0058.npy,gen0133_A_nd_0058.npy
133,59,55.6957,895.481,gen0133_theta_nd_0059.npy,gen0133_A_nd_0059.npy
133,60,58.8416,900.971,gen0133_theta_nd_0060.npy,gen0133_A_nd_0060.npy
134,0,57.5634,898.539,gen0134_theta_nd_0000.npy,gen0134_A_nd_0000.npy
134,1,48.8218,881.565,gen0134_theta_nd_0001.npy,gen0134_A_nd_0001.npy
134,2,51.6634,887.62,gen0134_theta_nd_0002.npy,gen0134_A_nd_0002.npy
134,3,60.9272,904.501,gen0134_theta_nd_0003.npy,gen0134_A_nd_0003.npy
134,4,57.2041,898.155,gen0134_theta_nd_0004.npy,gen0134_A_nd_0004.npy
134,5,52.5347,889.731,gen0134_theta_nd_0005.npy,gen0134_A_nd_0005.npy
134,6,55.0477,893.718,gen0134_theta_nd_0006.npy,gen0134_A_nd_0006.npy
134,7,51.3465,886.955,gen0134_theta_nd_0007.npy,gen0134_A_nd_0007.npy
134,8,55.9637,896.262,gen0134_theta_nd_0008.npy,gen0134_A_nd_0008.npy
134,9,61.9098,906.069,gen0134_theta_nd_0009.npy,gen0134_A_nd_0009.npy
134,10,52.0834,888.491,gen0134_theta_nd_0010.npy,gen0134_A_nd_0010.npy
134,11,59.2895,901.931,gen0134_theta_nd_0011.npy,gen0134_A_nd_0011.npy
134,12,61.2109,905.0,gen0134_theta_nd_0012.npy,gen0134_A_nd_0012.npy
134,13,59.6083,902.75,gen0134_theta_nd_0013.npy,gen0134_A_nd_0013.npy
134,14,49.5608,883.233,gen0134_theta_nd_0014.npy,gen0134_A_nd_0014.npy
134,15,48.3168,880.791,gen0134_theta_nd_0015.npy,gen0134_A_nd_0015.npy
134,16,58.7776,900.81,gen0134_theta_nd_0016.npy,gen0134_A_nd_0016.npy
134,17,56.8591,897.991,gen0134_theta_nd_0017.npy,gen0134_A_nd_0017.npy
134,18,62.6532,907.473,gen0134_theta_nd_0018.npy,gen0134_A_nd_0018.npy
134,19,56.3454,896.863,gen0134_theta_nd_0019.npy,gen0134_A_nd_0019.npy
134,20,49.0666,882.254,gen0134_theta_nd_0020.npy,gen0134_A_nd_0020.npy
134,21,51.9435,888.014,gen0134_theta_nd_0021.npy,gen0134_A_nd_0021.npy
134,22,61.7356,905.594,gen0134_theta_nd_0022.npy,gen0134_A_nd_0022.npy
134,23,54.8104,893.089,gen0134_theta_nd_0023.npy,gen0134_A_nd_0023.npy
134,24,61.3779,905.406,gen0134_theta_nd_0024.npy,gen0134_A_nd_0024.npy
134,25,59.9439,903.049,gen0134_theta_nd_0025.npy,gen0134_A_nd_0025.npy
134,26,50.2434,884.896,gen0134_theta_nd_0026.npy,gen0134_A_nd_0026.npy
134,27,48.7612,881.437,gen0134_theta_nd_0027.npy,gen0134_A_nd_0027.npy
134,28,54.2619,891.907,gen0134_theta_nd_0028.npy,gen0134_A_nd_0028.npy
134,29,50.1229,884.431,gen0134_theta_nd_0029.npy,gen0134_A_nd_0029.npy
134,30,46.2141,878.734,gen0134_theta_nd_0030.npy,gen0134_A_nd_0030.npy
134,31,63.3065,909.071,gen0134_theta_nd_0031.npy,gen0134_A_nd_0031.npy
134,32,50.9892,886.58,gen0134_theta_nd_0032.npy,gen0134_A_nd_0032.npy
134,33,53.9915,891.655,gen0134_theta_nd_0033.npy,gen0134_A_nd_0033.npy
134,34,58.1252,899.969,gen0134_theta_nd_0034.npy,gen0134_A_nd_0034.npy
134,35,53.4818,891.541,gen0134_theta_nd_0035.npy,gen0134_A_nd_0035.npy
134,36,54.4253,892.66,gen0134_theta_nd_0036.npy,gen0134_A_nd_0036.npy
134,37,55.2617,894.26,gen0134_theta_nd_0037.npy,gen0134_A_nd_0037.npy
134,38,64.1026,910.527,gen0134_theta_nd_0038.npy,gen0134_A_nd_0038.npy
134,39,62.2944,906.532,gen0134_theta_nd_0039.npy,gen0134_A_nd_0039.npy
134,40,49.3275,882.771,gen0134_theta_nd_0040.npy,gen0134_A_nd_0040.npy
134,41,57.9333,899.076,gen0134_theta_nd_0041.npy,gen0134_A_nd_0041.npy
134,42,49.6575,883.708,gen0134_theta_nd_0042.npy,gen0134_A_nd_0042.npy
134,43,47.8149,880.259,gen0134_theta_nd_0043.npy,gen0134_A_nd_0043.npy
134,44,52.3945,888.959,gen0134_theta_nd_0044.npy,gen0134_A_nd_0044.npy
134,45,58.9483,901.408,gen0134_theta_nd_0045.npy,gen0134_A_nd_0045.npy
134,46,53.1349,890.918,gen0134_theta_nd_0046.npy,gen0134_A_nd_0046.npy
134,47,55.5979,894.961,gen0134_theta_nd_0047.npy,gen0134_A_nd_0047.npy
134,48,58.4259,900.423,gen0134_theta_nd_0048.npy,gen0134_A_nd_0048.npy
134,49,60.5048,904.128,gen0134_theta_nd_0049.npy,gen0134_A_nd_0049.npy
134,50,62.8385,908.08,gen0134_theta_nd_0050.npy,gen0134_A_nd_0050.npy
134,51,47.2302,879.243,gen0134_theta_nd_0051.npy,gen0134_A_nd_0051.npy
134,52,50.6027,885.297,gen0134_theta_nd_0052.npy,gen0134_A_nd_0052.npy
134,53,52.8222,890.334,gen0134_theta_nd_0053.npy,gen0134_A_nd_0053.npy
134,54,55.8229,895.834,gen0134_theta_nd_0054.npy,gen0134_A_nd_0054.npy
134,55,60.0746,903.711,gen0134_theta_nd_0055.npy,gen0134_A_nd_0055.npy
134,56,56.7207,897.448,gen0134_theta_nd_0056.npy,gen0134_A_nd_0056.npy
134,57,53.3188,890.963,gen0134_theta_nd_0057.npy,gen0134_A_nd_0057.npy
134,58,55.6957,895.481,gen0134_theta_nd_0058.npy,gen0134_A_nd_0058.npy
134,59,52.3377,888.951,gen0134_theta_nd_0059.npy,gen0134_A_nd_0059.npy
134,60,49.5252,883.079,gen0134_theta_nd_0060.npy,gen0134_A_nd_0060.npy
135,0,56.3454,896.863,gen0135_theta_nd_0000.npy,gen0135_A_nd_0000.npy
135,1,60.5048,904.128,gen0135_theta_nd_0001.npy,gen0135_A_nd_0001.npy
135,2,58.1252,899.969,gen0135_theta_nd_0002.npy,gen0135_A_nd_0002.npy
135,3,56.7207,897.448,gen0135_theta_nd_0003.npy,gen0135_A_nd_0003.npy
135,4,50.2434,884.896,gen0135_theta_nd_0004.npy,gen0135_A_nd_0004.npy
135,5,55.7478,895.787,gen0135_theta_nd_0005.npy,gen0135_A_nd_0005.npy
135,6,49.5608,883.233,gen0135_theta_nd_0006.npy,gen0135_A_nd_0006.npy
135,7,52.3945,888.959,gen0135_theta_nd_0007.npy,gen0135_A_nd_0007.npy
135,8,48.9239,881.768,gen0135_theta_nd_0008.npy,gen0135_A_nd_0008.npy
135,9,52.1237,888.566,gen0135_theta_nd_0009.npy,gen0135_A_nd_0009.npy
135,10,63.3306,908.715,gen0135_theta_nd_0010.npy,gen0135_A_nd_0010.npy
135,11,48.7715,881.374,gen0135_theta_nd_0011.npy,gen0135_A_nd_0011.npy
135,12,58.7776,900.81,gen0135_theta_nd_0012.npy,gen0135_A_nd_0012.npy
135,13,62.6532,907.473,gen0135_theta_nd_0013.npy,gen0135_A_nd_0013.npy
135,14,58.9483,901.408,gen0135_theta_nd_0014.npy,gen0135_A_nd_0014.npy
135,15,62.2944,906.532,gen0135_theta_nd_0015.npy,gen0135_A_nd_0015.npy
135,16,47.8149,880.259,gen0135_theta_nd_0016.npy,gen0135_A_nd_0016.npy
135,17,55.2617,894.26,gen0135_theta_nd_0017.npy,gen0135_A_nd_0017.npy
135,18,61.7356,905.594,gen0135_theta_nd_0018.npy,gen0135_A_nd_0018.npy
135,19,47.2302,879.243,gen0135_theta_nd_0019.npy,gen0135_A_nd_0019.npy
135,20,58.4259,900.423,gen0135_theta_nd_0020.npy,gen0135_A_nd_0020.npy
135,21,57.9333,899.076,gen0135_theta_nd_0021.npy,gen0135_A_nd_0021.npy
135,22,51.3465,886.955,gen0135_theta_nd_0022.npy,gen0135_A_nd_0022.npy
135,23,62.8385,908.08,gen0135_theta_nd_0023.npy,gen0135_A_nd_0023.npy
135,24,53.2124,890.751,gen0135_theta_nd_0024.npy,gen0135_A_nd_0024.npy
135,25,60.9272,904.501,gen0135_theta_nd_0025.npy,gen0135_A_nd_0025.npy
135,26,51.63,887.59,gen0135_theta_nd_0026.npy,gen0135_A_nd_0026.npy
135,27,50.1229,884.431,gen0135_theta_nd_0027.npy,gen0135_A_nd_0027.npy
135,28,55.9637,896.262,gen0135_theta_nd_0028.npy,gen0135_A_nd_0028.npy
135,29,49.0666,882.254,gen0135_theta_nd_0029.npy,gen0135_A_nd_0029.npy
135,30,54.8104,893.089,gen0135_theta_nd_0030.npy,gen0135_A_nd_0030.npy
135,31,61.3779,905.406,gen0135_theta_nd_0031.npy,gen0135_A_nd_0031.npy
135,32,50.6027,885.297,gen0135_theta_nd_0032.npy,gen0135_A_nd_0032.npy
135,33,53.9915,891.655,gen0135_theta_nd_0033.npy,gen0135_A_nd_0033.npy
135,34,49.3275,882.771,gen0135_theta_nd_0034.npy,gen0135_A_nd_0034.npy
135,35,49.6575,883.708,gen0135_theta_nd_0035.npy,gen0135_A_nd_0035.npy
135,36,60.0746,903.711,gen0135_theta_nd_0036.npy,gen0135_A_nd_0036.npy
135,37,57.2041,898.155,gen0135_theta_nd_0037.npy,gen0135_A_nd_0037.npy
135,38,61.9098,906.069,gen0135_theta_nd_0038.npy,gen0135_A_nd_0038.npy
135,39,52.5863,889.785,gen0135_theta_nd_0039.npy,gen0135_A_nd_0039.npy
135,40,54.4253,892.66,gen0135_theta_nd_0040.npy,gen0135_A_nd_0040.npy
135,41,59.9439,903.049,gen0135_theta_nd_0041.npy,gen0135_A_nd_0041.npy
135,42,56.8591,897.991,gen0135_theta_nd_0042.npy,gen0135_A_nd_0042.npy
135,43,55.5979,894.961,gen0135_theta_nd_0043.npy,gen0135_A_nd_0043.npy
135,44,48.3168,880.791,gen0135_theta_nd_0044.npy,gen0135_A_nd_0044.npy
135,45,54.2619,891.907,gen0135_theta_nd_0045.npy,gen0135_A_nd_0045.npy
135,46,52.8222,890.334,gen0135_theta_nd_0046.npy,gen0135_A_nd_0046.npy
135,47,61.2493,904.919,gen0135_theta_nd_0047.npy,gen0135_A_nd_0047.npy
135,48,59.6083,902.75,gen0135_theta_nd_0048.npy,gen0135_A_nd_0048.npy
135,49,50.9892,886.58,gen0135_theta_nd_0049.npy,gen0135_A_nd_0049.npy
135,50,64.1026,910.527,gen0135_theta_nd_0050.npy,gen0135_A_nd_0050.npy
135,51,57.5634,898.539,gen0135_theta_nd_0051.npy,gen0135_A_nd_0051.npy
135,52,46.2141,878.734,gen0135_theta_nd_0052.npy,gen0135_A_nd_0052.npy
135,53,51.9435,888.014,gen0135_theta_nd_0053.npy,gen0135_A_nd_0053.npy
135,54,55.0477,893.718,gen0135_theta_nd_0054.npy,gen0135_A_nd_0054.npy
135,55,59.3331,902.072,gen0135_theta_nd_0055.npy,gen0135_A_nd_0055.npy
135,56,51.3733,887.156,gen0135_theta_nd_0056.npy,gen0135_A_nd_0056.npy
135,57,57.0754,898.126,gen0135_theta_nd_0057.npy,gen0135_A_nd_0057.npy
135,58,55.3101,894.561,gen0135_theta_nd_0058.npy,gen0135_A_nd_0058.npy
135,59,49.5252,883.079,gen0135_theta_nd_0059.npy,gen0135_A_nd_0059.npy
135,60,52.3377,888.951,gen0135_theta_nd_0060.npy,gen0135_A_nd_0060.npy
136,0,62.6532,907.473,gen0136_theta_nd_0000.npy,gen0136_A_nd_0000.npy
136,1,46.2141,878.734,gen0136_theta_nd_0001.npy,gen0136_A_nd_0001.npy
136,2,62.3694,906.638,gen0136_theta_nd_0002.npy,gen0136_A_nd_0002.npy
136,3,49.0666,882.254,gen0136_theta_nd_0003.npy,gen0136_A_nd_0003.npy
136,4,52.8222,890.334,gen0136_theta_nd_0004.npy,gen0136_A_nd_0004.npy
136,5,52.3945,888.959,gen0136_theta_nd_0005.npy,gen0136_A_nd_0005.npy
136,6,61.3779,905.406,gen0136_theta_nd_0006.npy,gen0136_A_nd_0006.npy
136,7,55.5979,894.961,gen0136_theta_nd_0007.npy,gen0136_A_nd_0007.npy
136,8,51.3465,886.955,gen0136_theta_nd_0008.npy,gen0136_A_nd_0008.npy
136,9,56.3454,896.863,gen0136_theta_nd_0009.npy,gen0136_A_nd_0009.npy
136,10,54.8104,893.089,gen0136_theta_nd_0010.npy,gen0136_A_nd_0010.npy
136,11,48.606,881.077,gen0136_theta_nd_0011.npy,gen0136_A_nd_0011.npy
136,12,53.2124,890.751,gen0136_theta_nd_0012.npy,gen0136_A_nd_0012.npy
136,13,51.63,887.59,gen0136_theta_nd_0013.npy,gen0136_A_nd_0013.npy
136,14,63.6196,910.312,gen0136_theta_nd_0014.npy,gen0136_A_nd_0014.npy
136,15,55.0477,893.718,gen0136_theta_nd_0015.npy,gen0136_A_nd_0015.npy
136,16,58.4259,900.423,gen0136_theta_nd_0016.npy,gen0136_A_nd_0016.npy
136,17,48.3168,880.791,gen0136_theta_nd_0017.npy,gen0136_A_nd_0017.npy
136,18,49.5608,883.233,gen0136_theta_nd_0018.npy,gen0136_A_nd_0018.npy
136,19,50.6027,885.297,gen0136_theta_nd_0019.npy,gen0136_A_nd_0019.npy
136,20,58.3156,899.768,gen0136_theta_nd_0020.npy,gen0136_A_nd_0020.npy
136,21,60.936,904.147,gen0136_theta_nd_0021.npy,gen0136_A_nd_0021.npy
136,22,47.8149,880.259,gen0136_theta_nd_0022.npy,gen0136_A_nd_0022.npy
136,23,48.9239,881.768,gen0136_theta_nd_0023.npy,gen0136_A_nd_0023.npy
136,24,56.8591,897.991,gen0136_theta_nd_0024.npy,gen0136_A_nd_0024.npy
136,25,57.5634,898.539,gen0136_theta_nd_0025.npy,gen0136_A_nd_0025.npy
136,26,59.6083,902.75,gen0136_theta_nd_0026.npy,gen0136_A_nd_0026.npy
136,27,60.5048,904.128,gen0136_theta_nd_0027.npy,gen0136_A_nd_0027.npy
136,28,47.2302,879.243,gen0136_theta_nd_0028.npy,gen0136_A_nd_0028.npy
136,29,61.2493,904.919,gen0136_theta_nd_0029.npy,gen0136_A_nd_0029.npy
136,30,47.5626,879.732,gen0136_theta_nd_0030.npy,gen0136_A_nd_0030.npy
136,31,49.8621,883.588,gen0136_theta_nd_0031.npy,gen0136_A_nd_0031.npy
136,32,53.9915,891.655,gen0136_theta_nd_0032.npy,gen0136_A_nd_0032.npy
136,33,55.9637,896.262,gen0136_theta_nd_0033.npy,gen0136_A_nd_0033.npy
136,34,55.7478,895.787,gen0136_theta_nd_0034.npy,gen0136_A_nd_0034.npy
136,35,50.9892,886.58,gen0136_theta_nd_0035.npy,gen0136_A_nd_0035.npy
136,36,54.3226,892.06,gen0136_theta_nd_0036.npy,gen0136_A_nd_0036.npy
136,37,50.1229,884.431,gen0136_theta_nd_0037.npy,gen0136_A_nd_0037.npy
136,38,52.5863,889.785,gen0136_theta_nd_0038.npy,gen0136_A_nd_0038.npy
136,39,49.3275,882.771,gen0136_theta_nd_0039.npy,gen0136_A_nd_0039.npy
136,40,59.9439,903.049,gen0136_theta_nd_0040.npy,gen0136_A_nd_0040.npy
136,41,55.4038,894.35,gen0136_theta_nd_0041.npy,gen0136_A_nd_0041.npy
136,42,61.738,905.777,gen0136_theta_nd_0042.npy,gen0136_A_nd_0042.npy
136,43,52.1237,888.566,gen0136_theta_nd_0043.npy,gen0136_A_nd_0043.npy
136,44,62.8385,908.08,gen0136_theta_nd_0044.npy,gen0136_A_nd_0044.npy
136,45,58.7776,900.81,gen0136_theta_nd_0045.npy,gen0136_A_nd_0045.npy
136,46,56.7207,897.448,gen0136_theta_nd_0046.npy,gen0136_A_nd_0046.npy
136,47,63.3306,908.715,gen0136_theta_nd_0047.npy,gen0136_A_nd_0047.npy
136,48,59.397,901.662,gen0136_theta_nd_0048.npy,gen0136_A_nd_0048.npy
136,49,51.9914,887.948,gen0136_theta_nd_0049.npy,gen0136_A_nd_0049.npy
136,50,54.4253,892.66,gen0136_theta_nd_0050.npy,gen0136_A_nd_0050.npy
136,51,64.1026,910.527,gen0136_theta_nd_0051.npy,gen0136_A_nd_0051.npy
136,52,59.0078,901.649,gen0136_theta_nd_0052.npy,gen0136_A_nd_0052.npy
136,53,57.4034,898.052,gen0136_theta_nd_0053.npy,gen0136_A_nd_0053.npy
136,54,61.9098,906.069,gen0136_theta_nd_0054.npy,gen0136_A_nd_0054.npy
136,55,50.2434,884.896,gen0136_theta_nd_0055.npy,gen0136_A_nd_0055.npy
136,56,57.9333,899.076,gen0136_theta_nd_0056.npy,gen0136_A_nd_0056.npy
136,57,58.9483,901.408,gen0136_theta_nd_0057.npy,gen0136_A_nd_0057.npy
136,58,51.3733,887.156,gen0136_theta_nd_0058.npy,gen0136_A_nd_0058.npy
136,59,57.9848,899.265,gen0136_theta_nd_0059.npy,gen0136_A_nd_0059.npy
136,60,60.4667,903.941,gen0136_theta_nd_0060.npy,gen0136_A_nd_0060.npy
137,0,52.8222,890.334,gen0137_theta_nd_0000.npy,gen0137_A_nd_0000.npy
137,1,50.6711,885.671,gen0137_theta_nd_0001.npy,gen0137_A_nd_0001.npy
137,2,51.1424,886.176,gen0137_theta_nd_0002.npy,gen0137_A_nd_0002.npy
137,3,58.4957,899.92,gen0137_theta_nd_0003.npy,gen0137_A_nd_0003.npy
137,4,61.9098,906.069,gen0137_theta_nd_0004.npy,gen0137_A_nd_0004.npy
137,5,50.1229,884.431,gen0137_theta_nd_0005.npy,gen0137_A_nd_0005.npy
137,6,57.9333,899.076,gen0137_theta_nd_0006.npy,gen0137_A_nd_0006.npy
137,7,48.606,881.077,gen0137_theta_nd_0007.npy,gen0137_A_nd_0007.npy
137,8,53.2124,890.751,gen0137_theta_nd_0008.npy,gen0137_A_nd_0008.npy
137,9,62.6532,907.473,gen0137_theta_nd_0009.npy,gen0137_A_nd_0009.npy
137,10,51.3465,886.955,gen0137_theta_nd_0010.npy,gen0137_A_nd_0010.npy
137,11,52.3945,888.959,gen0137_theta_nd_0011.npy,gen0137_A_nd_0011.npy
137,12,51.6063,887.358,gen0137_theta_nd_0012.npy,gen0137_A_nd_0012.npy
137,13,58.3156,899.768,gen0137_theta_nd_0013.npy,gen0137_A_nd_0013.npy
137,14,64.1026,910.527,gen0137_theta_nd_0014.npy,gen0137_A_nd_0014.npy
137,15,58.7776,900.81,gen0137_theta_nd_0015.npy,gen0137_A_nd_0015.npy
137,16,62.3694,906.638,gen0137_theta_nd_0016.npy,gen0137_A_nd_0016.npy
137,17,52.1237,888.566,gen0137_theta_nd_0017.npy,gen0137_A_nd_0017.npy
137,18,47.8149,880.259,gen0137_theta_nd_0018.npy,gen0137_A_nd_0018.npy
137,19,48.9239,881.768,gen0137_theta_nd_0019.npy,gen0137_A_nd_0019.npy
137,20,55.0477,893.718,gen0137_theta_nd_0020.npy,gen0137_A_nd_0020.npy
137,21,47.2302,879.243,gen0137_theta_nd_0021.npy,gen0137_A_nd_0021.npy
137,22,56.3454,896.863,gen0137_theta_nd_0022.npy,gen0137_A_nd_0022.npy
137,23,54.6123,892.486,gen0137_theta_nd_0023.npy,gen0137_A_nd_0023.npy
137,24,56.8591,897.991,gen0137_theta_nd_0024.npy,gen0137_A_nd_0024.npy
137,25,57.6283,898.644,gen0137_theta_nd_0025.npy,gen0137_A_nd_0025.npy
137,26,49.0666,882.254,gen0137_theta_nd_0026.npy,gen0137_A_nd_0026.npy
137,27,60.936,904.147,gen0137_theta_nd_0027.npy,gen0137_A_nd_0027.npy
137,28,63.435,909.071,gen0137_theta_nd_0028.npy,gen0137_A_nd_0028.npy
137,29,55.4038,894.35,gen0137_theta_nd_0029.npy,gen0137_A_nd_0029.npy
137,30,49.3275,882.771,gen0137_theta_nd_0030.npy,gen0137_A_nd_0030.npy
137,31,49.8621,883.588,gen0137_theta_nd_0031.npy,gen0137_A_nd_0031.npy
137,32,55.7478,895.787,gen0137_theta_nd_0032.npy,gen0137_A_nd_0032.npy
137,33,55.9637,896.262,gen0137_theta_nd_0033.npy,gen0137_A_nd_0033.npy
137,34,48.3168,880.791,gen0137_theta_nd_0034.npy,gen0137_A_nd_0034.npy
137,35,60.5048,904.128,gen0137_theta_nd_0035.npy,gen0137_A_nd_0035.npy
137,36,54.3226,892.06,gen0137_theta_nd_0036.npy,gen0137_A_nd_0036.npy
137,37,55.5979,894.961,gen0137_theta_nd_0037.npy,gen0137_A_nd_0037.npy
137,38,63.3306,908.715,gen0137_theta_nd_0038.npy,gen0137_A_nd_0038.npy
137,39,46.2141,878.734,gen0137_theta_nd_0039.npy,gen0137_A_nd_0039.npy
137,40,61.2493,904.919,gen0137_theta_nd_0040.npy,gen0137_A_nd_0040.npy
137,41,54.0303,891.506,gen0137_theta_nd_0041.npy,gen0137_A_nd_0041.npy
137,42,47.5626,879.732,gen0137_theta_nd_0042.npy,gen0137_A_nd_0042.npy
137,43,59.0078,901.649,gen0137_theta_nd_0043.npy,gen0137_A_nd_0043.npy
137,44,62.9942,908.217,gen0137_theta_nd_0044.npy,gen0137_A_nd_0044.npy
137,45,52.5863,889.785,gen0137_theta_nd_0045.npy,gen0137_A_nd_0045.npy
137,46,61.3779,905.406,gen0137_theta_nd_0046.npy,gen0137_A_nd_0046.npy
137,47,59.397,901.662,gen0137_theta_nd_0047.npy,gen0137_A_nd_0047.npy
137,48,51.9914,887.948,gen0137_theta_nd_0048.npy,gen0137_A_nd_0048.npy
137,49,61.8015,905.588,gen0137_theta_nd_0049.npy,gen0137_A_nd_0049.npy
137,50,59.627,902.72,gen0137_theta_nd_0050.npy,gen0137_A_nd_0050.npy
137,51,50.2434,884.896,gen0137_theta_nd_0051.npy,gen0137_A_nd_0051.npy
137,52,56.5609,897.276,gen0137_theta_nd_0052.npy,gen0137_A_nd_0052.npy
137,53,59.9439,903.049,gen0137_theta_nd_0053.npy,gen0137_A_nd_0053.npy
137,54,57.4034,898.052,gen0137_theta_nd_0054.npy,gen0137_A_nd_0054.npy
137,55,49.5608,883.233,gen0137_theta_nd_0055.npy,gen0137_A_nd_0055.npy
137,56,54.8104,893.089,gen0137_theta_nd_0056.npy,gen0137_A_nd_0056.npy
137,57,50.6027,885.297,gen0137_theta_nd_0057.npy,gen0137_A_nd_0057.npy
137,58,61.6111,905.563,gen0137_theta_nd_0058.npy,gen0137_A_nd_0058.npy
137,59,59.9457,903.398,gen0137_theta_nd_0059.npy,gen0137_A_nd_0059.npy
137,60,59.0028,901.133,gen0137_theta_nd_0060.npy,gen0137_A_nd_0060.npy
138,0,49.3275,882.771,gen0138_theta_nd_0000.npy,gen0138_A_nd_0000.npy
138,1,54.0303,891.506,gen0138_theta_nd_0001.npy,gen0138_A_nd_0001.npy
138,2,51.1424,886.176,gen0138_theta_nd_0002.npy,gen0138_A_nd_0002.npy
138,3,59.397,901.662,gen0138_theta_nd_0003.npy,gen0138_A_nd_0003.npy
138,4,54.3226,892.06,gen0138_theta_nd_0004.npy,gen0138_A_nd_0004.npy
138,5,57.4034,898.052,gen0138_theta_nd_0005.npy,gen0138_A_nd_0005.npy
138,6,61.3779,905.406,gen0138_theta_nd_0006.npy,gen0138_A_nd_0006.npy
138,7,59.9439,903.049,gen0138_theta_nd_0007.npy,gen0138_A_nd_0007.npy
138,8,48.3168,880.791,gen0138_theta_nd_0008.npy,gen0138_A_nd_0008.npy
138,9,52.4611,889.125,gen0138_theta_nd_0009.npy,gen0138_A_nd_0009.npy
138,10,55.0477,893.718,gen0138_theta_nd_0010.npy,gen0138_A_nd_0010.npy
138,11,55.4038,894.35,gen0138_theta_nd_0011.npy,gen0138_A_nd_0011.npy
138,12,54.6123,892.486,gen0138_theta_nd_0012.npy,gen0138_A_nd_0012.npy
138,13,54.8104,893.089,gen0138_theta_nd_0013.npy,gen0138_A_nd_0013.npy
138,14,57.9333,899.076,gen0138_theta_nd_0014.npy,gen0138_A_nd_0014.npy
138,15,58.7822,900.584,gen0138_theta_nd_0015.npy,gen0138_A_nd_0015.npy
138,16,49.5608,883.233,gen0138_theta_nd_0016.npy,gen0138_A_nd_0016.npy
138,17,46.2141,878.734,gen0138_theta_nd_0017.npy,gen0138_A_nd_0017.npy
138,18,51.9914,887.948,gen0138_theta_nd_0018.npy,gen0138_A_nd_0018.npy
138,19,61.9098,906.069,gen0138_theta_nd_0019.npy,gen0138_A_nd_0019.npy
138,20,58.4957,899.92,gen0138_theta_nd_0020.npy,gen0138_A_nd_0020.npy
138,21,61.8015,905.588,gen0138_theta_nd_0021.npy,gen0138_A_nd_0021.npy
138,22,49.0666,882.254,gen0138_theta_nd_0022.npy,gen0138_A_nd_0022.npy
138,23,56.3454,896.863,gen0138_theta_nd_0023.npy,gen0138_A_nd_0023.npy
138,24,48.9239,881.768,gen0138_theta_nd_0024.npy,gen0138_A_nd_0024.npy
138,25,56.5609,897.276,gen0138_theta_nd_0025.npy,gen0138_A_nd_0025.npy
138,26,47.5626,879.732,gen0138_theta_nd_0026.npy,gen0138_A_nd_0026.npy
138,27,50.6027,885.297,gen0138_theta_nd_0027.npy,gen0138_A_nd_0027.npy
138,28,50.6711,885.671,gen0138_theta_nd_0028.npy,gen0138_A_nd_0028.npy
138,29,59.557,902.524,gen0138_theta_nd_0029.npy,gen0138_A_nd_0029.npy
138,30,60.936,904.147,gen0138_theta_nd_0030.npy,gen0138_A_nd_0030.npy
138,31,64.1026,910.527,gen0138_theta_nd_0031.npy,gen0138_A_nd_0031.npy
138,32,49.8621,883.588,gen0138_theta_nd_0032.npy,gen0138_A_nd_0032.npy
138,33,57.6283,898.644,gen0138_theta_nd_0033.npy,gen0138_A_nd_0033.npy
138,34,61.2493,904.919,gen0138_theta_nd_0034.npy,gen0138_A_nd_0034.npy
138,35,51.3465,886.955,gen0138_theta_nd_0035.npy,gen0138_A_nd_0035.npy
138,36,52.5863,889.785,gen0138_theta_nd_0036.npy,gen0138_A_nd_0036.npy
138,37,62.6532,907.473,gen0138_theta_nd_0037.npy,gen0138_A_nd_0037.npy
138,38,62.8473,908.119,gen0138_theta_nd_0038.npy,gen0138_A_nd_0038.npy
138,39,63.3306,908.715,gen0138_theta_nd_0039.npy,gen0138_A_nd_0039.npy
138,40,55.5979,894.961,gen0138_theta_nd_0040.npy,gen0138_A_nd_0040.npy
138,41,53.2124,890.751,gen0138_theta_nd_0041.npy,gen0138_A_nd_0041.npy
138,42,50.0313,884.382,gen0138_theta_nd_0042.npy,gen0138_A_nd_0042.npy
138,43,56.8591,897.991,gen0138_theta_nd_0043.npy,gen0138_A_nd_0043.npy
138,44,47.2302,879.243,gen0138_theta_nd_0044.npy,gen0138_A_nd_0044.npy
138,45,50.2434,884.896,gen0138_theta_nd_0045.npy,gen0138_A_nd_0045.npy
138,46,48.606,881.077,gen0138_theta_nd_0046.npy,gen0138_A_nd_0046.npy
138,47,59.0078,901.649,gen0138_theta_nd_0047.npy,gen0138_A_nd_0047.npy
138,48,52.1237,888.566,gen0138_theta_nd_0048.npy,gen0138_A_nd_0048.npy
138,49,62.3694,906.638,gen0138_theta_nd_0049.npy,gen0138_A_nd_0049.npy
138,50,55.7478,895.787,gen0138_theta_nd_0050.npy,gen0138_A_nd_0050.npy
138,51,58.3156,899.768,gen0138_theta_nd_0051.npy,gen0138_A_nd_0051.npy
138,52,52.8222,890.334,gen0138_theta_nd_0052.npy,gen0138_A_nd_0052.npy
138,53,55.9637,896.262,gen0138_theta_nd_0053.npy,gen0138_A_nd_0053.npy
138,54,63.435,909.071,gen0138_theta_nd_0054.npy,gen0138_A_nd_0054.npy
138,55,60.0577,903.698,gen0138_theta_nd_0055.npy,gen0138_A_nd_0055.npy
138,56,51.6063,887.358,gen0138_theta_nd_0056.npy,gen0138_A_nd_0056.npy
138,57,60.5048,904.128,gen0138_theta_nd_0057.npy,gen0138_A_nd_0057.npy
138,58,55.4998,894.604,gen0138_theta_nd_0058.npy,gen0138_A_nd_0058.npy
138,59,47.8855,879.958,gen0138_theta_nd_0059.npy,gen0138_A_nd_0059.npy
138,60,49.1896,882.422,gen0138_theta_nd_0060.npy,gen0138_A_nd_0060.npy
139,0,49.3275,882.771,gen0139_theta_nd_0000.npy,gen0139_A_nd_0000.npy
139,1,56.1828,896.19,gen0139_theta_nd_0001.npy,gen0139_A_nd_0001.npy
139,2,51.1424,886.176,gen0139_theta_nd_0002.npy,gen0139_A_nd_0002.npy
139,3,50.9006,885.745,gen0139_theta_nd_0003.npy,gen0139_A_nd_0003.npy
139,4,50.2434,884.896,gen0139_theta_nd_0004.npy,gen0139_A_nd_0004.npy
139,5,59.557,902.524,gen0139_theta_nd_0005.npy,gen0139_A_nd_0005.npy
139,6,50.6027,885.297,gen0139_theta_nd_0006.npy,gen0139_A_nd_0006.npy
139,7,58.3156,899.768,gen0139_theta_nd_0007.npy,gen0139_A_nd_0007.npy
139,8,56.3527,896.8,gen0139_theta_nd_0008.npy,gen0139_A_nd_0008.npy
139,9,56.5609,897.276,gen0139_theta_nd_0009.npy,gen0139_A_nd_0009.npy
139,10,59.0856,901.179,gen0139_theta_nd_0010.npy,gen0139_A_nd_0010.npy
139,11,57.9333,899.076,gen0139_theta_nd_0011.npy,gen0139_A_nd_0011.npy
139,12,54.0303,891.506,gen0139_theta_nd_0012.npy,gen0139_A_nd_0012.npy
139,13,46.2141,878.734,gen0139_theta_nd_0013.npy,gen0139_A_nd_0013.npy
139,14,61.9098,906.069,gen0139_theta_nd_0014.npy,gen0139_A_nd_0014.npy
139,15,47.5626,879.732,gen0139_theta_nd_0015.npy,gen0139_A_nd_0015.npy
139,16,55.0477,893.718,gen0139_theta_nd_0016.npy,gen0139_A_nd_0016.npy
139,17,51.6932,887.333,gen0139_theta_nd_0017.npy,gen0139_A_nd_0017.npy
139,18,51.9914,887.948,gen0139_theta_nd_0018.npy,gen0139_A_nd_0018.npy
139,19,52.8222,890.334,gen0139_theta_nd_0019.npy,gen0139_A_nd_0019.npy
139,20,60.936,904.147,gen0139_theta_nd_0020.npy,gen0139_A_nd_0020.npy
139,21,52.1237,888.566,gen0139_theta_nd_0021.npy,gen0139_A_nd_0021.npy
139,22,53.2124,890.751,gen0139_theta_nd_0022.npy,gen0139_A_nd_0022.npy
139,23,59.9439,903.049,gen0139_theta_nd_0023.npy,gen0139_A_nd_0023.npy
139,24,55.4038,894.35,gen0139_theta_nd_0024.npy,gen0139_A_nd_0024.npy
139,25,50.0313,884.382,gen0139_theta_nd_0025.npy,gen0139_A_nd_0025.npy
139,26,54.6123,892.486,gen0139_theta_nd_0026.npy,gen0139_A_nd_0026.npy
139,27,49.5608,883.233,gen0139_theta_nd_0027.npy,gen0139_A_nd_0027.npy
139,28,49.0148,881.61,gen0139_theta_nd_0028.npy,gen0139_A_nd_0028.npy
139,29,58.7822,900.584,gen0139_theta_nd_0029.npy,gen0139_A_nd_0029.npy
139,30,61.2493,904.919,gen0139_theta_nd_0030.npy,gen0139_A_nd_0030.npy
139,31,48.606,881.077,gen0139_theta_nd_0031.npy,gen0139_A_nd_0031.npy
139,32,62.8473,908.119,gen0139_theta_nd_0032.npy,gen0139_A_nd_0032.npy
139,33,47.2302,879.243,gen0139_theta_nd_0033.npy,gen0139_A_nd_0033.npy
139,34,63.5367,908.65,gen0139_theta_nd_0034.npy,gen0139_A_nd_0034.npy
139,35,60.5048,904.128,gen0139_theta_nd_0035.npy,gen0139_A_nd_0035.npy
139,36,52.5863,889.785,gen0139_theta_nd_0036.npy,gen0139_A_nd_0036.npy
139,37,56.8591,897.991,gen0139_theta_nd_0037.npy,gen0139_A_nd_0037.npy
139,38,55.5979,894.961,gen0139_theta_nd_0038.npy,gen0139_A_nd_0038.npy
139,39,60.0803,903.533,gen0139_theta_nd_0039.npy,gen0139_A_nd_0039.npy
139,40,55.7478,895.787,gen0139_theta_nd_0040.npy,gen0139_A_nd_0040.npy
139,41,48.3168,880.791,gen0139_theta_nd_0041.npy,gen0139_A_nd_0041.npy
139,42,54.8104,893.089,gen0139_theta_nd_0042.npy,gen0139_A_nd_0042.npy
139,43,52.4611,889.125,gen0139_theta_nd_0043.npy,gen0139_A_nd_0043.npy
139,44,57.4034,898.052,gen0139_theta_nd_0044.npy,gen0139_A_nd_0044.npy
139,45,58.4957,899.92,gen0139_theta_nd_0045.npy,gen0139_A_nd_0045.npy
139,46,64.1026,910.527,gen0139_theta_nd_0046.npy,gen0139_A_nd_0046.npy
139,47,61.3779,905.406,gen0139_theta_nd_0047.npy,gen0139_A_nd_0047.npy
139,48,57.6283,898.644,gen0139_theta_nd_0048.npy,gen0139_A_nd_0048.npy
139,49,62.6532,907.473,gen0139_theta_nd_0049.npy,gen0139_A_nd_0049.npy
139,50,62.3694,906.638,gen0139_theta_nd_0050.npy,gen0139_A_nd_0050.npy
139,51,59.397,901.662,gen0139_theta_nd_0051.npy,gen0139_A_nd_0051.npy
139,52,54.3226,892.06,gen0139_theta_nd_0052.npy,gen0139_A_nd_0052.npy
139,53,61.8015,905.588,gen0139_theta_nd_0053.npy,gen0139_A_nd_0053.npy
139,54,49.0666,882.254,gen0139_theta_nd_0054.npy,gen0139_A_nd_0054.npy
139,55,49.9034,883.64,gen0139_theta_nd_0055.npy,gen0139_A_nd_0055.npy
139,56,51.3465,886.955,gen0139_theta_nd_0056.npy,gen0139_A_nd_0056.npy
139,57,56.2864,896.559,gen0139_theta_nd_0057.npy,gen0139_A_nd_0057.npy
139,58,55.1692,893.856,gen0139_theta_nd_0058.npy,gen0139_A_nd_0058.npy
139,59,59.9802,903.219,gen0139_theta_nd_0059.npy,gen0139_A_nd_0059.npy
139,60,58.7103,900.311,gen0139_theta_nd_0060.npy,gen0139_A_nd_0060.npy
140,0,58.7822,900.584,gen0140_theta_nd_0000.npy,gen0140_A_nd_0000.npy
140,1,61.8015,905.588,gen0140_theta_nd_0001.npy,gen0140_A_nd_0001.npy
140,2,59.0856,901.179,gen0140_theta_nd_0002.npy,gen0140_A_nd_0002.npy
140,3,55.7478,895.787,gen0140_theta_nd_0003.npy,gen0140_A_nd_0003.npy
140,4,63.5367,908.65,gen0140_theta_nd_0004.npy,gen0140_A_nd_0004.npy
140,5,60.936,904.147,gen0140_theta_nd_0005.npy,gen0140_A_nd_0005.npy
140,6,54.8104,893.089,gen0140_theta_nd_0006.npy,gen0140_A_nd_0006.npy
140,7,62.8473,908.119,gen0140_theta_nd_0007.npy,gen0140_A_nd_0007.npy
140,8,52.8222,890.334,gen0140_theta_nd_0008.npy,gen0140_A_nd_0008.npy
140,9,62.3694,906.638,gen0140_theta_nd_0009.npy,gen0140_A_nd_0009.npy
140,10,48.606,881.077,gen0140_theta_nd_0010.npy,gen0140_A_nd_0010.npy
140,11,50.2434,884.896,gen0140_theta_nd_0011.npy,gen0140_A_nd_0011.npy
140,12,50.6027,885.297,gen0140_theta_nd_0012.npy,gen0140_A_nd_0012.npy
140,13,57.4034,898.052,gen0140_theta_nd_0013.npy,gen0140_A_nd_0013.npy
140,14,49.5608,883.233,gen0140_theta_nd_0014.npy,gen0140_A_nd_0014.npy
140,15,59.397,901.662,gen0140_theta_nd_0015.npy,gen0140_A_nd_0015.npy
140,16,52.2294,888.497,gen0140_theta_nd_0016.npy,gen0140_A_nd_0016.npy
140,17,61.2493,904.919,gen0140_theta_nd_0017.npy,gen0140_A_nd_0017.npy
140,18,62.6532,907.473,gen0140_theta_nd_0018.npy,gen0140_A_nd_0018.npy
140,19,64.1026,910.527,gen0140_theta_nd_0019.npy,gen0140_A_nd_0019.npy
140,20,57.9333,899.076,gen0140_theta_nd_0020.npy,gen0140_A_nd_0020.npy
140,21,49.0148,881.61,gen0140_theta_nd_0021.npy,gen0140_A_nd_0021.npy
140,22,49.3275,882.771,gen0140_theta_nd_0022.npy,gen0140_A_nd_0022.npy
140,23,56.1828,896.19,gen0140_theta_nd_0023.npy,gen0140_A_nd_0023.npy
140,24,60.0682,902.671,gen0140_theta_nd_0024.npy,gen0140_A_nd_0024.npy
140,25,58.4957,899.92,gen0140_theta_nd_0025.npy,gen0140_A_nd_0025.npy
140,26,56.8591,897.991,gen0140_theta_nd_0026.npy,gen0140_A_nd_0026.npy
140,27,50.0313,884.382,gen0140_theta_nd_0027.npy,gen0140_A_nd_0027.npy
140,28,54.0303,891.506,gen0140_theta_nd_0028.npy,gen0140_A_nd_0028.npy
140,29,49.9034,883.64,gen0140_theta_nd_0029.npy,gen0140_A_nd_0029.npy
140,30,49.0666,882.254,gen0140_theta_nd_0030.npy,gen0140_A_nd_0030.npy
140,31,52.5863,889.785,gen0140_theta_nd_0031.npy,gen0140_A_nd_0031.npy
140,32,46.2141,878.734,gen0140_theta_nd_0032.npy,gen0140_A_nd_0032.npy
140,33,51.1775,886.421,gen0140_theta_nd_0033.npy,gen0140_A_nd_0033.npy
140,34,56.3527,896.8,gen0140_theta_nd_0034.npy,gen0140_A_nd_0034.npy
140,35,61.9098,906.069,gen0140_theta_nd_0035.npy,gen0140_A_nd_0035.npy
140,36,47.5626,879.732,gen0140_theta_nd_0036.npy,gen0140_A_nd_0036.npy
140,37,60.0803,903.533,gen0140_theta_nd_0037.npy,gen0140_A_nd_0037.npy
140,38,59.557,902.524,gen0140_theta_nd_0038.npy,gen0140_A_nd_0038.npy
140,39,55.0722,893.649,gen0140_theta_nd_0039.npy,gen0140_A_nd_0039.npy
140,40,53.2124,890.751,gen0140_theta_nd_0040.npy,gen0140_A_nd_0040.npy
140,41,51.6932,887.333,gen0140_theta_nd_0041.npy,gen0140_A_nd_0041.npy
140,42,55.5979,894.961,gen0140_theta_nd_0042.npy,gen0140_A_nd_0042.npy
140,43,56.5609,897.276,gen0140_theta_nd_0043.npy,gen0140_A_nd_0043.npy
140,44,51.9914,887.948,gen0140_theta_nd_0044.npy,gen0140_A_nd_0044.npy
140,45,61.5329,905.302,gen0140_theta_nd_0045.npy,gen0140_A_nd_0045.npy
140,46,52.4611,889.125,gen0140_theta_nd_0046.npy,gen0140_A_nd_0046.npy
140,47,51.3465,886.955,gen0140_theta_nd_0047.npy,gen0140_A_nd_0047.npy
140,48,50.9006,885.745,gen0140_theta_nd_0048.npy,gen0140_A_nd_0048.npy
140,49,54.3226,892.06,gen0140_theta_nd_0049.npy,gen0140_A_nd_0049.npy
140,50,55.4038,894.35,gen0140_theta_nd_0050.npy,gen0140_A_nd_0050.npy
140,51,58.3156,899.768,gen0140_theta_nd_0051.npy,gen0140_A_nd_0051.npy
140,52,60.5048,904.128,gen0140_theta_nd_0052.npy,gen0140_A_nd_0052.npy
140,53,54.6123,892.486,gen0140_theta_nd_0053.npy,gen0140_A_nd_0053.npy
140,54,48.3168,880.791,gen0140_theta_nd_0054.npy,gen0140_A_nd_0054.npy
140,55,57.6283,898.644,gen0140_theta_nd_0055.npy,gen0140_A_nd_0055.npy
140,56,47.2302,879.243,gen0140_theta_nd_0056.npy,gen0140_A_nd_0056.npy
140,57,50.099,884.465,gen0140_theta_nd_0057.npy,gen0140_A_nd_0057.npy
140,58,49.2648,882.375,gen0140_theta_nd_0058.npy,gen0140_A_nd_0058.npy
140,59,54.3818,892.107,gen0140_theta_nd_0059.npy,gen0140_A_nd_0059.npy
140,60,58.7103,900.311,gen0140_theta_nd_0060.npy,gen0140_A_nd_0060.npy
141,0,55.4038,894.35,gen0141_theta_nd_0000.npy,gen0141_A_nd_0000.npy
141,1,59.397,901.662,gen0141_theta_nd_0001.npy,gen0141_A_nd_0001.npy
141,2,57.9333,899.076,gen0141_theta_nd_0002.npy,gen0141_A_nd_0002.npy
141,3,52.9692,890.248,gen0141_theta_nd_0003.npy,gen0141_A_nd_0003.npy
141,4,56.5609,897.276,gen0141_theta_nd_0004.npy,gen0141_A_nd_0004.npy
141,5,61.2005,904.52,gen0141_theta_nd_0005.npy,gen0141_A_nd_0005.npy
141,6,48.606,881.077,gen0141_theta_nd_0006.npy,gen0141_A_nd_0006.npy
141,7,50.0313,884.382,gen0141_theta_nd_0007.npy,gen0141_A_nd_0007.npy
141,8,61.8015,905.588,gen0141_theta_nd_0008.npy,gen0141_A_nd_0008.npy
141,9,49.5608,883.233,gen0141_theta_nd_0009.npy,gen0141_A_nd_0009.npy
141,10,47.2302,879.243,gen0141_theta_nd_0010.npy,gen0141_A_nd_0010.npy
141,11,64.1026,910.527,gen0141_theta_nd_0011.npy,gen0141_A_nd_0011.npy
141,12,58.4957,899.92,gen0141_theta_nd_0012.npy,gen0141_A_nd_0012.npy
141,13,58.8034,900.424,gen0141_theta_nd_0013.npy,gen0141_A_nd_0013.npy
141,14,57.4034,898.052,gen0141_theta_nd_0014.npy,gen0141_A_nd_0014.npy
141,15,50.6027,885.297,gen0141_theta_nd_0015.npy,gen0141_A_nd_0015.npy
141,16,55.0722,893.649,gen0141_theta_nd_0016.npy,gen0141_A_nd_0016.npy
141,17,52.4611,889.125,gen0141_theta_nd_0017.npy,gen0141_A_nd_0017.npy
141,18,51.6932,887.333,gen0141_theta_nd_0018.npy,gen0141_A_nd_0018.npy
141,19,53.8161,890.924,gen0141_theta_nd_0019.npy,gen0141_A_nd_0019.npy
141,20,52.2294,888.497,gen0141_theta_nd_0020.npy,gen0141_A_nd_0020.npy
141,21,52.7424,889.677,gen0141_theta_nd_0021.npy,gen0141_A_nd_0021.npy
141,22,54.0303,891.506,gen0141_theta_nd_0022.npy,gen0141_A_nd_0022.npy
141,23,60.5048,904.128,gen0141_theta_nd_0023.npy,gen0141_A_nd_0023.npy
141,24,59.1174,900.83,gen0141_theta_nd_0024.npy,gen0141_A_nd_0024.npy
141,25,47.5626,879.732,gen0141_theta_nd_0025.npy,gen0141_A_nd_0025.npy
141,26,57.6283,898.644,gen0141_theta_nd_0026.npy,gen0141_A_nd_0026.npy
141,27,50.2434,884.896,gen0141_theta_nd_0027.npy,gen0141_A_nd_0027.npy
141,28,61.9098,906.069,gen0141_theta_nd_0028.npy,gen0141_A_nd_0028.npy
141,29,56.8591,897.991,gen0141_theta_nd_0029.npy,gen0141_A_nd_0029.npy
141,30,59.557,902.524,gen0141_theta_nd_0030.npy,gen0141_A_nd_0030.npy
141,31,56.4072,896.552,gen0141_theta_nd_0031.npy,gen0141_A_nd_0031.npy
141,32,46.2141,878.734,gen0141_theta_nd_0032.npy,gen0141_A_nd_0032.npy
141,33,60.936,904.147,gen0141_theta_nd_0033.npy,gen0141_A_nd_0033.npy
141,34,60.0682,902.671,gen0141_theta_nd_0034.npy,gen0141_A_nd_0034.npy
141,35,51.1077,886.406,gen0141_theta_nd_0035.npy,gen0141_A_nd_0035.npy
141,36,55.7478,895.787,gen0141_theta_nd_0036.npy,gen0141_A_nd_0036.npy
141,37,62.6756,906.99,gen0141_theta_nd_0037.npy,gen0141_A_nd_0037.npy
141,38,49.0148,881.61,gen0141_theta_nd_0038.npy,gen0141_A_nd_0038.npy
141,39,48.3168,880.791,gen0141_theta_nd_0039.npy,gen0141_A_nd_0039.npy
141,40,49.3275,882.771,gen0141_theta_nd_0040.npy,gen0141_A_nd_0040.npy
141,41,63.5367,908.65,gen0141_theta_nd_0041.npy,gen0141_A_nd_0041.npy
141,42,62.3694,906.638,gen0141_theta_nd_0042.npy,gen0141_A_nd_0042.npy
141,43,61.4547,905.138,gen0141_theta_nd_0043.npy,gen0141_A_nd_0043.npy
141,44,54.8382,893.114,gen0141_theta_nd_0044.npy,gen0141_A_nd_0044.npy
141,45,62.8473,908.119,gen0141_theta_nd_0045.npy,gen0141_A_nd_0045.npy
141,46,50.9006,885.745,gen0141_theta_nd_0046.npy,gen0141_A_nd_0046.npy
141,47,60.0803,903.533,gen0141_theta_nd_0047.npy,gen0141_A_nd_0047.npy
141,48,49.0666,882.254,gen0141_theta_nd_0048.npy,gen0141_A_nd_0048.npy
141,49,49.9034,883.64,gen0141_theta_nd_0049.npy,gen0141_A_nd_0049.npy
141,50,53.2124,890.751,gen0141_theta_nd_0050.npy,gen0141_A_nd_0050.npy
141,51,55.5979,894.961,gen0141_theta_nd_0051.npy,gen0141_A_nd_0051.npy
141,52,51.9914,887.948,gen0141_theta_nd_0052.npy,gen0141_A_nd_0052.npy
141,53,54.6123,892.486,gen0141_theta_nd_0053.npy,gen0141_A_nd_0053.npy
141,54,54.3226,892.06,gen0141_theta_nd_0054.npy,gen0141_A_nd_0054.npy
141,55,56.1828,896.19,gen0141_theta_nd_0055.npy,gen0141_A_nd_0055.npy
141,56,51.1775,886.421,gen0141_theta_nd_0056.npy,gen0141_A_nd_0056.npy
141,57,56.4158,897.22,gen0141_theta_nd_0057.npy,gen0141_A_nd_0057.npy
141,58,49.2648,882.375,gen0141_theta_nd_0058.npy,gen0141_A_nd_0058.npy
141,59,50.1173,884.614,gen0141_theta_nd_0059.npy,gen0141_A_nd_0059.npy
141,60,49.403,883.036,gen0141_theta_nd_0060.npy,gen0141_A_nd_0060.npy
142,0,60.5048,904.128,gen0142_theta_nd_0000.npy,gen0142_A_nd_0000.npy
142,1,58.1647,899.567,gen0142_theta_nd_0001.npy,gen0142_A_nd_0001.npy
142,2,60.0682,902.671,gen0142_theta_nd_0002.npy,gen0142_A_nd_0002.npy
142,3,50.2179,884.406,gen0142_theta_nd_0003.npy,gen0142_A_nd_0003.npy
142,4,51.4302,886.691,gen0142_theta_nd_0004.npy,gen0142_A_nd_0004.npy
142,5,54.6123,892.486,gen0142_theta_nd_0005.npy,gen0142_A_nd_0005.npy
142,6,50.6027,885.297,gen0142_theta_nd_0006.npy,gen0142_A_nd_0006.npy
142,7,52.4611,889.125,gen0142_theta_nd_0007.npy,gen0142_A_nd_0007.npy
142,8,58.4957,899.92,gen0142_theta_nd_0008.npy,gen0142_A_nd_0008.npy
142,9,62.9935,908.156,gen0142_theta_nd_0009.npy,gen0142_A_nd_0009.npy
142,10,62.6756,906.99,gen0142_theta_nd_0010.npy,gen0142_A_nd_0010.npy
142,11,47.5626,879.732,gen0142_theta_nd_0011.npy,gen0142_A_nd_0011.npy
142,12,55.4038,894.35,gen0142_theta_nd_0012.npy,gen0142_A_nd_0012.npy
142,13,62.1702,906.431,gen0142_theta_nd_0013.npy,gen0142_A_nd_0013.npy
142,14,53.8161,890.924,gen0142_theta_nd_0014.npy,gen0142_A_nd_0014.npy
142,15,57.9333,899.076,gen0142_theta_nd_0015.npy,gen0142_A_nd_0015.npy
142,16,55.0722,893.649,gen0142_theta_nd_0016.npy,gen0142_A_nd_0016.npy
142,17,59.6883,902.578,gen0142_theta_nd_0017.npy,gen0142_A_nd_0017.npy
142,18,52.9692,890.248,gen0142_theta_nd_0018.npy,gen0142_A_nd_0018.npy
142,19,49.0148,881.61,gen0142_theta_nd_0019.npy,gen0142_A_nd_0019.npy
142,20,48.2122,880.264,gen0142_theta_nd_0020.npy,gen0142_A_nd_0020.npy
142,21,58.8034,900.424,gen0142_theta_nd_0021.npy,gen0142_A_nd_0021.npy
142,22,52.2294,888.497,gen0142_theta_nd_0022.npy,gen0142_A_nd_0022.npy
142,23,47.2302,879.243,gen0142_theta_nd_0023.npy,gen0142_A_nd_0023.npy
142,24,54.8382,893.114,gen0142_theta_nd_0024.npy,gen0142_A_nd_0024.npy
142,25,55.5979,894.961,gen0142_theta_nd_0025.npy,gen0142_A_nd_0025.npy
142,26,60.0803,903.533,gen0142_theta_nd_0026.npy,gen0142_A_nd_0026.npy
142,27,62.3694,906.638,gen0142_theta_nd_0027.npy,gen0142_A_nd_0027.npy
142,28,48.606,881.077,gen0142_theta_nd_0028.npy,gen0142_A_nd_0028.npy
142,29,59.397,901.662,gen0142_theta_nd_0029.npy,gen0142_A_nd_0029.npy
142,30,61.8015,905.588,gen0142_theta_nd_0030.npy,gen0142_A_nd_0030.npy
142,31,56.9027,897.663,gen0142_theta_nd_0031.npy,gen0142_A_nd_0031.npy
142,32,63.5367,908.65,gen0142_theta_nd_0032.npy,gen0142_A_nd_0032.npy
142,33,57.4034,898.052,gen0142_theta_nd_0033.npy,gen0142_A_nd_0033.npy
142,34,49.5068,882.662,gen0142_theta_nd_0034.npy,gen0142_A_nd_0034.npy
142,35,53.2842,890.423,gen0142_theta_nd_0035.npy,gen0142_A_nd_0035.npy
142,36,46.2141,878.734,gen0142_theta_nd_0036.npy,gen0142_A_nd_0036.npy
142,37,51.9914,887.948,gen0142_theta_nd_0037.npy,gen0142_A_nd_0037.npy
142,38,56.5609,897.276,gen0142_theta_nd_0038.npy,gen0142_A_nd_0038.npy
142,39,51.1077,886.406,gen0142_theta_nd_0039.npy,gen0142_A_nd_0039.npy
142,40,49.7242,883.124,gen0142_theta_nd_0040.npy,gen0142_A_nd_0040.npy
142,41,61.2005,904.52,gen0142_theta_nd_0041.npy,gen0142_A_nd_0041.npy
142,42,54.0303,891.506,gen0142_theta_nd_0042.npy,gen0142_A_nd_0042.npy
142,43,61.4547,905.138,gen0142_theta_nd_0043.npy,gen0142_A_nd_0043.npy
142,44,50.9006,885.745,gen0142_theta_nd_0044.npy,gen0142_A_nd_0044.npy
142,45,51.6932,887.333,gen0142_theta_nd_0045.npy,gen0142_A_nd_0045.npy
142,46,59.1174,900.83,gen0142_theta_nd_0046.npy,gen0142_A_nd_0046.npy
142,47,50.2434,884.896,gen0142_theta_nd_0047.npy,gen0142_A_nd_0047.npy
142,48,54.3226,892.06,gen0142_theta_nd_0048.npy,gen0142_A_nd_0048.npy
142,49,52.7424,889.677,gen0142_theta_nd_0049.npy,gen0142_A_nd_0049.npy
142,50,64.1026,910.527,gen0142_theta_nd_0050.npy,gen0142_A_nd_0050.npy
142,51,49.9034,883.64,gen0142_theta_nd_0051.npy,gen0142_A_nd_0051.npy
142,52,57.745,898.429,gen0142_theta_nd_0052.npy,gen0142_A_nd_0052.npy
142,53,56.4072,896.552,gen0142_theta_nd_0053.npy,gen0142_A_nd_0053.npy
142,54,60.936,904.147,gen0142_theta_nd_0054.npy,gen0142_A_nd_0054.npy
142,55,49.0666,882.254,gen0142_theta_nd_0055.npy,gen0142_A_nd_0055.npy
142,56,48.3168,880.791,gen0142_theta_nd_0056.npy,gen0142_A_nd_0056.npy
142,57,55.7857,895.451,gen0142_theta_nd_0057.npy,gen0142_A_nd_0057.npy
142,58,56.4067,896.081,gen0142_theta_nd_0058.npy,gen0142_A_nd_0058.npy
142,59,49.2648,882.375,gen0142_theta_nd_0059.npy,gen0142_A_nd_0059.npy
142,60,62.8473,908.119,gen0142_theta_nd_0060.npy,gen0142_A_nd_0060.npy
143,0,56.9027,897.663,gen0143_theta_nd_0000.npy,gen0143_A_nd_0000.npy
143,1,54.8154,892.714,gen0143_theta_nd_0001.npy,gen0143_A_nd_0001.npy
143,2,49.7242,883.124,gen0143_theta_nd_0002.npy,gen0143_A_nd_0002.npy
143,3,46.2141,878.734,gen0143_theta_nd_0003.npy,gen0143_A_nd_0003.npy
143,4,59.6883,902.578,gen0143_theta_nd_0004.npy,gen0143_A_nd_0004.npy
143,5,53.2842,890.423,gen0143_theta_nd_0005.npy,gen0143_A_nd_0005.npy
143,6,55.4865,894.594,gen0143_theta_nd_0006.npy,gen0143_A_nd_0006.npy
143,7,62.1702,906.431,gen0143_theta_nd_0007.npy,gen0143_A_nd_0007.npy
143,8,49.3755,882.235,gen0143_theta_nd_0008.npy,gen0143_A_nd_0008.npy
143,9,49.5068,882.662,gen0143_theta_nd_0009.npy,gen0143_A_nd_0009.npy
143,10,54.0303,891.506,gen0143_theta_nd_0010.npy,gen0143_A_nd_0010.npy
143,11,58.4957,899.92,gen0143_theta_nd_0011.npy,gen0143_A_nd_0011.npy
143,12,56.6718,896.841,gen0143_theta_nd_0012.npy,gen0143_A_nd_0012.npy
143,13,50.0022,884.004,gen0143_theta_nd_0013.npy,gen0143_A_nd_0013.npy
143,14,62.9935,908.156,gen0143_theta_nd_0014.npy,gen0143_A_nd_0014.npy
143,15,55.7244,895.267,gen0143_theta_nd_0015.npy,gen0143_A_nd_0015.npy
143,16,58.8034,900.424,gen0143_theta_nd_0016.npy,gen0143_A_nd_0016.npy
143,17,54.5212,892.191,gen0143_theta_nd_0017.npy,gen0143_A_nd_0017.npy
143,18,57.4034,898.052,gen0143_theta_nd_0018.npy,gen0143_A_nd_0018.npy
143,19,51.6932,887.333,gen0143_theta_nd_0019.npy,gen0143_A_nd_0019.npy
143,20,62.6756,906.99,gen0143_theta_nd_0020.npy,gen0143_A_nd_0020.npy
143,21,48.3168,880.791,gen0143_theta_nd_0021.npy,gen0143_A_nd_0021.npy
143,22,51.7519,887.546,gen0143_theta_nd_0022.npy,gen0143_A_nd_0022.npy
143,23,50.2434,884.896,gen0143_theta_nd_0023.npy,gen0143_A_nd_0023.npy
143,24,56.4067,896.081,gen0143_theta_nd_0024.npy,gen0143_A_nd_0024.npy
143,25,61.2005,904.52,gen0143_theta_nd_0025.npy,gen0143_A_nd_0025.npy
143,26,53.8161,890.924,gen0143_theta_nd_0026.npy,gen0143_A_nd_0026.npy
143,27,60.0682,902.671,gen0143_theta_nd_0027.npy,gen0143_A_nd_0027.npy
143,28,52.4614,888.906,gen0143_theta_nd_0028.npy,gen0143_A_nd_0028.npy
143,29,62.3694,906.638,gen0143_theta_nd_0029.npy,gen0143_A_nd_0029.npy
143,30,60.0803,903.533,gen0143_theta_nd_0030.npy,gen0143_A_nd_0030.npy
143,31,59.1174,900.83,gen0143_theta_nd_0031.npy,gen0143_A_nd_0031.npy
143,32,50.6027,885.297,gen0143_theta_nd_0032.npy,gen0143_A_nd_0032.npy
143,33,49.0148,881.61,gen0143_theta_nd_0033.npy,gen0143_A_nd_0033.npy
143,34,59.397,901.662,gen0143_theta_nd_0034.npy,gen0143_A_nd_0034.npy
143,35,47.5626,879.732,gen0143_theta_nd_0035.npy,gen0143_A_nd_0035.npy
143,36,64.2419,909.347,gen0143_theta_nd_0036.npy,gen0143_A_nd_0036.npy
143,37,52.7034,889.38,gen0143_theta_nd_0037.npy,gen0143_A_nd_0037.npy
143,38,60.936,904.147,gen0143_theta_nd_0038.npy,gen0143_A_nd_0038.npy
143,39,60.5048,904.128,gen0143_theta_nd_0039.npy,gen0143_A_nd_0039.npy
143,40,61.4547,905.138,gen0143_theta_nd_0040.npy,gen0143_A_nd_0040.npy
143,41,50.9006,885.745,gen0143_theta_nd_0041.npy,gen0143_A_nd_0041.npy
143,42,48.606,881.077,gen0143_theta_nd_0042.npy,gen0143_A_nd_0042.npy
143,43,47.2302,879.243,gen0143_theta_nd_0043.npy,gen0143_A_nd_0043.npy
143,44,52.7424,889.677,gen0143_theta_nd_0044.npy,gen0143_A_nd_0044.npy
143,45,55.0722,893.649,gen0143_theta_nd_0045.npy,gen0143_A_nd_0045.npy
143,46,63.5367,908.65,gen0143_theta_nd_0046.npy,gen0143_A_nd_0046.npy
143,47,52.2294,888.497,gen0143_theta_nd_0047.npy,gen0143_A_nd_0047.npy
143,48,55.9313,895.608,gen0143_theta_nd_0048.npy,gen0143_A_nd_0048.npy
143,49,51.178,886.245,gen0143_theta_nd_0049.npy,gen0143_A_nd_0049.npy
143,50,58.2254,899.417,gen0143_theta_nd_0050.npy,gen0143_A_nd_0050.npy
143,51,61.8015,905.588,gen0143_theta_nd_0051.npy,gen0143_A_nd_0051.npy
143,52,57.745,898.429,gen0143_theta_nd_0052.npy,gen0143_A_nd_0052.npy
143,53,57.7541,898.823,gen0143_theta_nd_0053.npy,gen0143_A_nd_0053.npy
143,54,48.2122,880.264,gen0143_theta_nd_0054.npy,gen0143_A_nd_0054.npy
143,55,49.9023,883.619,gen0143_theta_nd_0055.npy,gen0143_A_nd_0055.npy
143,56,51.4302,886.691,gen0143_theta_nd_0056.npy,gen0143_A_nd_0056.npy
143,57,61.9884,905.971,gen0143_theta_nd_0057.npy,gen0143_A_nd_0057.npy
143,58,49.1068,881.891,gen0143_theta_nd_0058.npy,gen0143_A_nd_0058.npy
143,59,58.7007,900.157,gen0143_theta_nd_0059.npy,gen0143_A_nd_0059.npy
143,60,62.9187,907.524,gen0143_theta_nd_0060.npy,gen0143_A_nd_0060.npy
144,0,56.4067,896.081,gen0144_theta_nd_0000.npy,gen0144_A_nd_0000.npy
144,1,61.5603,905.109,gen0144_theta_nd_0001.npy,gen0144_A_nd_0001.npy
144,2,63.5455,908.666,gen0144_theta_nd_0002.npy,gen0144_A_nd_0002.npy
144,3,62.7107,907.393,gen0144_theta_nd_0003.npy,gen0144_A_nd_0003.npy
144,4,52.4614,888.906,gen0144_theta_nd_0004.npy,gen0144_A_nd_0004.npy
144,5,54.5212,892.191,gen0144_theta_nd_0005.npy,gen0144_A_nd_0005.npy
144,6,55.9313,895.608,gen0144_theta_nd_0006.npy,gen0144_A_nd_0006.npy
144,7,54.8154,892.714,gen0144_theta_nd_0007.npy,gen0144_A_nd_0007.npy
144,8,64.2419,909.347,gen0144_theta_nd_0008.npy,gen0144_A_nd_0008.npy
144,9,56.9027,897.663,gen0144_theta_nd_0009.npy,gen0144_A_nd_0009.npy
144,10,47.2302,879.243,gen0144_theta_nd_0010.npy,gen0144_A_nd_0010.npy
144,11,61.8015,905.588,gen0144_theta_nd_0011.npy,gen0144_A_nd_0011.npy
144,12,60.1479,903.473,gen0144_theta_nd_0012.npy,gen0144_A_nd_0012.npy
144,13,50.0022,884.004,gen0144_theta_nd_0013.npy,gen0144_A_nd_0013.npy
144,14,51.4302,886.691,gen0144_theta_nd_0014.npy,gen0144_A_nd_0014.npy
144,15,55.7244,895.267,gen0144_theta_nd_0015.npy,gen0144_A_nd_0015.npy
144,16,51.178,886.245,gen0144_theta_nd_0016.npy,gen0144_A_nd_0016.npy
144,17,60.0682,902.671,gen0144_theta_nd_0017.npy,gen0144_A_nd_0017.npy
144,18,51.6693,887.039,gen0144_theta_nd_0018.npy,gen0144_A_nd_0018.npy
144,19,58.4957,899.92,gen0144_theta_nd_0019.npy,gen0144_A_nd_0019.npy
144,20,60.936,904.147,gen0144_theta_nd_0020.npy,gen0144_A_nd_0020.npy
144,21,62.3864,906.423,gen0144_theta_nd_0021.npy,gen0144_A_nd_0021.npy
144,22,62.9935,908.156,gen0144_theta_nd_0022.npy,gen0144_A_nd_0022.npy
144,23,55.4865,894.594,gen0144_theta_nd_0023.npy,gen0144_A_nd_0023.npy
144,24,62.0537,905.728,gen0144_theta_nd_0024.npy,gen0144_A_nd_0024.npy
144,25,58.8034,900.424,gen0144_theta_nd_0025.npy,gen0144_A_nd_0025.npy
144,26,50.5911,885.223,gen0144_theta_nd_0026.npy,gen0144_A_nd_0026.npy
144,27,57.7541,898.823,gen0144_theta_nd_0027.npy,gen0144_A_nd_0027.npy
144,28,50.9006,885.745,gen0144_theta_nd_0028.npy,gen0144_A_nd_0028.npy
144,29,50.4186,884.883,gen0144_theta_nd_0029.npy,gen0144_A_nd_0029.npy
144,30,53.2842,890.423,gen0144_theta_nd_0030.npy,gen0144_A_nd_0030.npy
144,31,58.2069,899.098,gen0144_theta_nd_0031.npy,gen0144_A_nd_0031.npy
144,32,52.8862,889.794,gen0144_theta_nd_0032.npy,gen0144_A_nd_0032.npy
144,33,49.5068,882.662,gen0144_theta_nd_0033.npy,gen0144_A_nd_0033.npy
144,34,52.2304,888.379,gen0144_theta_nd_0034.npy,gen0144_A_nd_0034.npy
144,35,48.2122,880.264,gen0144_theta_nd_0035.npy,gen0144_A_nd_0035.npy
144,36,46.2141,878.734,gen0144_theta_nd_0036.npy,gen0144_A_nd_0036.npy
144,37,57.481,897.986,gen0144_theta_nd_0037.npy,gen0144_A_nd_0037.npy
144,38,59.1174,900.83,gen0144_theta_nd_0038.npy,gen0144_A_nd_0038.npy
144,39,49.7242,883.124,gen0144_theta_nd_0039.npy,gen0144_A_nd_0039.npy
144,40,49.0148,881.61,gen0144_theta_nd_0040.npy,gen0144_A_nd_0040.npy
144,41,54.0303,891.506,gen0144_theta_nd_0041.npy,gen0144_A_nd_0041.npy
144,42,56.6718,896.841,gen0144_theta_nd_0042.npy,gen0144_A_nd_0042.npy
144,43,59.6883,902.578,gen0144_theta_nd_0043.npy,gen0144_A_nd_0043.npy
144,44,48.3168,880.791,gen0144_theta_nd_0044.npy,gen0144_A_nd_0044.npy
144,45,47.5626,879.732,gen0144_theta_nd_0045.npy,gen0144_A_nd_0045.npy
144,46,52.7034,889.38,gen0144_theta_nd_0046.npy,gen0144_A_nd_0046.npy
144,47,61.2005,904.52,gen0144_theta_nd_0047.npy,gen0144_A_nd_0047.npy
144,48,59.3054,901.609,gen0144_theta_nd_0048.npy,gen0144_A_nd_0048.npy
144,49,53.6929,890.818,gen0144_theta_nd_0049.npy,gen0144_A_nd_0049.npy
144,50,60.5048,904.128,gen0144_theta_nd_0050.npy,gen0144_A_nd_0050.npy
144,51,49.9023,883.619,gen0144_theta_nd_0051.npy,gen0144_A_nd_0051.npy
144,52,48.606,881.077,gen0144_theta_nd_0052.npy,gen0144_A_nd_0052.npy
144,53,51.7519,887.546,gen0144_theta_nd_0053.npy,gen0144_A_nd_0053.npy
144,54,54.9587,893.535,gen0144_theta_nd_0054.npy,gen0144_A_nd_0054.npy
144,55,49.1257,882.083,gen0144_theta_nd_0055.npy,gen0144_A_nd_0055.npy
144,56,62.6756,906.99,gen0144_theta_nd_0056.npy,gen0144_A_nd_0056.npy
144,57,49.3755,882.235,gen0144_theta_nd_0057.npy,gen0144_A_nd_0057.npy
144,58,51.6932,887.333,gen0144_theta_nd_0058.npy,gen0144_A_nd_0058.npy
144,59,58.7007,900.157,gen0144_theta_nd_0059.npy,gen0144_A_nd_0059.npy
144,60,55.019,893.548,gen0144_theta_nd_0060.npy,gen0144_A_nd_0060.npy
145,0,58.4957,899.92,gen0145_theta_nd_0000.npy,gen0145_A_nd_0000.npy
145,1,54.1845,891.89,gen0145_theta_nd_0001.npy,gen0145_A_nd_0001.npy
145,2,49.7242,883.124,gen0145_theta_nd_0002.npy,gen0145_A_nd_0002.npy
145,3,48.5049,880.758,gen0145_theta_nd_0003.npy,gen0145_A_nd_0003.npy
145,4,50.5911,885.223,gen0145_theta_nd_0004.npy,gen0145_A_nd_0004.npy
145,5,62.0537,905.728,gen0145_theta_nd_0005.npy,gen0145_A_nd_0005.npy
145,6,48.606,881.077,gen0145_theta_nd_0006.npy,gen0145_A_nd_0006.npy
145,7,53.2842,890.423,gen0145_theta_nd_0007.npy,gen0145_A_nd_0007.npy
145,8,61.2005,904.52,gen0145_theta_nd_0008.npy,gen0145_A_nd_0008.npy
145,9,62.7098,907.331,gen0145_theta_nd_0009.npy,gen0145_A_nd_0009.npy
145,10,60.0682,902.671,gen0145_theta_nd_0010.npy,gen0145_A_nd_0010.npy
145,11,47.2302,879.243,gen0145_theta_nd_0011.npy,gen0145_A_nd_0011.npy
145,12,46.2141,878.734,gen0145_theta_nd_0012.npy,gen0145_A_nd_0012.npy
145,13,49.3755,882.235,gen0145_theta_nd_0013.npy,gen0145_A_nd_0013.npy
145,14,59.6883,902.578,gen0145_theta_nd_0014.npy,gen0145_A_nd_0014.npy
145,15,57.481,897.986,gen0145_theta_nd_0015.npy,gen0145_A_nd_0015.npy
145,16,56.6718,896.841,gen0145_theta_nd_0016.npy,gen0145_A_nd_0016.npy
145,17,48.2122,880.264,gen0145_theta_nd_0017.npy,gen0145_A_nd_0017.npy
145,18,47.5626,879.732,gen0145_theta_nd_0018.npy,gen0145_A_nd_0018.npy
145,19,62.3864,906.423,gen0145_theta_nd_0019.npy,gen0145_A_nd_0019.npy
145,20,50.1052,884.052,gen0145_theta_nd_0020.npy,gen0145_A_nd_0020.npy
145,21,54.0303,891.506,gen0145_theta_nd_0021.npy,gen0145_A_nd_0021.npy
145,22,54.9587,893.535,gen0145_theta_nd_0022.npy,gen0145_A_nd_0022.npy
145,23,64.2419,909.347,gen0145_theta_nd_0023.npy,gen0145_A_nd_0023.npy
145,24,61.8015,905.588,gen0145_theta_nd_0024.npy,gen0145_A_nd_0024.npy
145,25,58.2069,899.098,gen0145_theta_nd_0025.npy,gen0145_A_nd_0025.npy
145,26,49.9023,883.619,gen0145_theta_nd_0026.npy,gen0145_A_nd_0026.npy
145,27,62.9935,908.156,gen0145_theta_nd_0027.npy,gen0145_A_nd_0027.npy
145,28,55.4865,894.594,gen0145_theta_nd_0028.npy,gen0145_A_nd_0028.npy
145,29,60.5827,903.652,gen0145_theta_nd_0029.npy,gen0145_A_nd_0029.npy
145,30,55.2274,894.238,gen0145_theta_nd_0030.npy,gen0145_A_nd_0030.npy
145,31,50.9006,885.745,gen0145_theta_nd_0031.npy,gen0145_A_nd_0031.npy
145,32,63.5455,908.666,gen0145_theta_nd_0032.npy,gen0145_A_nd_0032.npy
145,33,56.2225,895.7,gen0145_theta_nd_0033.npy,gen0145_A_nd_0033.npy
145,34,63.3462,908.505,gen0145_theta_nd_0034.npy,gen0145_A_nd_0034.npy
145,35,56.4067,896.081,gen0145_theta_nd_0035.npy,gen0145_A_nd_0035.npy
145,36,59.3054,901.609,gen0145_theta_nd_0036.npy,gen0145_A_nd_0036.npy
145,37,60.3837,903.382,gen0145_theta_nd_0037.npy,gen0145_A_nd_0037.npy
145,38,50.4186,884.883,gen0145_theta_nd_0038.npy,gen0145_A_nd_0038.npy
145,39,51.4302,886.691,gen0145_theta_nd_0039.npy,gen0145_A_nd_0039.npy
145,40,55.8962,895.089,gen0145_theta_nd_0040.npy,gen0145_A_nd_0040.npy
145,41,51.6794,887.197,gen0145_theta_nd_0041.npy,gen0145_A_nd_0041.npy
145,42,60.936,904.147,gen0145_theta_nd_0042.npy,gen0145_A_nd_0042.npy
145,43,52.8862,889.794,gen0145_theta_nd_0043.npy,gen0145_A_nd_0043.npy
145,44,52.7034,889.38,gen0145_theta_nd_0044.npy,gen0145_A_nd_0044.npy
145,45,56.9027,897.663,gen0145_theta_nd_0045.npy,gen0145_A_nd_0045.npy
145,46,58.7917,900.272,gen0145_theta_nd_0046.npy,gen0145_A_nd_0046.npy
145,47,53.6929,890.818,gen0145_theta_nd_0047.npy,gen0145_A_nd_0047.npy
145,48,61.5603,905.109,gen0145_theta_nd_0048.npy,gen0145_A_nd_0048.npy
145,49,54.5212,892.191,gen0145_theta_nd_0049.npy,gen0145_A_nd_0049.npy
145,50,54.8154,892.714,gen0145_theta_nd_0050.npy,gen0145_A_nd_0050.npy
145,51,52.2304,888.379,gen0145_theta_nd_0051.npy,gen0145_A_nd_0051.npy
145,52,49.5068,882.662,gen0145_theta_nd_0052.npy,gen0145_A_nd_0052.npy
145,53,52.4614,888.906,gen0145_theta_nd_0053.npy,gen0145_A_nd_0053.npy
145,54,59.1174,900.83,gen0145_theta_nd_0054.npy,gen0145_A_nd_0054.npy
145,55,51.178,886.245,gen0145_theta_nd_0055.npy,gen0145_A_nd_0055.npy
145,56,52.1251,887.706,gen0145_theta_nd_0056.npy,gen0145_A_nd_0056.npy
145,57,49.0148,881.61,gen0145_theta_nd_0057.npy,gen0145_A_nd_0057.npy
145,58,52.495,888.91,gen0145_theta_nd_0058.npy,gen0145_A_nd_0058.npy
145,59,50.4719,885.111,gen0145_theta_nd_0059.npy,gen0145_A_nd_0059.npy
145,60,53.0376,889.936,gen0145_theta_nd_0060.npy,gen0145_A_nd_0060.npy
146,0,60.5827,903.652,gen0146_theta_nd_0000.npy,gen0146_A_nd_0000.npy
146,1,47.2302,879.243,gen0146_theta_nd_0001.npy,gen0146_A_nd_0001.npy
146,2,58.2069,899.098,gen0146_theta_nd_0002.npy,gen0146_A_nd_0002.npy
146,3,57.481,897.986,gen0146_theta_nd_0003.npy,gen0146_A_nd_0003.npy
146,4,54.1845,891.89,gen0146_theta_nd_0004.npy,gen0146_A_nd_0004.npy
146,5,63.3462,908.505,gen0146_theta_nd_0005.npy,gen0146_A_nd_0005.npy
146,6,59.1174,900.83,gen0146_theta_nd_0006.npy,gen0146_A_nd_0006.npy
146,7,59.3054,901.609,gen0146_theta_nd_0007.npy,gen0146_A_nd_0007.npy
146,8,52.1251,887.706,gen0146_theta_nd_0008.npy,gen0146_A_nd_0008.npy
146,9,49.5596,882.634,gen0146_theta_nd_0009.npy,gen0146_A_nd_0009.npy
146,10,47.5626,879.732,gen0146_theta_nd_0010.npy,gen0146_A_nd_0010.npy
146,11,52.2304,888.379,gen0146_theta_nd_0011.npy,gen0146_A_nd_0011.npy
146,12,62.3864,906.423,gen0146_theta_nd_0012.npy,gen0146_A_nd_0012.npy
146,13,52.3195,888.706,gen0146_theta_nd_0013.npy,gen0146_A_nd_0013.npy
146,14,51.6794,887.197,gen0146_theta_nd_0014.npy,gen0146_A_nd_0014.npy
146,15,53.1965,890.393,gen0146_theta_nd_0015.npy,gen0146_A_nd_0015.npy
146,16,58.4957,899.92,gen0146_theta_nd_0016.npy,gen0146_A_nd_0016.npy
146,17,61.5603,905.109,gen0146_theta_nd_0017.npy,gen0146_A_nd_0017.npy
146,18,50.5911,885.223,gen0146_theta_nd_0018.npy,gen0146_A_nd_0018.npy
146,19,51.4302,886.691,gen0146_theta_nd_0019.npy,gen0146_A_nd_0019.npy
146,20,57.2636,897.957,gen0146_theta_nd_0020.npy,gen0146_A_nd_0020.npy
146,21,49.3755,882.235,gen0146_theta_nd_0021.npy,gen0146_A_nd_0021.npy
146,22,50.9006,885.745,gen0146_theta_nd_0022.npy,gen0146_A_nd_0022.npy
146,23,50.1072,883.958,gen0146_theta_nd_0023.npy,gen0146_A_nd_0023.npy
146,24,58.0391,898.985,gen0146_theta_nd_0024.npy,gen0146_A_nd_0024.npy
146,25,49.914,883.525,gen0146_theta_nd_0025.npy,gen0146_A_nd_0025.npy
146,26,61.8015,905.588,gen0146_theta_nd_0026.npy,gen0146_A_nd_0026.npy
146,27,60.936,904.147,gen0146_theta_nd_0027.npy,gen0146_A_nd_0027.npy
146,28,53.8652,891.266,gen0146_theta_nd_0028.npy,gen0146_A_nd_0028.npy
146,29,46.2141,878.734,gen0146_theta_nd_0029.npy,gen0146_A_nd_0029.npy
146,30,55.8962,895.089,gen0146_theta_nd_0030.npy,gen0146_A_nd_0030.npy
146,31,61.2005,904.52,gen0146_theta_nd_0031.npy,gen0146_A_nd_0031.npy
146,32,58.7917,900.272,gen0146_theta_nd_0032.npy,gen0146_A_nd_0032.npy
146,33,64.2419,909.347,gen0146_theta_nd_0033.npy,gen0146_A_nd_0033.npy
146,34,52.8862,889.794,gen0146_theta_nd_0034.npy,gen0146_A_nd_0034.npy
146,35,56.8999,897.166,gen0146_theta_nd_0035.npy,gen0146_A_nd_0035.npy
146,36,54.5212,892.191,gen0146_theta_nd_0036.npy,gen0146_A_nd_0036.npy
146,37,50.4186,884.883,gen0146_theta_nd_0037.npy,gen0146_A_nd_0037.npy
146,38,60.2152,902.761,gen0146_theta_nd_0038.npy,gen0146_A_nd_0038.npy
146,39,55.4865,894.594,gen0146_theta_nd_0039.npy,gen0146_A_nd_0039.npy
146,40,60.0682,902.671,gen0146_theta_nd_0040.npy,gen0146_A_nd_0040.npy
146,41,53.6929,890.818,gen0146_theta_nd_0041.npy,gen0146_A_nd_0041.npy
146,42,51.178,886.245,gen0146_theta_nd_0042.npy,gen0146_A_nd_0042.npy
146,43,49.7242,883.124,gen0146_theta_nd_0043.npy,gen0146_A_nd_0043.npy
146,44,48.4337,880.633,gen0146_theta_nd_0044.npy,gen0146_A_nd_0044.npy
146,45,52.7034,889.38,gen0146_theta_nd_0045.npy,gen0146_A_nd_0045.npy
146,46,49.0539,881.377,gen0146_theta_nd_0046.npy,gen0146_A_nd_0046.npy
146,47,48.606,881.077,gen0146_theta_nd_0047.npy,gen0146_A_nd_0047.npy
146,48,59.6398,901.841,gen0146_theta_nd_0048.npy,gen0146_A_nd_0048.npy
146,49,54.9587,893.535,gen0146_theta_nd_0049.npy,gen0146_A_nd_0049.npy
146,50,54.8154,892.714,gen0146_theta_nd_0050.npy,gen0146_A_nd_0050.npy
146,51,63.5455,908.666,gen0146_theta_nd_0051.npy,gen0146_A_nd_0051.npy
146,52,56.6718,896.841,gen0146_theta_nd_0052.npy,gen0146_A_nd_0052.npy
146,53,56.4067,896.081,gen0146_theta_nd_0053.npy,gen0146_A_nd_0053.npy
146,54,55.2274,894.238,gen0146_theta_nd_0054.npy,gen0146_A_nd_0054.npy
146,55,62.7098,907.331,gen0146_theta_nd_0055.npy,gen0146_A_nd_0055.npy
146,56,56.2225,895.7,gen0146_theta_nd_0056.npy,gen0146_A_nd_0056.npy
146,57,62.0537,905.728,gen0146_theta_nd_0057.npy,gen0146_A_nd_0057.npy
146,58,62.9935,908.156,gen0146_theta_nd_0058.npy,gen0146_A_nd_0058.npy
146,59,48.2122,880.264,gen0146_theta_nd_0059.npy,gen0146_A_nd_0059.npy
146,60,58.8141,900.35,gen0146_theta_nd_0060.npy,gen0146_A_nd_0060.npy
147,0,56.2225,895.7,gen0147_theta_nd_0000.npy,gen0147_A_nd_0000.npy
147,1,52.1251,887.706,gen0147_theta_nd_0001.npy,gen0147_A_nd_0001.npy
147,2,55.4865,894.594,gen0147_theta_nd_0002.npy,gen0147_A_nd_0002.npy
147,3,53.8652,891.266,gen0147_theta_nd_0003.npy,gen0147_A_nd_0003.npy
147,4,52.8862,889.794,gen0147_theta_nd_0004.npy,gen0147_A_nd_0004.npy
147,5,52.2304,888.379,gen0147_theta_nd_0005.npy,gen0147_A_nd_0005.npy
147,6,52.3195,888.706,gen0147_theta_nd_0006.npy,gen0147_A_nd_0006.npy
147,7,59.1174,900.83,gen0147_theta_nd_0007.npy,gen0147_A_nd_0007.npy
147,8,58.4957,899.92,gen0147_theta_nd_0008.npy,gen0147_A_nd_0008.npy
147,9,47.5488,879.001,gen0147_theta_nd_0009.npy,gen0147_A_nd_0009.npy
147,10,58.0391,898.985,gen0147_theta_nd_0010.npy,gen0147_A_nd_0010.npy
147,11,49.5596,882.634,gen0147_theta_nd_0011.npy,gen0147_A_nd_0011.npy
147,12,62.3864,906.423,gen0147_theta_nd_0012.npy,gen0147_A_nd_0012.npy
147,13,55.8962,895.089,gen0147_theta_nd_0013.npy,gen0147_A_nd_0013.npy
147,14,48.4337,880.633,gen0147_theta_nd_0014.npy,gen0147_A_nd_0014.npy
147,15,60.0682,902.671,gen0147_theta_nd_0015.npy,gen0147_A_nd_0015.npy
147,16,49.0539,881.377,gen0147_theta_nd_0016.npy,gen0147_A_nd_0016.npy
147,17,54.8154,892.714,gen0147_theta_nd_0017.npy,gen0147_A_nd_0017.npy
147,18,57.3585,897.939,gen0147_theta_nd_0018.npy,gen0147_A_nd_0018.npy
147,19,64.3475,909.429,gen0147_theta_nd_0019.npy,gen0147_A_nd_0019.npy
147,20,54.5212,892.191,gen0147_theta_nd_0020.npy,gen0147_A_nd_0020.npy
147,21,56.8999,897.166,gen0147_theta_nd_0021.npy,gen0147_A_nd_0021.npy
147,22,48.606,881.077,gen0147_theta_nd_0022.npy,gen0147_A_nd_0022.npy
147,23,54.2099,891.814,gen0147_theta_nd_0023.npy,gen0147_A_nd_0023.npy
147,24,50.5911,885.223,gen0147_theta_nd_0024.npy,gen0147_A_nd_0024.npy
147,25,56.7085,896.775,gen0147_theta_nd_0025.npy,gen0147_A_nd_0025.npy
147,26,61.2005,904.52,gen0147_theta_nd_0026.npy,gen0147_A_nd_0026.npy
147,27,52.7034,889.38,gen0147_theta_nd_0027.npy,gen0147_A_nd_0027.npy
147,28,51.178,886.245,gen0147_theta_nd_0028.npy,gen0147_A_nd_0028.npy
147,29,57.7529,898.521,gen0147_theta_nd_0029.npy,gen0147_A_nd_0029.npy
147,30,47.5626,879.732,gen0147_theta_nd_0030.npy,gen0147_A_nd_0030.npy
147,31,63.3733,908.535,gen0147_theta_nd_0031.npy,gen0147_A_nd_0031.npy
147,32,62.7103,907.354,gen0147_theta_nd_0032.npy,gen0147_A_nd_0032.npy
147,33,49.3755,882.235,gen0147_theta_nd_0033.npy,gen0147_A_nd_0033.npy
147,34,61.5653,905.085,gen0147_theta_nd_0034.npy,gen0147_A_nd_0034.npy
147,35,58.8499,900.301,gen0147_theta_nd_0035.npy,gen0147_A_nd_0035.npy
147,36,53.1965,890.393,gen0147_theta_nd_0036.npy,gen0147_A_nd_0036.npy
147,37,46.2141,878.734,gen0147_theta_nd_0037.npy,gen0147_A_nd_0037.npy
147,38,58.3154,899.321,gen0147_theta_nd_0038.npy,gen0147_A_nd_0038.npy
147,39,62.9935,908.156,gen0147_theta_nd_0039.npy,gen0147_A_nd_0039.npy
147,40,55.2274,894.238,gen0147_theta_nd_0040.npy,gen0147_A_nd_0040.npy
147,41,49.914,883.525,gen0147_theta_nd_0041.npy,gen0147_A_nd_0041.npy
147,42,59.6398,901.841,gen0147_theta_nd_0042.npy,gen0147_A_nd_0042.npy
147,43,50.7365,885.688,gen0147_theta_nd_0043.npy,gen0147_A_nd_0043.npy
147,44,53.6929,890.818,gen0147_theta_nd_0044.npy,gen0147_A_nd_0044.npy
147,45,59.3054,901.609,gen0147_theta_nd_0045.npy,gen0147_A_nd_0045.npy
147,46,51.5661,886.403,gen0147_theta_nd_0046.npy,gen0147_A_nd_0046.npy
147,47,51.6794,887.197,gen0147_theta_nd_0047.npy,gen0147_A_nd_0047.npy
147,48,61.8236,905.461,gen0147_theta_nd_0048.npy,gen0147_A_nd_0048.npy
147,49,50.1072,883.958,gen0147_theta_nd_0049.npy,gen0147_A_nd_0049.npy
147,50,48.2122,880.264,gen0147_theta_nd_0050.npy,gen0147_A_nd_0050.npy
147,51,60.936,904.147,gen0147_theta_nd_0051.npy,gen0147_A_nd_0051.npy
147,52,49.7242,883.124,gen0147_theta_nd_0052.npy,gen0147_A_nd_0052.npy
147,53,56.4067,896.081,gen0147_theta_nd_0053.npy,gen0147_A_nd_0053.npy
147,54,60.5827,903.652,gen0147_theta_nd_0054.npy,gen0147_A_nd_0054.npy
147,55,50.4186,884.883,gen0147_theta_nd_0055.npy,gen0147_A_nd_0055.npy
147,56,54.9587,893.535,gen0147_theta_nd_0056.npy,gen0147_A_nd_0056.npy
147,57,60.772,904.059,gen0147_theta_nd_0057.npy,gen0147_A_nd_0057.npy
147,58,53.8994,891.73,gen0147_theta_nd_0058.npy,gen0147_A_nd_0058.npy
147,59,62.7098,907.331,gen0147_theta_nd_0059.npy,gen0147_A_nd_0059.npy
147,60,62.0537,905.728,gen0147_theta_nd_0060.npy,gen0147_A_nd_0060.npy
148,0,57.7529,898.521,gen0148_theta_nd_0000.npy,gen0148_A_nd_0000.npy
148,1,53.8652,891.266,gen0148_theta_nd_0001.npy,gen0148_A_nd_0001.npy
148,2,49.5596,882.634,gen0148_theta_nd_0002.npy,gen0148_A_nd_0002.npy
148,3,56.2225,895.7,gen0148_theta_nd_0003.npy,gen0148_A_nd_0003.npy
148,4,62.7103,907.354,gen0148_theta_nd_0004.npy,gen0148_A_nd_0004.npy
148,5,58.0391,898.985,gen0148_theta_nd_0005.npy,gen0148_A_nd_0005.npy
148,6,52.1251,887.706,gen0148_theta_nd_0006.npy,gen0148_A_nd_0006.npy
148,7,55.8962,895.089,gen0148_theta_nd_0007.npy,gen0148_A_nd_0007.npy
148,8,51.6794,887.197,gen0148_theta_nd_0008.npy,gen0148_A_nd_0008.npy
148,9,47.5488,879.001,gen0148_theta_nd_0009.npy,gen0148_A_nd_0009.npy
148,10,53.6929,890.818,gen0148_theta_nd_0010.npy,gen0148_A_nd_0010.npy
148,11,47.5626,879.732,gen0148_theta_nd_0011.npy,gen0148_A_nd_0011.npy
148,12,49.9828,883.572,gen0148_theta_nd_0012.npy,gen0148_A_nd_0012.npy
148,13,60.5827,903.652,gen0148_theta_nd_0013.npy,gen0148_A_nd_0013.npy
148,14,56.8999,897.166,gen0148_theta_nd_0014.npy,gen0148_A_nd_0014.npy
148,15,51.178,886.245,gen0148_theta_nd_0015.npy,gen0148_A_nd_0015.npy
148,16,60.936,904.147,gen0148_theta_nd_0016.npy,gen0148_A_nd_0016.npy
148,17,52.8862,889.794,gen0148_theta_nd_0017.npy,gen0148_A_nd_0017.npy
148,18,48.4337,880.633,gen0148_theta_nd_0018.npy,gen0148_A_nd_0018.npy
148,19,53.1965,890.393,gen0148_theta_nd_0019.npy,gen0148_A_nd_0019.npy
148,20,62.9935,908.156,gen0148_theta_nd_0020.npy,gen0148_A_nd_0020.npy
148,21,61.8236,905.461,gen0148_theta_nd_0021.npy,gen0148_A_nd_0021.npy
148,22,58.8499,900.301,gen0148_theta_nd_0022.npy,gen0148_A_nd_0022.npy
148,23,54.8154,892.714,gen0148_theta_nd_0023.npy,gen0148_A_nd_0023.npy
148,24,59.364,901.742,gen0148_theta_nd_0024.npy,gen0148_A_nd_0024.npy
148,25,60.0682,902.671,gen0148_theta_nd_0025.npy,gen0148_A_nd_0025.npy
148,26,49.7242,883.124,gen0148_theta_nd_0026.npy,gen0148_A_nd_0026.npy
148,27,51.5661,886.403,gen0148_theta_nd_0027.npy,gen0148_A_nd_0027.npy
148,28,62.3864,906.423,gen0148_theta_nd_0028.npy,gen0148_A_nd_0028.npy
148,29,55.201,893.372,gen0148_theta_nd_0029.npy,gen0148_A_nd_0029.npy
148,30,55.4865,894.594,gen0148_theta_nd_0030.npy,gen0148_A_nd_0030.npy
148,31,49.1303,881.705,gen0148_theta_nd_0031.npy,gen0148_A_nd_0031.npy
148,32,64.3475,909.429,gen0148_theta_nd_0032.npy,gen0148_A_nd_0032.npy
148,33,50.4525,885.207,gen0148_theta_nd_0033.npy,gen0148_A_nd_0033.npy
148,34,46.2141,878.734,gen0148_theta_nd_0034.npy,gen0148_A_nd_0034.npy
148,35,54.2099,891.814,gen0148_theta_nd_0035.npy,gen0148_A_nd_0035.npy
148,36,57.3585,897.939,gen0148_theta_nd_0036.npy,gen0148_A_nd_0036.npy
148,37,52.3672,888.623,gen0148_theta_nd_0037.npy,gen0148_A_nd_0037.npy
148,38,54.5212,892.191,gen0148_theta_nd_0038.npy,gen0148_A_nd_0038.npy
148,39,61.5653,905.085,gen0148_theta_nd_0039.npy,gen0148_A_nd_0039.npy
148,40,52.2304,888.379,gen0148_theta_nd_0040.npy,gen0148_A_nd_0040.npy
148,41,63.3733,908.535,gen0148_theta_nd_0041.npy,gen0148_A_nd_0041.npy
148,42,50.1072,883.958,gen0148_theta_nd_0042.npy,gen0148_A_nd_0042.npy
148,43,50.4186,884.883,gen0148_theta_nd_0043.npy,gen0148_A_nd_0043.npy
148,44,50.7365,885.688,gen0148_theta_nd_0044.npy,gen0148_A_nd_0044.npy
148,45,59.1174,900.83,gen0148_theta_nd_0045.npy,gen0148_A_nd_0045.npy
148,46,49.3955,882.033,gen0148_theta_nd_0046.npy,gen0148_A_nd_0046.npy
148,47,56.4067,896.081,gen0148_theta_nd_0047.npy,gen0148_A_nd_0047.npy
148,48,58.3154,899.321,gen0148_theta_nd_0048.npy,gen0148_A_nd_0048.npy
148,49,59.815,902.524,gen0148_theta_nd_0049.npy,gen0148_A_nd_0049.npy
148,50,52.7034,889.38,gen0148_theta_nd_0050.npy,gen0148_A_nd_0050.npy
148,51,58.4957,899.92,gen0148_theta_nd_0051.npy,gen0148_A_nd_0051.npy
148,52,48.2122,880.264,gen0148_theta_nd_0052.npy,gen0148_A_nd_0052.npy
148,53,61.2005,904.52,gen0148_theta_nd_0053.npy,gen0148_A_nd_0053.npy
148,54,55.302,893.727,gen0148_theta_nd_0054.npy,gen0148_A_nd_0054.npy
148,55,56.7085,896.775,gen0148_theta_nd_0055.npy,gen0148_A_nd_0055.npy
148,56,48.606,881.077,gen0148_theta_nd_0056.npy,gen0148_A_nd_0056.npy
148,57,49.914,883.525,gen0148_theta_nd_0057.npy,gen0148_A_nd_0057.npy
148,58,53.1771,890.107,gen0148_theta_nd_0058.npy,gen0148_A_nd_0058.npy
148,59,49.0166,881.194,gen0148_theta_nd_0059.npy,gen0148_A_nd_0059.npy
148,60,59.6398,901.841,gen0148_theta_nd_0060.npy,gen0148_A_nd_0060.npy
149,0,58.5783,900.216,gen0149_theta_nd_0000.npy,gen0149_A_nd_0000.npy
149,1,50.7365,885.688,gen0149_theta_nd_0001.npy,gen0149_A_nd_0001.npy
149,2,50.4186,884.883,gen0149_theta_nd_0002.npy,gen0149_A_nd_0002.npy
149,3,52.0453,887.702,gen0149_theta_nd_0003.npy,gen0149_A_nd_0003.npy
149,4,60.5827,903.652,gen0149_theta_nd_0004.npy,gen0149_A_nd_0004.npy
149,5,63.7601,908.776,gen0149_theta_nd_0005.npy,gen0149_A_nd_0005.npy
149,6,57.3585,897.939,gen0149_theta_nd_0006.npy,gen0149_A_nd_0006.npy
149,7,51.178,886.245,gen0149_theta_nd_0007.npy,gen0149_A_nd_0007.npy
149,8,56.2225,895.7,gen0149_theta_nd_0008.npy,gen0149_A_nd_0008.npy
149,9,63.3733,908.535,gen0149_theta_nd_0009.npy,gen0149_A_nd_0009.npy
149,10,60.0682,902.671,gen0149_theta_nd_0010.npy,gen0149_A_nd_0010.npy
149,11,59.815,902.524,gen0149_theta_nd_0011.npy,gen0149_A_nd_0011.npy
149,12,49.5452,882.568,gen0149_theta_nd_0012.npy,gen0149_A_nd_0012.npy
149,13,62.9935,908.156,gen0149_theta_nd_0013.npy,gen0149_A_nd_0013.npy
149,14,54.8154,892.714,gen0149_theta_nd_0014.npy,gen0149_A_nd_0014.npy
149,15,49.1303,881.705,gen0149_theta_nd_0015.npy,gen0149_A_nd_0015.npy
149,16,55.9597,895.225,gen0149_theta_nd_0016.npy,gen0149_A_nd_0016.npy
149,17,58.8499,900.301,gen0149_theta_nd_0017.npy,gen0149_A_nd_0017.npy
149,18,51.5661,886.403,gen0149_theta_nd_0018.npy,gen0149_A_nd_0018.npy
149,19,58.0391,898.985,gen0149_theta_nd_0019.npy,gen0149_A_nd_0019.npy
149,20,64.3475,909.429,gen0149_theta_nd_0020.npy,gen0149_A_nd_0020.npy
149,21,46.428,878.659,gen0149_theta_nd_0021.npy,gen0149_A_nd_0021.npy
149,22,61.3398,904.804,gen0149_theta_nd_0022.npy,gen0149_A_nd_0022.npy
149,23,53.0623,889.791,gen0149_theta_nd_0023.npy,gen0149_A_nd_0023.npy
149,24,48.4337,880.633,gen0149_theta_nd_0024.npy,gen0149_A_nd_0024.npy
149,25,56.4067,896.081,gen0149_theta_nd_0025.npy,gen0149_A_nd_0025.npy
149,26,57.6494,898.498,gen0149_theta_nd_0026.npy,gen0149_A_nd_0026.npy
149,27,51.6794,887.197,gen0149_theta_nd_0027.npy,gen0149_A_nd_0027.npy
149,28,55.4865,894.594,gen0149_theta_nd_0028.npy,gen0149_A_nd_0028.npy
149,29,55.201,893.372,gen0149_theta_nd_0029.npy,gen0149_A_nd_0029.npy
149,30,52.6398,889.007,gen0149_theta_nd_0030.npy,gen0149_A_nd_0030.npy
149,31,54.2099,891.814,gen0149_theta_nd_0031.npy,gen0149_A_nd_0031.npy
149,32,53.6929,890.818,gen0149_theta_nd_0032.npy,gen0149_A_nd_0032.npy
149,33,49.3955,882.033,gen0149_theta_nd_0033.npy,gen0149_A_nd_0033.npy
149,34,50.4649,885.152,gen0149_theta_nd_0034.npy,gen0149_A_nd_0034.npy
149,35,57.0569,896.956,gen0149_theta_nd_0035.npy,gen0149_A_nd_0035.npy
149,36,54.5212,892.191,gen0149_theta_nd_0036.npy,gen0149_A_nd_0036.npy
149,37,61.8791,905.441,gen0149_theta_nd_0037.npy,gen0149_A_nd_0037.npy
149,38,58.3154,899.321,gen0149_theta_nd_0038.npy,gen0149_A_nd_0038.npy
149,39,49.8982,882.955,gen0149_theta_nd_0039.npy,gen0149_A_nd_0039.npy
149,40,52.7034,889.38,gen0149_theta_nd_0040.npy,gen0149_A_nd_0040.npy
149,41,49.9828,883.572,gen0149_theta_nd_0041.npy,gen0149_A_nd_0041.npy
149,42,59.4729,901.799,gen0149_theta_nd_0042.npy,gen0149_A_nd_0042.npy
149,43,62.5589,906.915,gen0149_theta_nd_0043.npy,gen0149_A_nd_0043.npy
149,44,48.2122,880.264,gen0149_theta_nd_0044.npy,gen0149_A_nd_0044.npy
149,45,62.7103,907.354,gen0149_theta_nd_0045.npy,gen0149_A_nd_0045.npy
149,46,49.0166,881.194,gen0149_theta_nd_0046.npy,gen0149_A_nd_0046.npy
149,47,53.2579,890.5,gen0149_theta_nd_0047.npy,gen0149_A_nd_0047.npy
149,48,60.936,904.147,gen0149_theta_nd_0048.npy,gen0149_A_nd_0048.npy
149,49,56.7085,896.775,gen0149_theta_nd_0049.npy,gen0149_A_nd_0049.npy
149,50,50.1072,883.958,gen0149_theta_nd_0050.npy,gen0149_A_nd_0050.npy
149,51,52.5087,888.379,gen0149_theta_nd_0051.npy,gen0149_A_nd_0051.npy
149,52,55.302,893.727,gen0149_theta_nd_0052.npy,gen0149_A_nd_0052.npy
149,53,59.214,900.888,gen0149_theta_nd_0053.npy,gen0149_A_nd_0053.npy
149,54,61.5653,905.085,gen0149_theta_nd_0054.npy,gen0149_A_nd_0054.npy
149,55,60.289,902.847,gen0149_theta_nd_0055.npy,gen0149_A_nd_0055.npy
149,56,58.4957,899.92,gen0149_theta_nd_0056.npy,gen0149_A_nd_0056.npy
149,57,50.8654,885.86,gen0149_theta_nd_0057.npy,gen0149_A_nd_0057.npy
149,58,53.1965,890.393,gen0149_theta_nd_0058.npy,gen0149_A_nd_0058.npy
149,59,50.2023,884.471,gen0149_theta_nd_0059.npy,gen0149_A_nd_0059.npy
149,60,53.1771,890.107,gen0149_theta_nd_0060.npy,gen0149_A_nd_0060.npy
150,0,60.6663,904.105,gen0150_theta_nd_0000.npy,gen0150_A_nd_0000.npy
150,1,56.7085,896.775,gen0150_theta_nd_0001.npy,gen0150_A_nd_0001.npy
150,2,49.1303,881.705,gen0150_theta_nd_0002.npy,gen0150_A_nd_0002.npy
150,3,63.0567,907.619,gen0150_theta_nd_0003.npy,gen0150_A_nd_0003.npy
150,4,62.361,906.593,gen0150_theta_nd_0004.npy,gen0150_A_nd_0004.npy
150,5,51.178,886.245,gen0150_theta_nd_0005.npy,gen0150_A_nd_0005.npy
150,6,52.811,889.527,gen0150_theta_nd_0006.npy,gen0150_A_nd_0006.npy
150,7,51.7235,887.281,gen0150_theta_nd_0007.npy,gen0150_A_nd_0007.npy
150,8,59.815,902.524,gen0150_theta_nd_0008.npy,gen0150_A_nd_0008.npy
150,9,49.5452,882.568,gen0150_theta_nd_0009.npy,gen0150_A_nd_0009.npy
150,10,55.201,893.372,gen0150_theta_nd_0010.npy,gen0150_A_nd_0010.npy
150,11,62.5589,906.915,gen0150_theta_nd_0011.npy,gen0150_A_nd_0011.npy
150,12,61.9033,905.529,gen0150_theta_nd_0012.npy,gen0150_A_nd_0012.npy
150,13,54.0492,891.173,gen0150_theta_nd_0013.npy,gen0150_A_nd_0013.npy
150,14,46.428,878.659,gen0150_theta_nd_0014.npy,gen0150_A_nd_0014.npy
150,15,54.8391,892.975,gen0150_theta_nd_0015.npy,gen0150_A_nd_0015.npy
150,16,58.0391,898.985,gen0150_theta_nd_0016.npy,gen0150_A_nd_0016.npy
150,17,60.289,902.847,gen0150_theta_nd_0017.npy,gen0150_A_nd_0017.npy
150,18,57.0569,896.956,gen0150_theta_nd_0018.npy,gen0150_A_nd_0018.npy
150,19,49.0166,881.194,gen0150_theta_nd_0019.npy,gen0150_A_nd_0019.npy
150,20,51.5661,886.403,gen0150_theta_nd_0020.npy,gen0150_A_nd_0020.npy
150,21,49.8982,882.955,gen0150_theta_nd_0021.npy,gen0150_A_nd_0021.npy
150,22,53.2579,890.5,gen0150_theta_nd_0022.npy,gen0150_A_nd_0022.npy
150,23,58.3154,899.321,gen0150_theta_nd_0023.npy,gen0150_A_nd_0023.npy
150,24,50.1072,883.958,gen0150_theta_nd_0024.npy,gen0150_A_nd_0024.npy
150,25,52.704,888.931,gen0150_theta_nd_0025.npy,gen0150_A_nd_0025.npy
150,26,53.6929,890.818,gen0150_theta_nd_0026.npy,gen0150_A_nd_0026.npy
150,27,54.5867,892.383,gen0150_theta_nd_0027.npy,gen0150_A_nd_0027.npy
150,28,57.3585,897.939,gen0150_theta_nd_0028.npy,gen0150_A_nd_0028.npy
150,29,58.9464,900.65,gen0150_theta_nd_0029.npy,gen0150_A_nd_0029.npy
150,30,52.0453,887.702,gen0150_theta_nd_0030.npy,gen0150_A_nd_0030.npy
150,31,64.3475,909.429,gen0150_theta_nd_0031.npy,gen0150_A_nd_0031.npy
150,32,56.4914,896.136,gen0150_theta_nd_0032.npy,gen0150_A_nd_0032.npy
150,33,48.2122,880.264,gen0150_theta_nd_0033.npy,gen0150_A_nd_0033.npy
150,34,61.5653,905.085,gen0150_theta_nd_0034.npy,gen0150_A_nd_0034.npy
150,35,50.7365,885.688,gen0150_theta_nd_0035.npy,gen0150_A_nd_0035.npy
150,36,63.3733,908.535,gen0150_theta_nd_0036.npy,gen0150_A_nd_0036.npy
150,37,49.4598,881.937,gen0150_theta_nd_0037.npy,gen0150_A_nd_0037.npy
150,38,55.3311,894.257,gen0150_theta_nd_0038.npy,gen0150_A_nd_0038.npy
150,39,60.0682,902.671,gen0150_theta_nd_0039.npy,gen0150_A_nd_0039.npy
150,40,50.3891,884.594,gen0150_theta_nd_0040.npy,gen0150_A_nd_0040.npy
150,41,48.5266,880.594,gen0150_theta_nd_0041.npy,gen0150_A_nd_0041.npy
150,42,56.2225,895.7,gen0150_theta_nd_0042.npy,gen0150_A_nd_0042.npy
150,43,59.4729,901.799,gen0150_theta_nd_0043.npy,gen0150_A_nd_0043.npy
150,44,54.3055,891.61,gen0150_theta_nd_0044.npy,gen0150_A_nd_0044.npy
150,45,61.3398,904.804,gen0150_theta_nd_0045.npy,gen0150_A_nd_0045.npy
150,46,55.4865,894.594,gen0150_theta_nd_0046.npy,gen0150_A_nd_0046.npy
150,47,63.7601,908.776,gen0150_theta_nd_0047.npy,gen0150_A_nd_0047.npy
150,48,62.7925,907.237,gen0150_theta_nd_0048.npy,gen0150_A_nd_0048.npy
150,49,53.0623,889.791,gen0150_theta_nd_0049.npy,gen0150_A_nd_0049.npy
150,50,58.5783,900.216,gen0150_theta_nd_0050.npy,gen0150_A_nd_0050.npy
150,51,55.9597,895.225,gen0150_theta_nd_0051.npy,gen0150_A_nd_0051.npy
150,52,50.5924,884.964,gen0150_theta_nd_0052.npy,gen0150_A_nd_0052.npy
150,53,57.6494,898.498,gen0150_theta_nd_0053.npy,gen0150_A_nd_0053.npy
150,54,59.214,900.888,gen0150_theta_nd_0054.npy,gen0150_A_nd_0054.npy
150,55,52.5087,888.379,gen0150_theta_nd_0055.npy,gen0150_A_nd_0055.npy
150,56,49.9828,883.572,gen0150_theta_nd_0056.npy,gen0150_A_nd_0056.npy
150,57,60.936,904.147,gen0150_theta_nd_0057.npy,gen0150_A_nd_0057.npy
150,58,51.6794,887.197,gen0150_theta_nd_0058.npy,gen0150_A_nd_0058.npy
150,59,52.1813,888.017,gen0150_theta_nd_0059.npy,gen0150_A_nd_0059.npy
150,60,56.4067,896.081,gen0150_theta_nd_0060.npy,gen0150_A_nd_0060.npy
151,0,59.8675,902.322,gen0151_theta_nd_0000.npy,gen0151_A_nd_0000.npy
151,1,46.428,878.659,gen0151_theta_nd_0001.npy,gen0151_A_nd_0001.npy
151,2,51.178,886.245,gen0151_theta_nd_0002.npy,gen0151_A_nd_0002.npy
151,3,62.5589,906.915,gen0151_theta_nd_0003.npy,gen0151_A_nd_0003.npy
151,4,59.214,900.888,gen0151_theta_nd_0004.npy,gen0151_A_nd_0004.npy
151,5,53.6929,890.818,gen0151_theta_nd_0005.npy,gen0151_A_nd_0005.npy
151,6,62.7925,907.237,gen0151_theta_nd_0006.npy,gen0151_A_nd_0006.npy
151,7,53.3022,890.474,gen0151_theta_nd_0007.npy,gen0151_A_nd_0007.npy
151,8,56.4914,896.136,gen0151_theta_nd_0008.npy,gen0151_A_nd_0008.npy
151,9,64.3475,909.429,gen0151_theta_nd_0009.npy,gen0151_A_nd_0009.npy
151,10,48.2122,880.264,gen0151_theta_nd_0010.npy,gen0151_A_nd_0010.npy
151,11,55.9597,895.225,gen0151_theta_nd_0011.npy,gen0151_A_nd_0011.npy
151,12,57.6494,898.498,gen0151_theta_nd_0012.npy,gen0151_A_nd_0012.npy
151,13,49.8982,882.955,gen0151_theta_nd_0013.npy,gen0151_A_nd_0013.npy
151,14,60.9395,904.052,gen0151_theta_nd_0014.npy,gen0151_A_nd_0014.npy
151,15,54.336,891.834,gen0151_theta_nd_0015.npy,gen0151_A_nd_0015.npy
151,16,55.4607,893.948,gen0151_theta_nd_0016.npy,gen0151_A_nd_0016.npy
151,17,54.5867,892.383,gen0151_theta_nd_0017.npy,gen0151_A_nd_0017.npy
151,18,56.2225,895.7,gen0151_theta_nd_0018.npy,gen0151_A_nd_0018.npy
151,19,51.7235,887.281,gen0151_theta_nd_0019.npy,gen0151_A_nd_0019.npy
151,20,54.8391,892.975,gen0151_theta_nd_0020.npy,gen0151_A_nd_0020.npy
151,21,60.4761,903.692,gen0151_theta_nd_0021.npy,gen0151_A_nd_0021.npy
151,22,49.4598,881.937,gen0151_theta_nd_0022.npy,gen0151_A_nd_0022.npy
151,23,53.0623,889.791,gen0151_theta_nd_0023.npy,gen0151_A_nd_0023.npy
151,24,52.7427,889.27,gen0151_theta_nd_0024.npy,gen0151_A_nd_0024.npy
151,25,48.962,881.179,gen0151_theta_nd_0025.npy,gen0151_A_nd_0025.npy
151,26,52.0453,887.702,gen0151_theta_nd_0026.npy,gen0151_A_nd_0026.npy
151,27,59.4729,901.799,gen0151_theta_nd_0027.npy,gen0151_A_nd_0027.npy
151,28,57.0569,896.956,gen0151_theta_nd_0028.npy,gen0151_A_nd_0028.npy
151,29,60.0682,902.671,gen0151_theta_nd_0029.npy,gen0151_A_nd_0029.npy
151,30,63.3733,908.535,gen0151_theta_nd_0030.npy,gen0151_A_nd_0030.npy
151,31,58.5783,900.216,gen0151_theta_nd_0031.npy,gen0151_A_nd_0031.npy
151,32,58.9464,900.65,gen0151_theta_nd_0032.npy,gen0151_A_nd_0032.npy
151,33,57.3585,897.939,gen0151_theta_nd_0033.npy,gen0151_A_nd_0033.npy
151,34,48.5266,880.594,gen0151_theta_nd_0034.npy,gen0151_A_nd_0034.npy
151,35,61.5653,905.085,gen0151_theta_nd_0035.npy,gen0151_A_nd_0035.npy
151,36,51.5661,886.403,gen0151_theta_nd_0036.npy,gen0151_A_nd_0036.npy
151,37,58.3154,899.321,gen0151_theta_nd_0037.npy,gen0151_A_nd_0037.npy
151,38,50.1891,884.174,gen0151_theta_nd_0038.npy,gen0151_A_nd_0038.npy
151,39,47.9641,879.675,gen0151_theta_nd_0039.npy,gen0151_A_nd_0039.npy
151,40,49.5452,882.568,gen0151_theta_nd_0040.npy,gen0151_A_nd_0040.npy
151,41,56.7085,896.775,gen0151_theta_nd_0041.npy,gen0151_A_nd_0041.npy
151,42,52.704,888.931,gen0151_theta_nd_0042.npy,gen0151_A_nd_0042.npy
151,43,61.9033,905.529,gen0151_theta_nd_0043.npy,gen0151_A_nd_0043.npy
151,44,63.0567,907.619,gen0151_theta_nd_0044.npy,gen0151_A_nd_0044.npy
151,45,52.5087,888.379,gen0151_theta_nd_0045.npy,gen0151_A_nd_0045.npy
151,46,49.1303,881.705,gen0151_theta_nd_0046.npy,gen0151_A_nd_0046.npy
151,47,62.3839,906.007,gen0151_theta_nd_0047.npy,gen0151_A_nd_0047.npy
151,48,61.3376,904.714,gen0151_theta_nd_0048.npy,gen0151_A_nd_0048.npy
151,49,54.0492,891.173,gen0151_theta_nd_0049.npy,gen0151_A_nd_0049.npy
151,50,58.0391,898.985,gen0151_theta_nd_0050.npy,gen0151_A_nd_0050.npy
151,51,49.9828,883.572,gen0151_theta_nd_0051.npy,gen0151_A_nd_0051.npy
151,52,55.201,893.372,gen0151_theta_nd_0052.npy,gen0151_A_nd_0052.npy
151,53,50.7548,884.998,gen0151_theta_nd_0053.npy,gen0151_A_nd_0053.npy
151,54,55.7222,894.44,gen0151_theta_nd_0054.npy,gen0151_A_nd_0054.npy
151,55,63.7601,908.776,gen0151_theta_nd_0055.npy,gen0151_A_nd_0055.npy
151,56,50.498,884.419,gen0151_theta_nd_0056.npy,gen0151_A_nd_0056.npy
151,57,57.3343,897.428,gen0151_theta_nd_0057.npy,gen0151_A_nd_0057.npy
151,58,60.289,902.847,gen0151_theta_nd_0058.npy,gen0151_A_nd_0058.npy
151,59,58.5701,899.783,gen0151_theta_nd_0059.npy,gen0151_A_nd_0059.npy
151,60,50.5924,884.964,gen0151_theta_nd_0060.npy,gen0151_A_nd_0060.npy
152,0,57.6494,898.498,gen0152_theta_nd_0000.npy,gen0152_A_nd_0000.npy
152,1,61.9033,905.529,gen0152_theta_nd_0001.npy,gen0152_A_nd_0001.npy
152,2,62.3839,906.007,gen0152_theta_nd_0002.npy,gen0152_A_nd_0002.npy
152,3,55.201,893.372,gen0152_theta_nd_0003.npy,gen0152_A_nd_0003.npy
152,4,53.6929,890.818,gen0152_theta_nd_0004.npy,gen0152_A_nd_0004.npy
152,5,51.7235,887.281,gen0152_theta_nd_0005.npy,gen0152_A_nd_0005.npy
152,6,49.8982,882.955,gen0152_theta_nd_0006.npy,gen0152_A_nd_0006.npy
152,7,58.0391,898.985,gen0152_theta_nd_0007.npy,gen0152_A_nd_0007.npy
152,8,58.5783,900.216,gen0152_theta_nd_0008.npy,gen0152_A_nd_0008.npy
152,9,61.3376,904.714,gen0152_theta_nd_0009.npy,gen0152_A_nd_0009.npy
152,10,54.0492,891.173,gen0152_theta_nd_0010.npy,gen0152_A_nd_0010.npy
152,11,58.3154,899.321,gen0152_theta_nd_0011.npy,gen0152_A_nd_0011.npy
152,12,56.7085,896.775,gen0152_theta_nd_0012.npy,gen0152_A_nd_0012.npy
152,13,61.5653,905.085,gen0152_theta_nd_0013.npy,gen0152_A_nd_0013.npy
152,14,51.5667,886.821,gen0152_theta_nd_0014.npy,gen0152_A_nd_0014.npy
152,15,52.6241,888.563,gen0152_theta_nd_0015.npy,gen0152_A_nd_0015.npy
152,16,59.4808,901.566,gen0152_theta_nd_0016.npy,gen0152_A_nd_0016.npy
152,17,63.0567,907.619,gen0152_theta_nd_0017.npy,gen0152_A_nd_0017.npy
152,18,62.5589,906.915,gen0152_theta_nd_0018.npy,gen0152_A_nd_0018.npy
152,19,50.0824,883.433,gen0152_theta_nd_0019.npy,gen0152_A_nd_0019.npy
152,20,64.3475,909.429,gen0152_theta_nd_0020.npy,gen0152_A_nd_0020.npy
152,21,55.7222,894.44,gen0152_theta_nd_0021.npy,gen0152_A_nd_0021.npy
152,22,54.8391,892.975,gen0152_theta_nd_0022.npy,gen0152_A_nd_0022.npy
152,23,50.1891,884.174,gen0152_theta_nd_0023.npy,gen0152_A_nd_0023.npy
152,24,57.0569,896.956,gen0152_theta_nd_0024.npy,gen0152_A_nd_0024.npy
152,25,57.4789,897.558,gen0152_theta_nd_0025.npy,gen0152_A_nd_0025.npy
152,26,62.7925,907.237,gen0152_theta_nd_0026.npy,gen0152_A_nd_0026.npy
152,27,54.5998,892.2,gen0152_theta_nd_0027.npy,gen0152_A_nd_0027.npy
152,28,53.2953,890.449,gen0152_theta_nd_0028.npy,gen0152_A_nd_0028.npy
152,29,54.3444,891.5,gen0152_theta_nd_0029.npy,gen0152_A_nd_0029.npy
152,30,50.7548,884.998,gen0152_theta_nd_0030.npy,gen0152_A_nd_0030.npy
152,31,55.4607,893.948,gen0152_theta_nd_0031.npy,gen0152_A_nd_0031.npy
152,32,53.1141,889.767,gen0152_theta_nd_0032.npy,gen0152_A_nd_0032.npy
152,33,49.2315,881.54,gen0152_theta_nd_0033.npy,gen0152_A_nd_0033.npy
152,34,60.3872,903.281,gen0152_theta_nd_0034.npy,gen0152_A_nd_0034.npy
152,35,60.9395,904.052,gen0152_theta_nd_0035.npy,gen0152_A_nd_0035.npy
152,36,49.4598,881.937,gen0152_theta_nd_0036.npy,gen0152_A_nd_0036.npy
152,37,56.4914,896.136,gen0152_theta_nd_0037.npy,gen0152_A_nd_0037.npy
152,38,56.2225,895.7,gen0152_theta_nd_0038.npy,gen0152_A_nd_0038.npy
152,39,60.7296,903.751,gen0152_theta_nd_0039.npy,gen0152_A_nd_0039.npy
152,40,51.178,886.245,gen0152_theta_nd_0040.npy,gen0152_A_nd_0040.npy
152,41,63.3733,908.535,gen0152_theta_nd_0041.npy,gen0152_A_nd_0041.npy
152,42,59.214,900.888,gen0152_theta_nd_0042.npy,gen0152_A_nd_0042.npy
152,43,47.3084,879.659,gen0152_theta_nd_0043.npy,gen0152_A_nd_0043.npy
152,44,63.7601,908.776,gen0152_theta_nd_0044.npy,gen0152_A_nd_0044.npy
152,45,52.1504,888.328,gen0152_theta_nd_0045.npy,gen0152_A_nd_0045.npy
152,46,60.1062,902.644,gen0152_theta_nd_0046.npy,gen0152_A_nd_0046.npy
152,47,52.7427,889.27,gen0152_theta_nd_0047.npy,gen0152_A_nd_0047.npy
152,48,58.9464,900.65,gen0152_theta_nd_0048.npy,gen0152_A_nd_0048.npy
152,49,50.5653,884.727,gen0152_theta_nd_0049.npy,gen0152_A_nd_0049.npy
152,50,48.1934,880.225,gen0152_theta_nd_0050.npy,gen0152_A_nd_0050.npy
152,51,52.0491,887.515,gen0152_theta_nd_0051.npy,gen0152_A_nd_0051.npy
152,52,48.5266,880.594,gen0152_theta_nd_0052.npy,gen0152_A_nd_0052.npy
152,53,49.5452,882.568,gen0152_theta_nd_0053.npy,gen0152_A_nd_0053.npy
152,54,55.9597,895.225,gen0152_theta_nd_0054.npy,gen0152_A_nd_0054.npy
152,55,59.8857,902.205,gen0152_theta_nd_0055.npy,gen0152_A_nd_0055.npy
152,56,48.8948,880.994,gen0152_theta_nd_0056.npy,gen0152_A_nd_0056.npy
152,57,46.428,878.659,gen0152_theta_nd_0057.npy,gen0152_A_nd_0057.npy
152,58,61.8173,905.182,gen0152_theta_nd_0058.npy,gen0152_A_nd_0058.npy
152,59,50.498,884.419,gen0152_theta_nd_0059.npy,gen0152_A_nd_0059.npy
152,60,53.3022,890.474,gen0152_theta_nd_0060.npy,gen0152_A_nd_0060.npy
153,0,61.316,904.648,gen0153_theta_nd_0000.npy,gen0153_A_nd_0000.npy
153,1,60.1062,902.644,gen0153_theta_nd_0001.npy,gen0153_A_nd_0001.npy
153,2,48.1934,880.225,gen0153_theta_nd_0002.npy,gen0153_A_nd_0002.npy
153,3,60.3872,903.281,gen0153_theta_nd_0003.npy,gen0153_A_nd_0003.npy
153,4,49.2315,881.54,gen0153_theta_nd_0004.npy,gen0153_A_nd_0004.npy
153,5,58.3154,899.321,gen0153_theta_nd_0005.npy,gen0153_A_nd_0005.npy
153,6,53.1141,889.767,gen0153_theta_nd_0006.npy,gen0153_A_nd_0006.npy
153,7,50.5653,884.727,gen0153_theta_nd_0007.npy,gen0153_A_nd_0007.npy
153,8,48.8948,880.994,gen0153_theta_nd_0008.npy,gen0153_A_nd_0008.npy
153,9,60.7296,903.751,gen0153_theta_nd_0009.npy,gen0153_A_nd_0009.npy
153,10,53.2953,890.449,gen0153_theta_nd_0010.npy,gen0153_A_nd_0010.npy
153,11,57.728,898.205,gen0153_theta_nd_0011.npy,gen0153_A_nd_0011.npy
153,12,52.6241,888.563,gen0153_theta_nd_0012.npy,gen0153_A_nd_0012.npy
153,13,55.7222,894.44,gen0153_theta_nd_0013.npy,gen0153_A_nd_0013.npy
153,14,49.8982,882.955,gen0153_theta_nd_0014.npy,gen0153_A_nd_0014.npy
153,15,53.6929,890.818,gen0153_theta_nd_0015.npy,gen0153_A_nd_0015.npy
153,16,55.4607,893.948,gen0153_theta_nd_0016.npy,gen0153_A_nd_0016.npy
153,17,60.9395,904.052,gen0153_theta_nd_0017.npy,gen0153_A_nd_0017.npy
153,18,57.4789,897.558,gen0153_theta_nd_0018.npy,gen0153_A_nd_0018.npy
153,19,50.0824,883.433,gen0153_theta_nd_0019.npy,gen0153_A_nd_0019.npy
153,20,58.9464,900.65,gen0153_theta_nd_0020.npy,gen0153_A_nd_0020.npy
153,21,62.3839,906.007,gen0153_theta_nd_0021.npy,gen0153_A_nd_0021.npy
153,22,54.4603,891.871,gen0153_theta_nd_0022.npy,gen0153_A_nd_0022.npy
153,23,51.178,886.245,gen0153_theta_nd_0023.npy,gen0153_A_nd_0023.npy
153,24,59.214,900.888,gen0153_theta_nd_0024.npy,gen0153_A_nd_0024.npy
153,25,59.8857,902.205,gen0153_theta_nd_0025.npy,gen0153_A_nd_0025.npy
153,26,55.0801,892.871,gen0153_theta_nd_0026.npy,gen0153_A_nd_0026.npy
153,27,63.7601,908.776,gen0153_theta_nd_0027.npy,gen0153_A_nd_0027.npy
153,28,57.3395,897.172,gen0153_theta_nd_0028.npy,gen0153_A_nd_0028.npy
153,29,56.2225,895.7,gen0153_theta_nd_0029.npy,gen0153_A_nd_0029.npy
153,30,46.428,878.659,gen0153_theta_nd_0030.npy,gen0153_A_nd_0030.npy
153,31,48.5266,880.594,gen0153_theta_nd_0031.npy,gen0153_A_nd_0031.npy
153,32,63.4443,908.244,gen0153_theta_nd_0032.npy,gen0153_A_nd_0032.npy
153,33,47.3084,879.659,gen0153_theta_nd_0033.npy,gen0153_A_nd_0033.npy
153,34,55.201,893.372,gen0153_theta_nd_0034.npy,gen0153_A_nd_0034.npy
153,35,64.3475,909.429,gen0153_theta_nd_0035.npy,gen0153_A_nd_0035.npy
153,36,55.8822,895.193,gen0153_theta_nd_0036.npy,gen0153_A_nd_0036.npy
153,37,58.0391,898.985,gen0153_theta_nd_0037.npy,gen0153_A_nd_0037.npy
153,38,52.0491,887.515,gen0153_theta_nd_0038.npy,gen0153_A_nd_0038.npy
153,39,54.5998,892.2,gen0153_theta_nd_0039.npy,gen0153_A_nd_0039.npy
153,40,52.4189,888.185,gen0153_theta_nd_0040.npy,gen0153_A_nd_0040.npy
153,41,59.4808,901.566,gen0153_theta_nd_0041.npy,gen0153_A_nd_0041.npy
153,42,62.7925,907.237,gen0153_theta_nd_0042.npy,gen0153_A_nd_0042.npy
153,43,50.1218,884.149,gen0153_theta_nd_0043.npy,gen0153_A_nd_0043.npy
153,44,50.7548,884.998,gen0153_theta_nd_0044.npy,gen0153_A_nd_0044.npy
153,45,52.7427,889.27,gen0153_theta_nd_0045.npy,gen0153_A_nd_0045.npy
153,46,61.5653,905.085,gen0153_theta_nd_0046.npy,gen0153_A_nd_0046.npy
153,47,56.7085,896.775,gen0153_theta_nd_0047.npy,gen0153_A_nd_0047.npy
153,48,61.9343,905.904,gen0153_theta_nd_0048.npy,gen0153_A_nd_0048.npy
153,49,63.0902,907.504,gen0153_theta_nd_0049.npy,gen0153_A_nd_0049.npy
153,50,56.5185,896.25,gen0153_theta_nd_0050.npy,gen0153_A_nd_0050.npy
153,51,58.5783,900.216,gen0153_theta_nd_0051.npy,gen0153_A_nd_0051.npy
153,52,54.0492,891.173,gen0153_theta_nd_0052.npy,gen0153_A_nd_0052.npy
153,53,51.5667,886.821,gen0153_theta_nd_0053.npy,gen0153_A_nd_0053.npy
153,54,62.5589,906.915,gen0153_theta_nd_0054.npy,gen0153_A_nd_0054.npy
153,55,49.5452,882.568,gen0153_theta_nd_0055.npy,gen0153_A_nd_0055.npy
153,56,49.4598,881.937,gen0153_theta_nd_0056.npy,gen0153_A_nd_0056.npy
153,57,51.7235,887.281,gen0153_theta_nd_0057.npy,gen0153_A_nd_0057.npy
153,58,52.9936,889.731,gen0153_theta_nd_0058.npy,gen0153_A_nd_0058.npy
153,59,59.1578,900.793,gen0153_theta_nd_0059.npy,gen0153_A_nd_0059.npy
153,60,50.4563,884.22,gen0153_theta_nd_0060.npy,gen0153_A_nd_0060.npy
154,0,60.3872,903.281,gen0154_theta_nd_0000.npy,gen0154_A_nd_0000.npy
154,1,53.6929,890.818,gen0154_theta_nd_0001.npy,gen0154_A_nd_0001.npy
154,2,54.0492,891.173,gen0154_theta_nd_0002.npy,gen0154_A_nd_0002.npy
154,3,63.7601,908.776,gen0154_theta_nd_0003.npy,gen0154_A_nd_0003.npy
154,4,51.7235,887.281,gen0154_theta_nd_0004.npy,gen0154_A_nd_0004.npy
154,5,58.3154,899.321,gen0154_theta_nd_0005.npy,gen0154_A_nd_0005.npy
154,6,52.6241,888.563,gen0154_theta_nd_0006.npy,gen0154_A_nd_0006.npy
154,7,61.5677,905.03,gen0154_theta_nd_0007.npy,gen0154_A_nd_0007.npy
154,8,54.4603,891.871,gen0154_theta_nd_0008.npy,gen0154_A_nd_0008.npy
154,9,48.8948,880.994,gen0154_theta_nd_0009.npy,gen0154_A_nd_0009.npy
154,10,60.9395,904.052,gen0154_theta_nd_0010.npy,gen0154_A_nd_0010.npy
154,11,62.3839,906.007,gen0154_theta_nd_0011.npy,gen0154_A_nd_0011.npy
154,12,57.728,898.205,gen0154_theta_nd_0012.npy,gen0154_A_nd_0012.npy
154,13,53.1141,889.767,gen0154_theta_nd_0013.npy,gen0154_A_nd_0013.npy
154,14,56.7085,896.775,gen0154_theta_nd_0014.npy,gen0154_A_nd_0014.npy
154,15,55.0801,892.871,gen0154_theta_nd_0015.npy,gen0154_A_nd_0015.npy
154,16,49.4598,881.937,gen0154_theta_nd_0016.npy,gen0154_A_nd_0016.npy
154,17,62.4159,906.458,gen0154_theta_nd_0017.npy,gen0154_A_nd_0017.npy
154,18,64.3475,909.429,gen0154_theta_nd_0018.npy,gen0154_A_nd_0018.npy
154,19,58.8193,899.93,gen0154_theta_nd_0019.npy,gen0154_A_nd_0019.npy
154,20,50.0824,883.433,gen0154_theta_nd_0020.npy,gen0154_A_nd_0020.npy
154,21,52.7427,889.27,gen0154_theta_nd_0021.npy,gen0154_A_nd_0021.npy
154,22,60.1062,902.644,gen0154_theta_nd_0022.npy,gen0154_A_nd_0022.npy
154,23,54.5998,892.2,gen0154_theta_nd_0023.npy,gen0154_A_nd_0023.npy
154,24,58.0391,898.985,gen0154_theta_nd_0024.npy,gen0154_A_nd_0024.npy
154,25,56.2225,895.7,gen0154_theta_nd_0025.npy,gen0154_A_nd_0025.npy
154,26,49.5452,882.568,gen0154_theta_nd_0026.npy,gen0154_A_nd_0026.npy
154,27,60.7296,903.751,gen0154_theta_nd_0027.npy,gen0154_A_nd_0027.npy
154,28,50.5653,884.727,gen0154_theta_nd_0028.npy,gen0154_A_nd_0028.npy
154,29,57.4789,897.558,gen0154_theta_nd_0029.npy,gen0154_A_nd_0029.npy
154,30,55.4607,893.948,gen0154_theta_nd_0030.npy,gen0154_A_nd_0030.npy
154,31,55.7222,894.44,gen0154_theta_nd_0031.npy,gen0154_A_nd_0031.npy
154,32,48.1934,880.225,gen0154_theta_nd_0032.npy,gen0154_A_nd_0032.npy
154,33,63.4443,908.244,gen0154_theta_nd_0033.npy,gen0154_A_nd_0033.npy
154,34,51.4547,886.628,gen0154_theta_nd_0034.npy,gen0154_A_nd_0034.npy
154,35,59.8857,902.205,gen0154_theta_nd_0035.npy,gen0154_A_nd_0035.npy
154,36,48.5266,880.594,gen0154_theta_nd_0036.npy,gen0154_A_nd_0036.npy
154,37,52.4189,888.185,gen0154_theta_nd_0037.npy,gen0154_A_nd_0037.npy
154,38,62.0334,905.747,gen0154_theta_nd_0038.npy,gen0154_A_nd_0038.npy
154,39,59.214,900.888,gen0154_theta_nd_0039.npy,gen0154_A_nd_0039.npy
154,40,46.428,878.659,gen0154_theta_nd_0040.npy,gen0154_A_nd_0040.npy
154,41,52.0491,887.515,gen0154_theta_nd_0041.npy,gen0154_A_nd_0041.npy
154,42,51.0234,885.561,gen0154_theta_nd_0042.npy,gen0154_A_nd_0042.npy
154,43,51.178,886.245,gen0154_theta_nd_0043.npy,gen0154_A_nd_0043.npy
154,44,56.5858,895.926,gen0154_theta_nd_0044.npy,gen0154_A_nd_0044.npy
154,45,61.316,904.648,gen0154_theta_nd_0045.npy,gen0154_A_nd_0045.npy
154,46,50.4497,884.069,gen0154_theta_nd_0046.npy,gen0154_A_nd_0046.npy
154,47,53.2953,890.449,gen0154_theta_nd_0047.npy,gen0154_A_nd_0047.npy
154,48,59.4808,901.566,gen0154_theta_nd_0048.npy,gen0154_A_nd_0048.npy
154,49,49.8982,882.955,gen0154_theta_nd_0049.npy,gen0154_A_nd_0049.npy
154,50,49.2315,881.54,gen0154_theta_nd_0050.npy,gen0154_A_nd_0050.npy
154,51,57.3395,897.172,gen0154_theta_nd_0051.npy,gen0154_A_nd_0051.npy
154,52,50.7548,884.998,gen0154_theta_nd_0052.npy,gen0154_A_nd_0052.npy
154,53,62.7925,907.237,gen0154_theta_nd_0053.npy,gen0154_A_nd_0053.npy
154,54,47.3084,879.659,gen0154_theta_nd_0054.npy,gen0154_A_nd_0054.npy
154,55,55.8822,895.193,gen0154_theta_nd_0055.npy,gen0154_A_nd_0055.npy
154,56,58.911,900.278,gen0154_theta_nd_0056.npy,gen0154_A_nd_0056.npy
154,57,55.201,893.372,gen0154_theta_nd_0057.npy,gen0154_A_nd_0057.npy
154,58,63.0902,907.504,gen0154_theta_nd_0058.npy,gen0154_A_nd_0058.npy
154,59,49.2432,881.691,gen0154_theta_nd_0059.npy,gen0154_A_nd_0059.npy
154,60,55.2771,893.519,gen0154_theta_nd_0060.npy,gen0154_A_nd_0060.npy
155,0,61.316,904.648,gen0155_theta_nd_0000.npy,gen0155_A_nd_0000.npy
155,1,59.4808,901.566,gen0155_theta_nd_0001.npy,gen0155_A_nd_0001.npy
155,2,50.7548,884.998,gen0155_theta_nd_0002.npy,gen0155_A_nd_0002.npy
155,3,54.5998,892.2,gen0155_theta_nd_0003.npy,gen0155_A_nd_0003.npy
155,4,60.7296,903.751,gen0155_theta_nd_0004.npy,gen0155_A_nd_0004.npy
155,5,52.7427,889.27,gen0155_theta_nd_0005.npy,gen0155_A_nd_0005.npy
155,6,47.0587,879.343,gen0155_theta_nd_0006.npy,gen0155_A_nd_0006.npy
155,7,50.0824,883.433,gen0155_theta_nd_0007.npy,gen0155_A_nd_0007.npy
155,8,57.728,898.205,gen0155_theta_nd_0008.npy,gen0155_A_nd_0008.npy
155,9,53.2953,890.449,gen0155_theta_nd_0009.npy,gen0155_A_nd_0009.npy
155,10,62.3897,905.755,gen0155_theta_nd_0010.npy,gen0155_A_nd_0010.npy
155,11,52.4189,888.185,gen0155_theta_nd_0011.npy,gen0155_A_nd_0011.npy
155,12,55.0801,892.871,gen0155_theta_nd_0012.npy,gen0155_A_nd_0012.npy
155,13,54.0492,891.173,gen0155_theta_nd_0013.npy,gen0155_A_nd_0013.npy
155,14,54.4603,891.871,gen0155_theta_nd_0014.npy,gen0155_A_nd_0014.npy
155,15,47.3084,879.659,gen0155_theta_nd_0015.npy,gen0155_A_nd_0015.npy
155,16,53.6929,890.818,gen0155_theta_nd_0016.npy,gen0155_A_nd_0016.npy
155,17,56.7085,896.775,gen0155_theta_nd_0017.npy,gen0155_A_nd_0017.npy
155,18,48.5266,880.594,gen0155_theta_nd_0018.npy,gen0155_A_nd_0018.npy
155,19,62.0334,905.747,gen0155_theta_nd_0019.npy,gen0155_A_nd_0019.npy
155,20,60.1062,902.644,gen0155_theta_nd_0020.npy,gen0155_A_nd_0020.npy
155,21,60.9395,904.052,gen0155_theta_nd_0021.npy,gen0155_A_nd_0021.npy
155,22,58.8193,899.93,gen0155_theta_nd_0022.npy,gen0155_A_nd_0022.npy
155,23,63.4443,908.244,gen0155_theta_nd_0023.npy,gen0155_A_nd_0023.npy
155,24,48.8948,880.994,gen0155_theta_nd_0024.npy,gen0155_A_nd_0024.npy
155,25,58.3154,899.321,gen0155_theta_nd_0025.npy,gen0155_A_nd_0025.npy
155,26,63.7601,908.776,gen0155_theta_nd_0026.npy,gen0155_A_nd_0026.npy
155,27,58.0391,898.985,gen0155_theta_nd_0027.npy,gen0155_A_nd_0027.npy
155,28,56.5858,895.926,gen0155_theta_nd_0028.npy,gen0155_A_nd_0028.npy
155,29,51.7692,887.215,gen0155_theta_nd_0029.npy,gen0155_A_nd_0029.npy
155,30,57.3395,897.172,gen0155_theta_nd_0030.npy,gen0155_A_nd_0030.npy
155,31,55.4607,893.948,gen0155_theta_nd_0031.npy,gen0155_A_nd_0031.npy
155,32,59.214,900.888,gen0155_theta_nd_0032.npy,gen0155_A_nd_0032.npy
155,33,55.7222,894.44,gen0155_theta_nd_0033.npy,gen0155_A_nd_0033.npy
155,34,51.3608,886.149,gen0155_theta_nd_0034.npy,gen0155_A_nd_0034.npy
155,35,52.1955,887.45,gen0155_theta_nd_0035.npy,gen0155_A_nd_0035.npy
155,36,63.0902,907.504,gen0155_theta_nd_0036.npy,gen0155_A_nd_0036.npy
155,37,62.8306,907.162,gen0155_theta_nd_0037.npy,gen0155_A_nd_0037.npy
155,38,57.4789,897.558,gen0155_theta_nd_0038.npy,gen0155_A_nd_0038.npy
155,39,52.6241,888.563,gen0155_theta_nd_0039.npy,gen0155_A_nd_0039.npy
155,40,49.2315,881.54,gen0155_theta_nd_0040.npy,gen0155_A_nd_0040.npy
155,41,49.6589,882.539,gen0155_theta_nd_0041.npy,gen0155_A_nd_0041.npy
155,42,51.0234,885.561,gen0155_theta_nd_0042.npy,gen0155_A_nd_0042.npy
155,43,46.428,878.659,gen0155_theta_nd_0043.npy,gen0155_A_nd_0043.npy
155,44,50.4497,884.069,gen0155_theta_nd_0044.npy,gen0155_A_nd_0044.npy
155,45,56.0595,894.956,gen0155_theta_nd_0045.npy,gen0155_A_nd_0045.npy
155,46,53.1141,889.767,gen0155_theta_nd_0046.npy,gen0155_A_nd_0046.npy
155,47,64.3475,909.429,gen0155_theta_nd_0047.npy,gen0155_A_nd_0047.npy
155,48,55.201,893.372,gen0155_theta_nd_0048.npy,gen0155_A_nd_0048.npy
155,49,48.1934,880.225,gen0155_theta_nd_0049.npy,gen0155_A_nd_0049.npy
155,50,56.2225,895.7,gen0155_theta_nd_0050.npy,gen0155_A_nd_0050.npy
155,51,49.4598,881.937,gen0155_theta_nd_0051.npy,gen0155_A_nd_0051.npy
155,52,49.8982,882.955,gen0155_theta_nd_0052.npy,gen0155_A_nd_0052.npy
155,53,60.3872,903.281,gen0155_theta_nd_0053.npy,gen0155_A_nd_0053.npy
155,54,62.4159,906.458,gen0155_theta_nd_0054.npy,gen0155_A_nd_0054.npy
155,55,59.8857,902.205,gen0155_theta_nd_0055.npy,gen0155_A_nd_0055.npy
155,56,58.911,900.278,gen0155_theta_nd_0056.npy,gen0155_A_nd_0056.npy
155,57,50.5653,884.727,gen0155_theta_nd_0057.npy,gen0155_A_nd_0057.npy
155,58,61.5677,905.03,gen0155_theta_nd_0058.npy,gen0155_A_nd_0058.npy
155,59,50.4949,884.108,gen0155_theta_nd_0059.npy,gen0155_A_nd_0059.npy
155,60,61.1433,904.169,gen0155_theta_nd_0060.npy,gen0155_A_nd_0060.npy
156,0,64.3475,909.429,gen0156_theta_nd_0000.npy,gen0156_A_nd_0000.npy
156,1,50.5261,884.567,gen0156_theta_nd_0001.npy,gen0156_A_nd_0001.npy
156,2,52.7427,889.27,gen0156_theta_nd_0002.npy,gen0156_A_nd_0002.npy
156,3,60.3872,903.281,gen0156_theta_nd_0003.npy,gen0156_A_nd_0003.npy
156,4,63.7601,908.776,gen0156_theta_nd_0004.npy,gen0156_A_nd_0004.npy
156,5,49.6589,882.539,gen0156_theta_nd_0005.npy,gen0156_A_nd_0005.npy
156,6,53.2953,890.449,gen0156_theta_nd_0006.npy,gen0156_A_nd_0006.npy
156,7,48.5266,880.594,gen0156_theta_nd_0007.npy,gen0156_A_nd_0007.npy
156,8,51.0234,885.561,gen0156_theta_nd_0008.npy,gen0156_A_nd_0008.npy
156,9,46.428,878.659,gen0156_theta_nd_0009.npy,gen0156_A_nd_0009.npy
156,10,49.4598,881.937,gen0156_theta_nd_0010.npy,gen0156_A_nd_0010.npy
156,11,62.0334,905.747,gen0156_theta_nd_0011.npy,gen0156_A_nd_0011.npy
156,12,58.0391,898.985,gen0156_theta_nd_0012.npy,gen0156_A_nd_0012.npy
156,13,59.8328,902.013,gen0156_theta_nd_0013.npy,gen0156_A_nd_0013.npy
156,14,57.728,898.205,gen0156_theta_nd_0014.npy,gen0156_A_nd_0014.npy
156,15,62.6248,907.067,gen0156_theta_nd_0015.npy,gen0156_A_nd_0015.npy
156,16,54.0492,891.173,gen0156_theta_nd_0016.npy,gen0156_A_nd_0016.npy
156,17,55.0008,892.797,gen0156_theta_nd_0017.npy,gen0156_A_nd_0017.npy
156,18,47.0587,879.343,gen0156_theta_nd_0018.npy,gen0156_A_nd_0018.npy
156,19,59.214,900.888,gen0156_theta_nd_0019.npy,gen0156_A_nd_0019.npy
156,20,51.7692,887.215,gen0156_theta_nd_0020.npy,gen0156_A_nd_0020.npy
156,21,56.6252,895.665,gen0156_theta_nd_0021.npy,gen0156_A_nd_0021.npy
156,22,62.3897,905.755,gen0156_theta_nd_0022.npy,gen0156_A_nd_0022.npy
156,23,52.6241,888.563,gen0156_theta_nd_0023.npy,gen0156_A_nd_0023.npy
156,24,58.911,900.278,gen0156_theta_nd_0024.npy,gen0156_A_nd_0024.npy
156,25,62.8306,907.162,gen0156_theta_nd_0025.npy,gen0156_A_nd_0025.npy
156,26,59.4808,901.566,gen0156_theta_nd_0026.npy,gen0156_A_nd_0026.npy
156,27,48.1934,880.225,gen0156_theta_nd_0027.npy,gen0156_A_nd_0027.npy
156,28,56.0595,894.956,gen0156_theta_nd_0028.npy,gen0156_A_nd_0028.npy
156,29,57.4789,897.558,gen0156_theta_nd_0029.npy,gen0156_A_nd_0029.npy
156,30,61.5677,905.03,gen0156_theta_nd_0030.npy,gen0156_A_nd_0030.npy
156,31,50.7548,884.998,gen0156_theta_nd_0031.npy,gen0156_A_nd_0031.npy
156,32,51.3608,886.149,gen0156_theta_nd_0032.npy,gen0156_A_nd_0032.npy
156,33,63.0902,907.504,gen0156_theta_nd_0033.npy,gen0156_A_nd_0033.npy
156,34,50.4497,884.069,gen0156_theta_nd_0034.npy,gen0156_A_nd_0034.npy
156,35,49.8982,882.955,gen0156_theta_nd_0035.npy,gen0156_A_nd_0035.npy
156,36,57.3395,897.172,gen0156_theta_nd_0036.npy,gen0156_A_nd_0036.npy
156,37,60.7296,903.751,gen0156_theta_nd_0037.npy,gen0156_A_nd_0037.npy
156,38,63.4443,908.244,gen0156_theta_nd_0038.npy,gen0156_A_nd_0038.npy
156,39,48.8948,880.994,gen0156_theta_nd_0039.npy,gen0156_A_nd_0039.npy
156,40,60.1062,902.644,gen0156_theta_nd_0040.npy,gen0156_A_nd_0040.npy
156,41,56.3326,895.605,gen0156_theta_nd_0041.npy,gen0156_A_nd_0041.npy
156,42,56.7085,896.775,gen0156_theta_nd_0042.npy,gen0156_A_nd_0042.npy
156,43,54.5066,891.753,gen0156_theta_nd_0043.npy,gen0156_A_nd_0043.npy
156,44,50.0824,883.433,gen0156_theta_nd_0044.npy,gen0156_A_nd_0044.npy
156,45,61.316,904.648,gen0156_theta_nd_0045.npy,gen0156_A_nd_0045.npy
156,46,58.3154,899.321,gen0156_theta_nd_0046.npy,gen0156_A_nd_0046.npy
156,47,49.2315,881.54,gen0156_theta_nd_0047.npy,gen0156_A_nd_0047.npy
156,48,53.6929,890.818,gen0156_theta_nd_0048.npy,gen0156_A_nd_0048.npy
156,49,54.5998,892.2,gen0156_theta_nd_0049.npy,gen0156_A_nd_0049.npy
156,50,51.7007,886.586,gen0156_theta_nd_0050.npy,gen0156_A_nd_0050.npy
156,51,60.9395,904.052,gen0156_theta_nd_0051.npy,gen0156_A_nd_0051.npy
156,52,53.1141,889.767,gen0156_theta_nd_0052.npy,gen0156_A_nd_0052.npy
156,53,55.4607,893.948,gen0156_theta_nd_0053.npy,gen0156_A_nd_0053.npy
156,54,48.1579,879.657,gen0156_theta_nd_0054.npy,gen0156_A_nd_0054.npy
156,55,52.4189,888.185,gen0156_theta_nd_0055.npy,gen0156_A_nd_0055.npy
156,56,52.1955,887.45,gen0156_theta_nd_0056.npy,gen0156_A_nd_0056.npy
156,57,55.201,893.372,gen0156_theta_nd_0057.npy,gen0156_A_nd_0057.npy
156,58,55.7679,894.433,gen0156_theta_nd_0058.npy,gen0156_A_nd_0058.npy
156,59,58.5639,899.781,gen0156_theta_nd_0059.npy,gen0156_A_nd_0059.npy
156,60,54.8376,892.521,gen0156_theta_nd_0060.npy,gen0156_A_nd_0060.npy
157,0,58.3231,899.309,gen0157_theta_nd_0000.npy,gen0157_A_nd_0000.npy
157,1,52.6241,888.563,gen0157_theta_nd_0001.npy,gen0157_A_nd_0001.npy
157,2,54.6965,892.173,gen0157_theta_nd_0002.npy,gen0157_A_nd_0002.npy
157,3,49.8982,882.955,gen0157_theta_nd_0003.npy,gen0157_A_nd_0003.npy
157,4,63.7601,908.776,gen0157_theta_nd_0004.npy,gen0157_A_nd_0004.npy
157,5,53.1141,889.767,gen0157_theta_nd_0005.npy,gen0157_A_nd_0005.npy
157,6,56.3326,895.605,gen0157_theta_nd_0006.npy,gen0157_A_nd_0006.npy
157,7,56.6252,895.665,gen0157_theta_nd_0007.npy,gen0157_A_nd_0007.npy
157,8,57.7813,897.958,gen0157_theta_nd_0008.npy,gen0157_A_nd_0008.npy
157,9,48.1934,880.225,gen0157_theta_nd_0009.npy,gen0157_A_nd_0009.npy
157,10,48.8948,880.994,gen0157_theta_nd_0010.npy,gen0157_A_nd_0010.npy
157,11,47.0587,879.343,gen0157_theta_nd_0011.npy,gen0157_A_nd_0011.npy
157,12,57.4789,897.558,gen0157_theta_nd_0012.npy,gen0157_A_nd_0012.npy
157,13,55.4607,893.948,gen0157_theta_nd_0013.npy,gen0157_A_nd_0013.npy
157,14,50.0824,883.433,gen0157_theta_nd_0014.npy,gen0157_A_nd_0014.npy
157,15,61.5844,905.099,gen0157_theta_nd_0015.npy,gen0157_A_nd_0015.npy
157,16,59.4808,901.566,gen0157_theta_nd_0016.npy,gen0157_A_nd_0016.npy
157,17,51.3608,886.149,gen0157_theta_nd_0017.npy,gen0157_A_nd_0017.npy
157,18,63.4443,908.244,gen0157_theta_nd_0018.npy,gen0157_A_nd_0018.npy
157,19,60.7296,903.751,gen0157_theta_nd_0019.npy,gen0157_A_nd_0019.npy
157,20,58.911,900.278,gen0157_theta_nd_0020.npy,gen0157_A_nd_0020.npy
157,21,52.4189,888.185,gen0157_theta_nd_0021.npy,gen0157_A_nd_0021.npy
157,22,51.0234,885.561,gen0157_theta_nd_0022.npy,gen0157_A_nd_0022.npy
157,23,60.1062,902.644,gen0157_theta_nd_0023.npy,gen0157_A_nd_0023.npy
157,24,51.7422,887.11,gen0157_theta_nd_0024.npy,gen0157_A_nd_0024.npy
157,25,62.1911,905.414,gen0157_theta_nd_0025.npy,gen0157_A_nd_0025.npy
157,26,50.5261,884.567,gen0157_theta_nd_0026.npy,gen0157_A_nd_0026.npy
157,27,59.214,900.888,gen0157_theta_nd_0027.npy,gen0157_A_nd_0027.npy
157,28,51.7007,886.586,gen0157_theta_nd_0028.npy,gen0157_A_nd_0028.npy
157,29,56.0595,894.956,gen0157_theta_nd_0029.npy,gen0157_A_nd_0029.npy
157,30,61.316,904.648,gen0157_theta_nd_0030.npy,gen0157_A_nd_0030.npy
157,31,58.5639,899.781,gen0157_theta_nd_0031.npy,gen0157_A_nd_0031.npy
157,32,60.4115,902.904,gen0157_theta_nd_0032.npy,gen0157_A_nd_0032.npy
157,33,55.201,893.372,gen0157_theta_nd_0033.npy,gen0157_A_nd_0033.npy
157,34,58.0391,898.985,gen0157_theta_nd_0034.npy,gen0157_A_nd_0034.npy
157,35,53.2953,890.449,gen0157_theta_nd_0035.npy,gen0157_A_nd_0035.npy
157,36,55.0008,892.797,gen0157_theta_nd_0036.npy,gen0157_A_nd_0036.npy
157,37,52.7427,889.27,gen0157_theta_nd_0037.npy,gen0157_A_nd_0037.npy
157,38,64.3475,909.429,gen0157_theta_nd_0038.npy,gen0157_A_nd_0038.npy
157,39,50.4497,884.069,gen0157_theta_nd_0039.npy,gen0157_A_nd_0039.npy
157,40,54.0492,891.173,gen0157_theta_nd_0040.npy,gen0157_A_nd_0040.npy
157,41,49.4598,881.937,gen0157_theta_nd_0041.npy,gen0157_A_nd_0041.npy
157,42,48.1579,879.657,gen0157_theta_nd_0042.npy,gen0157_A_nd_0042.npy
157,43,63.0902,907.504,gen0157_theta_nd_0043.npy,gen0157_A_nd_0043.npy
157,44,60.9395,904.052,gen0157_theta_nd_0044.npy,gen0157_A_nd_0044.npy
157,45,50.7548,884.998,gen0157_theta_nd_0045.npy,gen0157_A_nd_0045.npy
157,46,46.428,878.659,gen0157_theta_nd_0046.npy,gen0157_A_nd_0046.npy
157,47,57.3395,897.172,gen0157_theta_nd_0047.npy,gen0157_A_nd_0047.npy
157,48,54.5066,891.753,gen0157_theta_nd_0048.npy,gen0157_A_nd_0048.npy
157,49,59.8328,902.013,gen0157_theta_nd_0049.npy,gen0157_A_nd_0049.npy
157,50,53.6929,890.818,gen0157_theta_nd_0050.npy,gen0157_A_nd_0050.npy
157,51,62.6248,907.067,gen0157_theta_nd_0051.npy,gen0157_A_nd_0051.npy
157,52,55.7679,894.433,gen0157_theta_nd_0052.npy,gen0157_A_nd_0052.npy
157,53,48.7049,880.577,gen0157_theta_nd_0053.npy,gen0157_A_nd_0053.npy
157,54,49.2315,881.54,gen0157_theta_nd_0054.npy,gen0157_A_nd_0054.npy
157,55,62.8306,907.162,gen0157_theta_nd_0055.npy,gen0157_A_nd_0055.npy
157,56,56.9477,896.516,gen0157_theta_nd_0056.npy,gen0157_A_nd_0056.npy
157,57,49.6589,882.539,gen0157_theta_nd_0057.npy,gen0157_A_nd_0057.npy
157,58,54.5739,891.916,gen0157_theta_nd_0058.npy,gen0157_A_nd_0058.npy
157,59,57.6492,897.881,gen0157_theta_nd_0059.npy,gen0157_A_nd_0059.npy
157,60,56.1884,895.471,gen0157_theta_nd_0060.npy,gen0157_A_nd_0060.npy
158,0,48.1579,879.657,gen0158_theta_nd_0000.npy,gen0158_A_nd_0000.npy
158,1,64.3475,909.429,gen0158_theta_nd_0001.npy,gen0158_A_nd_0001.npy
158,2,52.8498,889.04,gen0158_theta_nd_0002.npy,gen0158_A_nd_0002.npy
158,3,60.9395,904.052,gen0158_theta_nd_0003.npy,gen0158_A_nd_0003.npy
158,4,62.2353,905.673,gen0158_theta_nd_0004.npy,gen0158_A_nd_0004.npy
158,5,56.4123,894.988,gen0158_theta_nd_0005.npy,gen0158_A_nd_0005.npy
158,6,56.6252,895.665,gen0158_theta_nd_0006.npy,gen0158_A_nd_0006.npy
158,7,57.7813,897.958,gen0158_theta_nd_0007.npy,gen0158_A_nd_0007.npy
158,8,48.2659,879.99,gen0158_theta_nd_0008.npy,gen0158_A_nd_0008.npy
158,9,49.4598,881.937,gen0158_theta_nd_0009.npy,gen0158_A_nd_0009.npy
158,10,51.7007,886.586,gen0158_theta_nd_0010.npy,gen0158_A_nd_0010.npy
158,11,62.8306,907.162,gen0158_theta_nd_0011.npy,gen0158_A_nd_0011.npy
158,12,58.0509,898.953,gen0158_theta_nd_0012.npy,gen0158_A_nd_0012.npy
158,13,48.7049,880.577,gen0158_theta_nd_0013.npy,gen0158_A_nd_0013.npy
158,14,53.1141,889.767,gen0158_theta_nd_0014.npy,gen0158_A_nd_0014.npy
158,15,60.4115,902.904,gen0158_theta_nd_0015.npy,gen0158_A_nd_0015.npy
158,16,50.0824,883.433,gen0158_theta_nd_0016.npy,gen0158_A_nd_0016.npy
158,17,57.3395,897.172,gen0158_theta_nd_0017.npy,gen0158_A_nd_0017.npy
158,18,58.3231,899.309,gen0158_theta_nd_0018.npy,gen0158_A_nd_0018.npy
158,19,61.6175,905.097,gen0158_theta_nd_0019.npy,gen0158_A_nd_0019.npy
158,20,50.6517,884.359,gen0158_theta_nd_0020.npy,gen0158_A_nd_0020.npy
158,21,54.5066,891.753,gen0158_theta_nd_0021.npy,gen0158_A_nd_0021.npy
158,22,56.9477,896.516,gen0158_theta_nd_0022.npy,gen0158_A_nd_0022.npy
158,23,55.0008,892.797,gen0158_theta_nd_0023.npy,gen0158_A_nd_0023.npy
158,24,55.4607,893.948,gen0158_theta_nd_0024.npy,gen0158_A_nd_0024.npy
158,25,51.0234,885.561,gen0158_theta_nd_0025.npy,gen0158_A_nd_0025.npy
158,26,63.4443,908.244,gen0158_theta_nd_0026.npy,gen0158_A_nd_0026.npy
158,27,47.0587,879.343,gen0158_theta_nd_0027.npy,gen0158_A_nd_0027.npy
158,28,61.316,904.648,gen0158_theta_nd_0028.npy,gen0158_A_nd_0028.npy
158,29,50.7548,884.998,gen0158_theta_nd_0029.npy,gen0158_A_nd_0029.npy
158,30,60.7296,903.751,gen0158_theta_nd_0030.npy,gen0158_A_nd_0030.npy
158,31,53.6929,890.818,gen0158_theta_nd_0031.npy,gen0158_A_nd_0031.npy
158,32,53.2953,890.449,gen0158_theta_nd_0032.npy,gen0158_A_nd_0032.npy
158,33,63.7601,908.776,gen0158_theta_nd_0033.npy,gen0158_A_nd_0033.npy
158,34,57.4789,897.558,gen0158_theta_nd_0034.npy,gen0158_A_nd_0034.npy
158,35,49.8982,882.955,gen0158_theta_nd_0035.npy,gen0158_A_nd_0035.npy
158,36,54.6965,892.173,gen0158_theta_nd_0036.npy,gen0158_A_nd_0036.npy
158,37,49.6589,882.539,gen0158_theta_nd_0037.npy,gen0158_A_nd_0037.npy
158,38,63.0902,907.504,gen0158_theta_nd_0038.npy,gen0158_A_nd_0038.npy
158,39,49.2315,881.54,gen0158_theta_nd_0039.npy,gen0158_A_nd_0039.npy
158,40,52.6241,888.563,gen0158_theta_nd_0040.npy,gen0158_A_nd_0040.npy
158,41,55.3078,893.224,gen0158_theta_nd_0041.npy,gen0158_A_nd_0041.npy
158,42,52.4189,888.185,gen0158_theta_nd_0042.npy,gen0158_A_nd_0042.npy
158,43,59.214,900.888,gen0158_theta_nd_0043.npy,gen0158_A_nd_0043.npy
158,44,56.0595,894.956,gen0158_theta_nd_0044.npy,gen0158_A_nd_0044.npy
158,45,62.5377,906.838,gen0158_theta_nd_0045.npy,gen0158_A_nd_0045.npy
158,46,58.9873,900.074,gen0158_theta_nd_0046.npy,gen0158_A_nd_0046.npy
158,47,51.7422,887.11,gen0158_theta_nd_0047.npy,gen0158_A_nd_0047.npy
158,48,46.428,878.659,gen0158_theta_nd_0048.npy,gen0158_A_nd_0048.npy
158,49,59.8328,902.013,gen0158_theta_nd_0049.npy,gen0158_A_nd_0049.npy
158,50,60.1959,902.508,gen0158_theta_nd_0050.npy,gen0158_A_nd_0050.npy
158,51,54.0492,891.173,gen0158_theta_nd_0051.npy,gen0158_A_nd_0051.npy
158,52,58.5639,899.781,gen0158_theta_nd_0052.npy,gen0158_A_nd_0052.npy
158,53,59.4808,901.566,gen0158_theta_nd_0053.npy,gen0158_A_nd_0053.npy
158,54,55.7679,894.433,gen0158_theta_nd_0054.npy,gen0158_A_nd_0054.npy
158,55,51.3608,886.149,gen0158_theta_nd_0055.npy,gen0158_A_nd_0055.npy
158,56,50.4497,884.069,gen0158_theta_nd_0056.npy,gen0158_A_nd_0056.npy
158,57,48.8948,880.994,gen0158_theta_nd_0057.npy,gen0158_A_nd_0057.npy
158,58,59.3103,901.449,gen0158_theta_nd_0058.npy,gen0158_A_nd_0058.npy
158,59,50.7157,884.755,gen0158_theta_nd_0059.npy,gen0158_A_nd_0059.npy
158,60,51.0113,885.347,gen0158_theta_nd_0060.npy,gen0158_A_nd_0060.npy
159,0,55.3078,893.224,gen0159_theta_nd_0000.npy,gen0159_A_nd_0000.npy
159,1,53.6929,890.818,gen0159_theta_nd_0001.npy,gen0159_A_nd_0001.npy
159,2,61.8119,905.106,gen0159_theta_nd_0002.npy,gen0159_A_nd_0002.npy
159,3,50.0824,883.433,gen0159_theta_nd_0003.npy,gen0159_A_nd_0003.npy
159,4,55.9709,894.153,gen0159_theta_nd_0004.npy,gen0159_A_nd_0004.npy
159,5,54.0492,891.173,gen0159_theta_nd_0005.npy,gen0159_A_nd_0005.npy
159,6,56.4123,894.988,gen0159_theta_nd_0006.npy,gen0159_A_nd_0006.npy
159,7,53.2953,890.449,gen0159_theta_nd_0007.npy,gen0159_A_nd_0007.npy
159,8,61.4037,904.504,gen0159_theta_nd_0008.npy,gen0159_A_nd_0008.npy
159,9,48.1579,879.657,gen0159_theta_nd_0009.npy,gen0159_A_nd_0009.npy
159,10,53.1141,889.767,gen0159_theta_nd_0010.npy,gen0159_A_nd_0010.npy
159,11,62.2353,905.673,gen0159_theta_nd_0011.npy,gen0159_A_nd_0011.npy
159,12,54.6965,892.173,gen0159_theta_nd_0012.npy,gen0159_A_nd_0012.npy
159,13,48.2659,879.99,gen0159_theta_nd_0013.npy,gen0159_A_nd_0013.npy
159,14,52.6241,888.563,gen0159_theta_nd_0014.npy,gen0159_A_nd_0014.npy
159,15,57.0992,896.885,gen0159_theta_nd_0015.npy,gen0159_A_nd_0015.npy
159,16,52.0355,887.436,gen0159_theta_nd_0016.npy,gen0159_A_nd_0016.npy
159,17,60.1959,902.508,gen0159_theta_nd_0017.npy,gen0159_A_nd_0017.npy
159,18,56.0595,894.956,gen0159_theta_nd_0018.npy,gen0159_A_nd_0018.npy
159,19,51.3608,886.149,gen0159_theta_nd_0019.npy,gen0159_A_nd_0019.npy
159,20,63.0902,907.504,gen0159_theta_nd_0020.npy,gen0159_A_nd_0020.npy
159,21,59.9082,901.914,gen0159_theta_nd_0021.npy,gen0159_A_nd_0021.npy
159,22,50.4497,884.069,gen0159_theta_nd_0022.npy,gen0159_A_nd_0022.npy
159,23,49.6589,882.539,gen0159_theta_nd_0023.npy,gen0159_A_nd_0023.npy
159,24,59.214,900.888,gen0159_theta_nd_0024.npy,gen0159_A_nd_0024.npy
159,25,62.5377,906.838,gen0159_theta_nd_0025.npy,gen0159_A_nd_0025.npy
159,26,60.4115,902.904,gen0159_theta_nd_0026.npy,gen0159_A_nd_0026.npy
159,27,49.4598,881.937,gen0159_theta_nd_0027.npy,gen0159_A_nd_0027.npy
159,28,50.7548,884.998,gen0159_theta_nd_0028.npy,gen0159_A_nd_0028.npy
159,29,61.6312,905.055,gen0159_theta_nd_0029.npy,gen0159_A_nd_0029.npy
159,30,48.7049,880.577,gen0159_theta_nd_0030.npy,gen0159_A_nd_0030.npy
159,31,58.9873,900.074,gen0159_theta_nd_0031.npy,gen0159_A_nd_0031.npy
159,32,52.4189,888.185,gen0159_theta_nd_0032.npy,gen0159_A_nd_0032.npy
159,33,47.0587,879.343,gen0159_theta_nd_0033.npy,gen0159_A_nd_0033.npy
159,34,56.9477,896.516,gen0159_theta_nd_0034.npy,gen0159_A_nd_0034.npy
159,35,63.7601,908.776,gen0159_theta_nd_0035.npy,gen0159_A_nd_0035.npy
159,36,55.0008,892.797,gen0159_theta_nd_0036.npy,gen0159_A_nd_0036.npy
159,37,56.6252,895.665,gen0159_theta_nd_0037.npy,gen0159_A_nd_0037.npy
159,38,58.5639,899.781,gen0159_theta_nd_0038.npy,gen0159_A_nd_0038.npy
159,39,54.5066,891.753,gen0159_theta_nd_0039.npy,gen0159_A_nd_0039.npy
159,40,51.7422,887.11,gen0159_theta_nd_0040.npy,gen0159_A_nd_0040.npy
159,41,52.858,889.074,gen0159_theta_nd_0041.npy,gen0159_A_nd_0041.npy
159,42,64.3475,909.429,gen0159_theta_nd_0042.npy,gen0159_A_nd_0042.npy
159,43,49.9767,882.995,gen0159_theta_nd_0043.npy,gen0159_A_nd_0043.npy
159,44,49.0084,880.849,gen0159_theta_nd_0044.npy,gen0159_A_nd_0044.npy
159,45,60.7296,903.751,gen0159_theta_nd_0045.npy,gen0159_A_nd_0045.npy
159,46,63.4443,908.244,gen0159_theta_nd_0046.npy,gen0159_A_nd_0046.npy
159,47,51.0234,885.561,gen0159_theta_nd_0047.npy,gen0159_A_nd_0047.npy
159,48,46.428,878.659,gen0159_theta_nd_0048.npy,gen0159_A_nd_0048.npy
159,49,57.7813,897.958,gen0159_theta_nd_0049.npy,gen0159_A_nd_0049.npy
159,50,58.4238,899.069,gen0159_theta_nd_0050.npy,gen0159_A_nd_0050.npy
159,51,62.8306,907.162,gen0159_theta_nd_0051.npy,gen0159_A_nd_0051.npy
159,52,60.9395,904.052,gen0159_theta_nd_0052.npy,gen0159_A_nd_0052.npy
159,53,59.4808,901.566,gen0159_theta_nd_0053.npy,gen0159_A_nd_0053.npy
159,54,50.6845,884.701,gen0159_theta_nd_0054.npy,gen0159_A_nd_0054.npy
159,55,51.7007,886.586,gen0159_theta_nd_0055.npy,gen0159_A_nd_0055.npy
159,56,49.2315,881.54,gen0159_theta_nd_0056.npy,gen0159_A_nd_0056.npy
159,57,55.4607,893.948,gen0159_theta_nd_0057.npy,gen0159_A_nd_0057.npy
159,58,57.4789,897.558,gen0159_theta_nd_0058.npy,gen0159_A_nd_0058.npy
159,59,60.3968,902.822,gen0159_theta_nd_0059.npy,gen0159_A_nd_0059.npy
159,60,51.1719,885.637,gen0159_theta_nd_0060.npy,gen0159_A_nd_0060.npy
160,0,63.7601,908.776,gen0160_theta_nd_0000.npy,gen0160_A_nd_0000.npy
160,1,58.9873,900.074,gen0160_theta_nd_0001.npy,gen0160_A_nd_0001.npy
160,2,48.2898,879.908,gen0160_theta_nd_0002.npy,gen0160_A_nd_0002.npy
160,3,48.5961,880.169,gen0160_theta_nd_0003.npy,gen0160_A_nd_0003.npy
160,4,52.3719,888.165,gen0160_theta_nd_0004.npy,gen0160_A_nd_0004.npy
160,5,50.4497,884.069,gen0160_theta_nd_0005.npy,gen0160_A_nd_0005.npy
160,6,62.8306,907.162,gen0160_theta_nd_0006.npy,gen0160_A_nd_0006.npy
160,7,57.827,898.289,gen0160_theta_nd_0007.npy,gen0160_A_nd_0007.npy
160,8,51.7007,886.586,gen0160_theta_nd_0008.npy,gen0160_A_nd_0008.npy
160,9,54.0492,891.173,gen0160_theta_nd_0009.npy,gen0160_A_nd_0009.npy
160,10,59.2477,900.926,gen0160_theta_nd_0010.npy,gen0160_A_nd_0010.npy
160,11,61.6312,905.055,gen0160_theta_nd_0011.npy,gen0160_A_nd_0011.npy
160,12,60.1959,902.508,gen0160_theta_nd_0012.npy,gen0160_A_nd_0012.npy
160,13,49.4598,881.937,gen0160_theta_nd_0013.npy,gen0160_A_nd_0013.npy
160,14,58.6564,899.785,gen0160_theta_nd_0014.npy,gen0160_A_nd_0014.npy
160,15,57.05,896.695,gen0160_theta_nd_0015.npy,gen0160_A_nd_0015.npy
160,16,55.7736,893.71,gen0160_theta_nd_0016.npy,gen0160_A_nd_0016.npy
160,17,55.3168,892.938,gen0160_theta_nd_0017.npy,gen0160_A_nd_0017.npy
160,18,48.9883,880.797,gen0160_theta_nd_0018.npy,gen0160_A_nd_0018.npy
160,19,58.4238,899.069,gen0160_theta_nd_0019.npy,gen0160_A_nd_0019.npy
160,20,54.5066,891.753,gen0160_theta_nd_0020.npy,gen0160_A_nd_0020.npy
160,21,62.2353,905.673,gen0160_theta_nd_0021.npy,gen0160_A_nd_0021.npy
160,22,55.9709,894.153,gen0160_theta_nd_0022.npy,gen0160_A_nd_0022.npy
160,23,50.7548,884.998,gen0160_theta_nd_0023.npy,gen0160_A_nd_0023.npy
160,24,62.5377,906.838,gen0160_theta_nd_0024.npy,gen0160_A_nd_0024.npy
160,25,57.6017,897.69,gen0160_theta_nd_0025.npy,gen0160_A_nd_0025.npy
160,26,63.4443,908.244,gen0160_theta_nd_0026.npy,gen0160_A_nd_0026.npy
160,27,60.9395,904.052,gen0160_theta_nd_0027.npy,gen0160_A_nd_0027.npy
160,28,64.3475,909.429,gen0160_theta_nd_0028.npy,gen0160_A_nd_0028.npy
160,29,57.0992,896.885,gen0160_theta_nd_0029.npy,gen0160_A_nd_0029.npy
160,30,51.0234,885.561,gen0160_theta_nd_0030.npy,gen0160_A_nd_0030.npy
160,31,60.7296,903.751,gen0160_theta_nd_0031.npy,gen0160_A_nd_0031.npy
160,32,63.0902,907.504,gen0160_theta_nd_0032.npy,gen0160_A_nd_0032.npy
160,33,52.9604,889.495,gen0160_theta_nd_0033.npy,gen0160_A_nd_0033.npy
160,34,52.6689,888.683,gen0160_theta_nd_0034.npy,gen0160_A_nd_0034.npy
160,35,60.4115,902.904,gen0160_theta_nd_0035.npy,gen0160_A_nd_0035.npy
160,36,62.0389,905.271,gen0160_theta_nd_0036.npy,gen0160_A_nd_0036.npy
160,37,56.6252,895.665,gen0160_theta_nd_0037.npy,gen0160_A_nd_0037.npy
160,38,51.9399,886.959,gen0160_theta_nd_0038.npy,gen0160_A_nd_0038.npy
160,39,49.5593,882.154,gen0160_theta_nd_0039.npy,gen0160_A_nd_0039.npy
160,40,46.7081,878.336,gen0160_theta_nd_0040.npy,gen0160_A_nd_0040.npy
160,41,59.9082,901.914,gen0160_theta_nd_0041.npy,gen0160_A_nd_0041.npy
160,42,61.4037,904.504,gen0160_theta_nd_0042.npy,gen0160_A_nd_0042.npy
160,43,53.1141,889.767,gen0160_theta_nd_0043.npy,gen0160_A_nd_0043.npy
160,44,56.4739,895.478,gen0160_theta_nd_0044.npy,gen0160_A_nd_0044.npy
160,45,53.6929,890.818,gen0160_theta_nd_0045.npy,gen0160_A_nd_0045.npy
160,46,52.0355,887.436,gen0160_theta_nd_0046.npy,gen0160_A_nd_0046.npy
160,47,55.0093,892.761,gen0160_theta_nd_0047.npy,gen0160_A_nd_0047.npy
160,48,49.9159,882.787,gen0160_theta_nd_0048.npy,gen0160_A_nd_0048.npy
160,49,54.6965,892.173,gen0160_theta_nd_0049.npy,gen0160_A_nd_0049.npy
160,50,50.0824,883.433,gen0160_theta_nd_0050.npy,gen0160_A_nd_0050.npy
160,51,49.2315,881.54,gen0160_theta_nd_0051.npy,gen0160_A_nd_0051.npy
160,52,59.4808,901.566,gen0160_theta_nd_0052.npy,gen0160_A_nd_0052.npy
160,53,53.2953,890.449,gen0160_theta_nd_0053.npy,gen0160_A_nd_0053.npy
160,54,51.3608,886.149,gen0160_theta_nd_0054.npy,gen0160_A_nd_0054.npy
160,55,56.0595,894.956,gen0160_theta_nd_0055.npy,gen0160_A_nd_0055.npy
160,56,47.7367,879.076,gen0160_theta_nd_0056.npy,gen0160_A_nd_0056.npy
160,57,52.4189,888.185,gen0160_theta_nd_0057.npy,gen0160_A_nd_0057.npy
160,58,60.3968,902.822,gen0160_theta_nd_0058.npy,gen0160_A_nd_0058.npy
160,59,51.842,886.876,gen0160_theta_nd_0059.npy,gen0160_A_nd_0059.npy
160,60,56.2662,894.967,gen0160_theta_nd_0060.npy,gen0160_A_nd_0060.npy
161,0,46.7081,878.336,gen0161_theta_nd_0000.npy,gen0161_A_nd_0000.npy
161,1,51.3608,886.149,gen0161_theta_nd_0001.npy,gen0161_A_nd_0001.npy
161,2,55.7736,893.71,gen0161_theta_nd_0002.npy,gen0161_A_nd_0002.npy
161,3,63.4443,908.244,gen0161_theta_nd_0003.npy,gen0161_A_nd_0003.npy
161,4,58.6564,899.785,gen0161_theta_nd_0004.npy,gen0161_A_nd_0004.npy
161,5,52.3719,888.165,gen0161_theta_nd_0005.npy,gen0161_A_nd_0005.npy
161,6,57.827,898.289,gen0161_theta_nd_0006.npy,gen0161_A_nd_0006.npy
161,7,54.1767,890.911,gen0161_theta_nd_0007.npy,gen0161_A_nd_0007.npy
161,8,49.0875,881.361,gen0161_theta_nd_0008.npy,gen0161_A_nd_0008.npy
161,9,53.6929,890.818,gen0161_theta_nd_0009.npy,gen0161_A_nd_0009.npy
161,10,52.6689,888.683,gen0161_theta_nd_0010.npy,gen0161_A_nd_0010.npy
161,11,51.653,886.49,gen0161_theta_nd_0011.npy,gen0161_A_nd_0011.npy
161,12,62.5096,906.007,gen0161_theta_nd_0012.npy,gen0161_A_nd_0012.npy
161,13,61.0564,903.954,gen0161_theta_nd_0013.npy,gen0161_A_nd_0013.npy
161,14,56.6252,895.665,gen0161_theta_nd_0014.npy,gen0161_A_nd_0014.npy
161,15,49.4598,881.937,gen0161_theta_nd_0015.npy,gen0161_A_nd_0015.npy
161,16,53.0129,889.111,gen0161_theta_nd_0016.npy,gen0161_A_nd_0016.npy
161,17,55.0093,892.761,gen0161_theta_nd_0017.npy,gen0161_A_nd_0017.npy
161,18,47.7367,879.076,gen0161_theta_nd_0018.npy,gen0161_A_nd_0018.npy
161,19,50.0824,883.433,gen0161_theta_nd_0019.npy,gen0161_A_nd_0019.npy
161,20,60.4115,902.904,gen0161_theta_nd_0020.npy,gen0161_A_nd_0020.npy
161,21,63.7601,908.776,gen0161_theta_nd_0021.npy,gen0161_A_nd_0021.npy
161,22,63.0902,907.504,gen0161_theta_nd_0022.npy,gen0161_A_nd_0022.npy
161,23,59.6475,901.286,gen0161_theta_nd_0023.npy,gen0161_A_nd_0023.npy
161,24,59.9082,901.914,gen0161_theta_nd_0024.npy,gen0161_A_nd_0024.npy
161,25,55.3168,892.938,gen0161_theta_nd_0025.npy,gen0161_A_nd_0025.npy
161,26,54.5066,891.753,gen0161_theta_nd_0026.npy,gen0161_A_nd_0026.npy
161,27,53.2571,889.474,gen0161_theta_nd_0027.npy,gen0161_A_nd_0027.npy
161,28,62.2353,905.673,gen0161_theta_nd_0028.npy,gen0161_A_nd_0028.npy
161,29,58.1392,898.556,gen0161_theta_nd_0029.npy,gen0161_A_nd_0029.npy
161,30,54.6965,892.173,gen0161_theta_nd_0030.npy,gen0161_A_nd_0030.npy
161,31,49.5593,882.154,gen0161_theta_nd_0031.npy,gen0161_A_nd_0031.npy
161,32,52.0355,887.436,gen0161_theta_nd_0032.npy,gen0161_A_nd_0032.npy
161,33,53.2953,890.449,gen0161_theta_nd_0033.npy,gen0161_A_nd_0033.npy
161,34,58.4238,899.069,gen0161_theta_nd_0034.npy,gen0161_A_nd_0034.npy
161,35,57.6017,897.69,gen0161_theta_nd_0035.npy,gen0161_A_nd_0035.npy
161,36,60.1959,902.508,gen0161_theta_nd_0036.npy,gen0161_A_nd_0036.npy
161,37,62.0389,905.271,gen0161_theta_nd_0037.npy,gen0161_A_nd_0037.npy
161,38,56.2039,894.944,gen0161_theta_nd_0038.npy,gen0161_A_nd_0038.npy
161,39,60.7296,903.751,gen0161_theta_nd_0039.npy,gen0161_A_nd_0039.npy
161,40,48.5961,880.169,gen0161_theta_nd_0040.npy,gen0161_A_nd_0040.npy
161,41,58.9873,900.074,gen0161_theta_nd_0041.npy,gen0161_A_nd_0041.npy
161,42,51.0234,885.561,gen0161_theta_nd_0042.npy,gen0161_A_nd_0042.npy
161,43,48.9883,880.797,gen0161_theta_nd_0043.npy,gen0161_A_nd_0043.npy
161,44,57.1747,897.193,gen0161_theta_nd_0044.npy,gen0161_A_nd_0044.npy
161,45,59.2477,900.926,gen0161_theta_nd_0045.npy,gen0161_A_nd_0045.npy
161,46,48.2898,879.908,gen0161_theta_nd_0046.npy,gen0161_A_nd_0046.npy
161,47,50.4497,884.069,gen0161_theta_nd_0047.npy,gen0161_A_nd_0047.npy
161,48,61.6312,905.055,gen0161_theta_nd_0048.npy,gen0161_A_nd_0048.npy
161,49,62.8306,907.162,gen0161_theta_nd_0049.npy,gen0161_A_nd_0049.npy
161,50,50.7548,884.998,gen0161_theta_nd_0050.npy,gen0161_A_nd_0050.npy
161,51,61.4102,904.474,gen0161_theta_nd_0051.npy,gen0161_A_nd_0051.npy
161,52,51.9399,886.959,gen0161_theta_nd_0052.npy,gen0161_A_nd_0052.npy
161,53,55.9709,894.153,gen0161_theta_nd_0053.npy,gen0161_A_nd_0053.npy
161,54,56.4739,895.478,gen0161_theta_nd_0054.npy,gen0161_A_nd_0054.npy
161,55,57.05,896.695,gen0161_theta_nd_0055.npy,gen0161_A_nd_0055.npy
161,56,49.9159,882.787,gen0161_theta_nd_0056.npy,gen0161_A_nd_0056.npy
161,57,64.3475,909.429,gen0161_theta_nd_0057.npy,gen0161_A_nd_0057.npy
161,58,58.9626,900.051,gen0161_theta_nd_0058.npy,gen0161_A_nd_0058.npy
161,59,48.7435,880.62,gen0161_theta_nd_0059.npy,gen0161_A_nd_0059.npy
161,60,49.2315,881.54,gen0161_theta_nd_0060.npy,gen0161_A_nd_0060.npy
162,0,55.7736,893.71,gen0162_theta_nd_0000.npy,gen0162_A_nd_0000.npy
162,1,63.7601,908.776,gen0162_theta_nd_0001.npy,gen0162_A_nd_0001.npy
162,2,64.3475,909.429,gen0162_theta_nd_0002.npy,gen0162_A_nd_0002.npy
162,3,53.344,890.051,gen0162_theta_nd_0003.npy,gen0162_A_nd_0003.npy
162,4,50.7548,884.998,gen0162_theta_nd_0004.npy,gen0162_A_nd_0004.npy
162,5,56.7186,895.92,gen0162_theta_nd_0005.npy,gen0162_A_nd_0005.npy
162,6,52.6689,888.683,gen0162_theta_nd_0006.npy,gen0162_A_nd_0006.npy
162,7,48.9883,880.797,gen0162_theta_nd_0007.npy,gen0162_A_nd_0007.npy
162,8,62.2353,905.673,gen0162_theta_nd_0008.npy,gen0162_A_nd_0008.npy
162,9,55.0093,892.761,gen0162_theta_nd_0009.npy,gen0162_A_nd_0009.npy
162,10,51.228,885.536,gen0162_theta_nd_0010.npy,gen0162_A_nd_0010.npy
162,11,60.4115,902.904,gen0162_theta_nd_0011.npy,gen0162_A_nd_0011.npy
162,12,57.1747,897.193,gen0162_theta_nd_0012.npy,gen0162_A_nd_0012.npy
162,13,54.5066,891.753,gen0162_theta_nd_0013.npy,gen0162_A_nd_0013.npy
162,14,59.6475,901.286,gen0162_theta_nd_0014.npy,gen0162_A_nd_0014.npy
162,15,46.7081,878.336,gen0162_theta_nd_0015.npy,gen0162_A_nd_0015.npy
162,16,54.6965,892.173,gen0162_theta_nd_0016.npy,gen0162_A_nd_0016.npy
162,17,58.9873,900.074,gen0162_theta_nd_0017.npy,gen0162_A_nd_0017.npy
162,18,57.827,898.289,gen0162_theta_nd_0018.npy,gen0162_A_nd_0018.npy
162,19,59.9082,901.914,gen0162_theta_nd_0019.npy,gen0162_A_nd_0019.npy
162,20,58.4238,899.069,gen0162_theta_nd_0020.npy,gen0162_A_nd_0020.npy
162,21,63.4443,908.244,gen0162_theta_nd_0021.npy,gen0162_A_nd_0021.npy
162,22,49.9159,882.787,gen0162_theta_nd_0022.npy,gen0162_A_nd_0022.npy
162,23,62.8306,907.162,gen0162_theta_nd_0023.npy,gen0162_A_nd_0023.npy
162,24,51.9399,886.959,gen0162_theta_nd_0024.npy,gen0162_A_nd_0024.npy
162,25,53.0129,889.111,gen0162_theta_nd_0025.npy,gen0162_A_nd_0025.npy
162,26,61.0564,903.954,gen0162_theta_nd_0026.npy,gen0162_A_nd_0026.npy
162,27,51.3608,886.149,gen0162_theta_nd_0027.npy,gen0162_A_nd_0027.npy
162,28,49.5593,882.154,gen0162_theta_nd_0028.npy,gen0162_A_nd_0028.npy
162,29,58.6745,899.971,gen0162_theta_nd_0029.npy,gen0162_A_nd_0029.npy
162,30,47.7367,879.076,gen0162_theta_nd_0030.npy,gen0162_A_nd_0030.npy
162,31,49.4598,881.937,gen0162_theta_nd_0031.npy,gen0162_A_nd_0031.npy
162,32,56.4667,895.267,gen0162_theta_nd_0032.npy,gen0162_A_nd_0032.npy
162,33,54.1767,890.911,gen0162_theta_nd_0033.npy,gen0162_A_nd_0033.npy
162,34,52.2493,887.591,gen0162_theta_nd_0034.npy,gen0162_A_nd_0034.npy
162,35,62.5096,906.007,gen0162_theta_nd_0035.npy,gen0162_A_nd_0035.npy
162,36,60.7296,903.751,gen0162_theta_nd_0036.npy,gen0162_A_nd_0036.npy
162,37,50.4497,884.069,gen0162_theta_nd_0037.npy,gen0162_A_nd_0037.npy
162,38,59.2477,900.926,gen0162_theta_nd_0038.npy,gen0162_A_nd_0038.npy
162,39,57.05,896.695,gen0162_theta_nd_0039.npy,gen0162_A_nd_0039.npy
162,40,55.9709,894.153,gen0162_theta_nd_0040.npy,gen0162_A_nd_0040.npy
162,41,51.653,886.49,gen0162_theta_nd_0041.npy,gen0162_A_nd_0041.npy
162,42,48.5961,880.169,gen0162_theta_nd_0042.npy,gen0162_A_nd_0042.npy
162,43,56.2039,894.944,gen0162_theta_nd_0043.npy,gen0162_A_nd_0043.npy
162,44,53.6929,890.818,gen0162_theta_nd_0044.npy,gen0162_A_nd_0044.npy
162,45,61.4102,904.474,gen0162_theta_nd_0045.npy,gen0162_A_nd_0045.npy
162,46,55.3168,892.938,gen0162_theta_nd_0046.npy,gen0162_A_nd_0046.npy
162,47,61.6312,905.055,gen0162_theta_nd_0047.npy,gen0162_A_nd_0047.npy
162,48,60.1959,902.508,gen0162_theta_nd_0048.npy,gen0162_A_nd_0048.npy
162,49,50.0824,883.433,gen0162_theta_nd_0049.npy,gen0162_A_nd_0049.npy
162,50,63.1888,907.682,gen0162_theta_nd_0050.npy,gen0162_A_nd_0050.npy
162,51,52.3719,888.165,gen0162_theta_nd_0051.npy,gen0162_A_nd_0051.npy
162,52,49.0875,881.361,gen0162_theta_nd_0052.npy,gen0162_A_nd_0052.npy
162,53,48.4293,879.799,gen0162_theta_nd_0053.npy,gen0162_A_nd_0053.npy
162,54,62.0389,905.271,gen0162_theta_nd_0054.npy,gen0162_A_nd_0054.npy
162,55,57.6017,897.69,gen0162_theta_nd_0055.npy,gen0162_A_nd_0055.npy
162,56,58.1392,898.556,gen0162_theta_nd_0056.npy,gen0162_A_nd_0056.npy
162,57,53.2571,889.474,gen0162_theta_nd_0057.npy,gen0162_A_nd_0057.npy
162,58,58.6564,899.785,gen0162_theta_nd_0058.npy,gen0162_A_nd_0058.npy
162,59,50.8747,885.344,gen0162_theta_nd_0059.npy,gen0162_A_nd_0059.npy
162,60,48.7435,880.62,gen0162_theta_nd_0060.npy,gen0162_A_nd_0060.npy
163,0,57.827,898.289,gen0163_theta_nd_0000.npy,gen0163_A_nd_0000.npy
163,1,63.4443,908.244,gen0163_theta_nd_0001.npy,gen0163_A_nd_0001.npy
163,2,48.4293,879.799,gen0163_theta_nd_0002.npy,gen0163_A_nd_0002.npy
163,3,64.3475,909.429,gen0163_theta_nd_0003.npy,gen0163_A_nd_0003.npy
163,4,48.9883,880.797,gen0163_theta_nd_0004.npy,gen0163_A_nd_0004.npy
163,5,58.9873,900.074,gen0163_theta_nd_0005.npy,gen0163_A_nd_0005.npy
163,6,53.0129,889.111,gen0163_theta_nd_0006.npy,gen0163_A_nd_0006.npy
163,7,63.7601,908.776,gen0163_theta_nd_0007.npy,gen0163_A_nd_0007.npy
163,8,59.2477,900.926,gen0163_theta_nd_0008.npy,gen0163_A_nd_0008.npy
163,9,62.0389,905.271,gen0163_theta_nd_0009.npy,gen0163_A_nd_0009.npy
163,10,63.1888,907.682,gen0163_theta_nd_0010.npy,gen0163_A_nd_0010.npy
163,11,49.1673,881.346,gen0163_theta_nd_0011.npy,gen0163_A_nd_0011.npy
163,12,55.0093,892.761,gen0163_theta_nd_0012.npy,gen0163_A_nd_0012.npy
163,13,53.2571,889.474,gen0163_theta_nd_0013.npy,gen0163_A_nd_0013.npy
163,14,50.7548,884.998,gen0163_theta_nd_0014.npy,gen0163_A_nd_0014.npy
163,15,59.6475,901.286,gen0163_theta_nd_0015.npy,gen0163_A_nd_0015.npy
163,16,50.4497,884.069,gen0163_theta_nd_0016.npy,gen0163_A_nd_0016.npy
163,17,50.0824,883.433,gen0163_theta_nd_0017.npy,gen0163_A_nd_0017.npy
163,18,57.1747,897.193,gen0163_theta_nd_0018.npy,gen0163_A_nd_0018.npy
163,19,55.7736,893.71,gen0163_theta_nd_0019.npy,gen0163_A_nd_0019.npy
163,20,57.6017,897.69,gen0163_theta_nd_0020.npy,gen0163_A_nd_0020.npy
163,21,47.1545,878.687,gen0163_theta_nd_0021.npy,gen0163_A_nd_0021.npy
163,22,52.6689,888.683,gen0163_theta_nd_0022.npy,gen0163_A_nd_0022.npy
163,23,54.5066,891.753,gen0163_theta_nd_0023.npy,gen0163_A_nd_0023.npy
163,24,61.6312,905.055,gen0163_theta_nd_0024.npy,gen0163_A_nd_0024.npy
163,25,55.3168,892.938,gen0163_theta_nd_0025.npy,gen0163_A_nd_0025.npy
163,26,49.5593,882.154,gen0163_theta_nd_0026.npy,gen0163_A_nd_0026.npy
163,27,56.2039,894.944,gen0163_theta_nd_0027.npy,gen0163_A_nd_0027.npy
163,28,58.1392,898.556,gen0163_theta_nd_0028.npy,gen0163_A_nd_0028.npy
163,29,51.9399,886.959,gen0163_theta_nd_0029.npy,gen0163_A_nd_0029.npy
163,30,54.1767,890.911,gen0163_theta_nd_0030.npy,gen0163_A_nd_0030.npy
163,31,50.7143,884.638,gen0163_theta_nd_0031.npy,gen0163_A_nd_0031.npy
163,32,58.6745,899.971,gen0163_theta_nd_0032.npy,gen0163_A_nd_0032.npy
163,33,52.4775,887.839,gen0163_theta_nd_0033.npy,gen0163_A_nd_0033.npy
163,34,56.4667,895.267,gen0163_theta_nd_0034.npy,gen0163_A_nd_0034.npy
163,35,62.2353,905.673,gen0163_theta_nd_0035.npy,gen0163_A_nd_0035.npy
163,36,49.4598,881.937,gen0163_theta_nd_0036.npy,gen0163_A_nd_0036.npy
163,37,49.9159,882.787,gen0163_theta_nd_0037.npy,gen0163_A_nd_0037.npy
163,38,62.5096,906.007,gen0163_theta_nd_0038.npy,gen0163_A_nd_0038.npy
163,39,61.0564,903.954,gen0163_theta_nd_0039.npy,gen0163_A_nd_0039.npy
163,40,60.1959,902.508,gen0163_theta_nd_0040.npy,gen0163_A_nd_0040.npy
163,41,48.1317,879.154,gen0163_theta_nd_0041.npy,gen0163_A_nd_0041.npy
163,42,51.3608,886.149,gen0163_theta_nd_0042.npy,gen0163_A_nd_0042.npy
163,43,59.9505,901.764,gen0163_theta_nd_0043.npy,gen0163_A_nd_0043.npy
163,44,46.7081,878.336,gen0163_theta_nd_0044.npy,gen0163_A_nd_0044.npy
163,45,58.4238,899.069,gen0163_theta_nd_0045.npy,gen0163_A_nd_0045.npy
163,46,55.9709,894.153,gen0163_theta_nd_0046.npy,gen0163_A_nd_0046.npy
163,47,56.7186,895.92,gen0163_theta_nd_0047.npy,gen0163_A_nd_0047.npy
163,48,54.0314,890.589,gen0163_theta_nd_0048.npy,gen0163_A_nd_0048.npy
163,49,54.6965,892.173,gen0163_theta_nd_0049.npy,gen0163_A_nd_0049.npy
163,50,51.228,885.536,gen0163_theta_nd_0050.npy,gen0163_A_nd_0050.npy
163,51,48.5961,880.169,gen0163_theta_nd_0051.npy,gen0163_A_nd_0051.npy
163,52,62.8306,907.162,gen0163_theta_nd_0052.npy,gen0163_A_nd_0052.npy
163,53,52.2493,887.591,gen0163_theta_nd_0053.npy,gen0163_A_nd_0053.npy
163,54,60.5316,903.105,gen0163_theta_nd_0054.npy,gen0163_A_nd_0054.npy
163,55,53.5131,889.914,gen0163_theta_nd_0055.npy,gen0163_A_nd_0055.npy
163,56,51.653,886.49,gen0163_theta_nd_0056.npy,gen0163_A_nd_0056.npy
163,57,61.4102,904.474,gen0163_theta_nd_0057.npy,gen0163_A_nd_0057.npy
163,58,57.05,896.695,gen0163_theta_nd_0058.npy,gen0163_A_nd_0058.npy
163,59,63.5617,908.451,gen0163_theta_nd_0059.npy,gen0163_A_nd_0059.npy
163,60,54.5377,891.846,gen0163_theta_nd_0060.npy,gen0163_A_nd_0060.npy
164,0,55.9709,894.153,gen0164_theta_nd_0000.npy,gen0164_A_nd_0000.npy
164,1,53.0129,889.111,gen0164_theta_nd_0001.npy,gen0164_A_nd_0001.npy
164,2,48.9883,880.797,gen0164_theta_nd_0002.npy,gen0164_A_nd_0002.npy
164,3,54.6965,892.173,gen0164_theta_nd_0003.npy,gen0164_A_nd_0003.npy
164,4,58.9873,900.074,gen0164_theta_nd_0004.npy,gen0164_A_nd_0004.npy
164,5,54.5066,891.753,gen0164_theta_nd_0005.npy,gen0164_A_nd_0005.npy
164,6,54.1791,891.092,gen0164_theta_nd_0006.npy,gen0164_A_nd_0006.npy
164,7,48.1317,879.154,gen0164_theta_nd_0007.npy,gen0164_A_nd_0007.npy
164,8,50.7143,884.638,gen0164_theta_nd_0008.npy,gen0164_A_nd_0008.npy
164,9,50.2565,884.056,gen0164_theta_nd_0009.npy,gen0164_A_nd_0009.npy
164,10,51.9399,886.959,gen0164_theta_nd_0010.npy,gen0164_A_nd_0010.npy
164,11,59.2477,900.926,gen0164_theta_nd_0011.npy,gen0164_A_nd_0011.npy
164,12,61.0564,903.954,gen0164_theta_nd_0012.npy,gen0164_A_nd_0012.npy
164,13,56.4667,895.267,gen0164_theta_nd_0013.npy,gen0164_A_nd_0013.npy
164,14,47.1545,878.687,gen0164_theta_nd_0014.npy,gen0164_A_nd_0014.npy
164,15,62.0389,905.271,gen0164_theta_nd_0015.npy,gen0164_A_nd_0015.npy
164,16,53.5196,889.908,gen0164_theta_nd_0016.npy,gen0164_A_nd_0016.npy
164,17,50.7548,884.998,gen0164_theta_nd_0017.npy,gen0164_A_nd_0017.npy
164,18,53.2571,889.474,gen0164_theta_nd_0018.npy,gen0164_A_nd_0018.npy
164,19,52.1583,887.434,gen0164_theta_nd_0019.npy,gen0164_A_nd_0019.npy
164,20,58.1392,898.556,gen0164_theta_nd_0020.npy,gen0164_A_nd_0020.npy
164,21,52.6689,888.683,gen0164_theta_nd_0021.npy,gen0164_A_nd_0021.npy
164,22,48.9042,880.417,gen0164_theta_nd_0022.npy,gen0164_A_nd_0022.npy
164,23,46.7081,878.336,gen0164_theta_nd_0023.npy,gen0164_A_nd_0023.npy
164,24,57.827,898.289,gen0164_theta_nd_0024.npy,gen0164_A_nd_0024.npy
164,25,57.05,896.695,gen0164_theta_nd_0025.npy,gen0164_A_nd_0025.npy
164,26,55.3168,892.938,gen0164_theta_nd_0026.npy,gen0164_A_nd_0026.npy
164,27,49.5593,882.154,gen0164_theta_nd_0027.npy,gen0164_A_nd_0027.npy
164,28,58.4238,899.069,gen0164_theta_nd_0028.npy,gen0164_A_nd_0028.npy
164,29,62.5435,906.754,gen0164_theta_nd_0029.npy,gen0164_A_nd_0029.npy
164,30,62.8306,907.162,gen0164_theta_nd_0030.npy,gen0164_A_nd_0030.npy
164,31,56.1702,894.728,gen0164_theta_nd_0031.npy,gen0164_A_nd_0031.npy
164,32,49.1673,881.346,gen0164_theta_nd_0032.npy,gen0164_A_nd_0032.npy
164,33,64.3475,909.429,gen0164_theta_nd_0033.npy,gen0164_A_nd_0033.npy
164,34,57.6017,897.69,gen0164_theta_nd_0034.npy,gen0164_A_nd_0034.npy
164,35,55.1154,892.632,gen0164_theta_nd_0035.npy,gen0164_A_nd_0035.npy
164,36,51.3608,886.149,gen0164_theta_nd_0036.npy,gen0164_A_nd_0036.npy
164,37,59.9505,901.764,gen0164_theta_nd_0037.npy,gen0164_A_nd_0037.npy
164,38,63.7601,908.776,gen0164_theta_nd_0038.npy,gen0164_A_nd_0038.npy
164,39,63.4443,908.244,gen0164_theta_nd_0039.npy,gen0164_A_nd_0039.npy
164,40,49.4598,881.937,gen0164_theta_nd_0040.npy,gen0164_A_nd_0040.npy
164,41,55.7736,893.71,gen0164_theta_nd_0041.npy,gen0164_A_nd_0041.npy
164,42,61.656,904.632,gen0164_theta_nd_0042.npy,gen0164_A_nd_0042.npy
164,43,48.4293,879.799,gen0164_theta_nd_0043.npy,gen0164_A_nd_0043.npy
164,44,61.4102,904.474,gen0164_theta_nd_0044.npy,gen0164_A_nd_0044.npy
164,45,60.4914,902.908,gen0164_theta_nd_0045.npy,gen0164_A_nd_0045.npy
164,46,62.2353,905.673,gen0164_theta_nd_0046.npy,gen0164_A_nd_0046.npy
164,47,63.1888,907.682,gen0164_theta_nd_0047.npy,gen0164_A_nd_0047.npy
164,48,50.0824,883.433,gen0164_theta_nd_0048.npy,gen0164_A_nd_0048.npy
164,49,49.9159,882.787,gen0164_theta_nd_0049.npy,gen0164_A_nd_0049.npy
164,50,52.4918,888.026,gen0164_theta_nd_0050.npy,gen0164_A_nd_0050.npy
164,51,53.9243,890.509,gen0164_theta_nd_0051.npy,gen0164_A_nd_0051.npy
164,52,56.7186,895.92,gen0164_theta_nd_0052.npy,gen0164_A_nd_0052.npy
164,53,51.653,886.49,gen0164_theta_nd_0053.npy,gen0164_A_nd_0053.npy
164,54,60.226,902.404,gen0164_theta_nd_0054.npy,gen0164_A_nd_0054.npy
164,55,58.7377,899.912,gen0164_theta_nd_0055.npy,gen0164_A_nd_0055.npy
164,56,57.1747,897.193,gen0164_theta_nd_0056.npy,gen0164_A_nd_0056.npy
164,57,51.228,885.536,gen0164_theta_nd_0057.npy,gen0164_A_nd_0057.npy
164,58,59.6475,901.286,gen0164_theta_nd_0058.npy,gen0164_A_nd_0058.npy
164,59,59.7738,901.74,gen0164_theta_nd_0059.npy,gen0164_A_nd_0059.npy
164,60,56.2039,894.944,gen0164_theta_nd_0060.npy,gen0164_A_nd_0060.npy
165,0,58.7377,899.912,gen0165_theta_nd_0000.npy,gen0165_A_nd_0000.npy
165,1,55.1154,892.632,gen0165_theta_nd_0001.npy,gen0165_A_nd_0001.npy
165,2,52.4918,888.026,gen0165_theta_nd_0002.npy,gen0165_A_nd_0002.npy
165,3,54.5066,891.753,gen0165_theta_nd_0003.npy,gen0165_A_nd_0003.npy
165,4,49.9159,882.787,gen0165_theta_nd_0004.npy,gen0165_A_nd_0004.npy
165,5,64.3475,909.429,gen0165_theta_nd_0005.npy,gen0165_A_nd_0005.npy
165,6,53.9243,890.509,gen0165_theta_nd_0006.npy,gen0165_A_nd_0006.npy
165,7,59.2477,900.926,gen0165_theta_nd_0007.npy,gen0165_A_nd_0007.npy
165,8,46.7081,878.336,gen0165_theta_nd_0008.npy,gen0165_A_nd_0008.npy
165,9,61.0564,903.954,gen0165_theta_nd_0009.npy,gen0165_A_nd_0009.npy
165,10,49.3892,881.928,gen0165_theta_nd_0010.npy,gen0165_A_nd_0010.npy
165,11,50.2565,884.056,gen0165_theta_nd_0011.npy,gen0165_A_nd_0011.npy
165,12,59.9505,901.764,gen0165_theta_nd_0012.npy,gen0165_A_nd_0012.npy
165,13,55.3732,893.111,gen0165_theta_nd_0013.npy,gen0165_A_nd_0013.npy
165,14,48.1317,879.154,gen0165_theta_nd_0014.npy,gen0165_A_nd_0014.npy
165,15,52.6689,888.683,gen0165_theta_nd_0015.npy,gen0165_A_nd_0015.npy
165,16,56.472,895.345,gen0165_theta_nd_0016.npy,gen0165_A_nd_0016.npy
165,17,51.4072,885.743,gen0165_theta_nd_0017.npy,gen0165_A_nd_0017.npy
165,18,53.0129,889.111,gen0165_theta_nd_0018.npy,gen0165_A_nd_0018.npy
165,19,50.7548,884.998,gen0165_theta_nd_0019.npy,gen0165_A_nd_0019.npy
165,20,52.1777,887.519,gen0165_theta_nd_0020.npy,gen0165_A_nd_0020.npy
165,21,58.1392,898.556,gen0165_theta_nd_0021.npy,gen0165_A_nd_0021.npy
165,22,58.5014,899.023,gen0165_theta_nd_0022.npy,gen0165_A_nd_0022.npy
165,23,49.6111,882.398,gen0165_theta_nd_0023.npy,gen0165_A_nd_0023.npy
165,24,56.7186,895.92,gen0165_theta_nd_0024.npy,gen0165_A_nd_0024.npy
165,25,48.9883,880.797,gen0165_theta_nd_0025.npy,gen0165_A_nd_0025.npy
165,26,55.9709,894.153,gen0165_theta_nd_0026.npy,gen0165_A_nd_0026.npy
165,27,48.9042,880.417,gen0165_theta_nd_0027.npy,gen0165_A_nd_0027.npy
165,28,62.8306,907.162,gen0165_theta_nd_0028.npy,gen0165_A_nd_0028.npy
165,29,61.656,904.632,gen0165_theta_nd_0029.npy,gen0165_A_nd_0029.npy
165,30,49.1673,881.346,gen0165_theta_nd_0030.npy,gen0165_A_nd_0030.npy
165,31,57.2566,897.193,gen0165_theta_nd_0031.npy,gen0165_A_nd_0031.npy
165,32,63.4443,908.244,gen0165_theta_nd_0032.npy,gen0165_A_nd_0032.npy
165,33,61.4102,904.474,gen0165_theta_nd_0033.npy,gen0165_A_nd_0033.npy
165,34,51.228,885.536,gen0165_theta_nd_0034.npy,gen0165_A_nd_0034.npy
165,35,50.0824,883.433,gen0165_theta_nd_0035.npy,gen0165_A_nd_0035.npy
165,36,56.1702,894.728,gen0165_theta_nd_0036.npy,gen0165_A_nd_0036.npy
165,37,51.9486,886.884,gen0165_theta_nd_0037.npy,gen0165_A_nd_0037.npy
165,38,53.2571,889.474,gen0165_theta_nd_0038.npy,gen0165_A_nd_0038.npy
165,39,57.827,898.289,gen0165_theta_nd_0039.npy,gen0165_A_nd_0039.npy
165,40,63.1888,907.682,gen0165_theta_nd_0040.npy,gen0165_A_nd_0040.npy
165,41,55.7736,893.71,gen0165_theta_nd_0041.npy,gen0165_A_nd_0041.npy
165,42,60.4914,902.908,gen0165_theta_nd_0042.npy,gen0165_A_nd_0042.npy
165,43,62.2353,905.673,gen0165_theta_nd_0043.npy,gen0165_A_nd_0043.npy
165,44,63.7601,908.776,gen0165_theta_nd_0044.npy,gen0165_A_nd_0044.npy
165,45,50.4484,884.407,gen0165_theta_nd_0045.npy,gen0165_A_nd_0045.npy
165,46,51.653,886.49,gen0165_theta_nd_0046.npy,gen0165_A_nd_0046.npy
165,47,59.0152,900.262,gen0165_theta_nd_0047.npy,gen0165_A_nd_0047.npy
165,48,53.6563,890.153,gen0165_theta_nd_0048.npy,gen0165_A_nd_0048.npy
165,49,48.4293,879.799,gen0165_theta_nd_0049.npy,gen0165_A_nd_0049.npy
165,50,62.0389,905.271,gen0165_theta_nd_0050.npy,gen0165_A_nd_0050.npy
165,51,54.6965,892.173,gen0165_theta_nd_0051.npy,gen0165_A_nd_0051.npy
165,52,54.1791,891.092,gen0165_theta_nd_0052.npy,gen0165_A_nd_0052.npy
165,53,60.226,902.404,gen0165_theta_nd_0053.npy,gen0165_A_nd_0053.npy
165,54,57.05,896.695,gen0165_theta_nd_0054.npy,gen0165_A_nd_0054.npy
165,55,62.5435,906.754,gen0165_theta_nd_0055.npy,gen0165_A_nd_0055.npy
165,56,59.6475,901.286,gen0165_theta_nd_0056.npy,gen0165_A_nd_0056.npy
165,57,47.1545,878.687,gen0165_theta_nd_0057.npy,gen0165_A_nd_0057.npy
165,58,52.8377,888.754,gen0165_theta_nd_0058.npy,gen0165_A_nd_0058.npy
165,59,55.1495,892.7,gen0165_theta_nd_0059.npy,gen0165_A_nd_0059.npy
165,60,58.9873,900.074,gen0165_theta_nd_0060.npy,gen0165_A_nd_0060.npy
166,0,47.1545,878.687,gen0166_theta_nd_0000.npy,gen0166_A_nd_0000.npy
166,1,51.653,886.49,gen0166_theta_nd_0001.npy,gen0166_A_nd_0001.npy
166,2,56.1702,894.728,gen0166_theta_nd_0002.npy,gen0166_A_nd_0002.npy
166,3,58.5014,899.023,gen0166_theta_nd_0003.npy,gen0166_A_nd_0003.npy
166,4,63.7601,908.776,gen0166_theta_nd_0004.npy,gen0166_A_nd_0004.npy
166,5,55.3732,893.111,gen0166_theta_nd_0005.npy,gen0166_A_nd_0005.npy
166,6,53.9243,890.509,gen0166_theta_nd_0006.npy,gen0166_A_nd_0006.npy
166,7,52.6493,888.616,gen0166_theta_nd_0007.npy,gen0166_A_nd_0007.npy
166,8,50.7548,884.998,gen0166_theta_nd_0008.npy,gen0166_A_nd_0008.npy
166,9,50.5266,884.218,gen0166_theta_nd_0009.npy,gen0166_A_nd_0009.npy
166,10,62.3199,905.613,gen0166_theta_nd_0010.npy,gen0166_A_nd_0010.npy
166,11,54.1791,891.092,gen0166_theta_nd_0011.npy,gen0166_A_nd_0011.npy
166,12,48.2463,879.43,gen0166_theta_nd_0012.npy,gen0166_A_nd_0012.npy
166,13,48.9042,880.417,gen0166_theta_nd_0013.npy,gen0166_A_nd_0013.npy
166,14,49.3855,881.808,gen0166_theta_nd_0014.npy,gen0166_A_nd_0014.npy
166,15,60.4914,902.908,gen0166_theta_nd_0015.npy,gen0166_A_nd_0015.npy
166,16,57.8614,898.259,gen0166_theta_nd_0016.npy,gen0166_A_nd_0016.npy
166,17,58.7159,899.531,gen0166_theta_nd_0017.npy,gen0166_A_nd_0017.npy
166,18,49.1673,881.346,gen0166_theta_nd_0018.npy,gen0166_A_nd_0018.npy
166,19,63.4443,908.244,gen0166_theta_nd_0019.npy,gen0166_A_nd_0019.npy
166,20,57.3077,897.112,gen0166_theta_nd_0020.npy,gen0166_A_nd_0020.npy
166,21,50.0824,883.433,gen0166_theta_nd_0021.npy,gen0166_A_nd_0021.npy
166,22,53.0704,888.908,gen0166_theta_nd_0022.npy,gen0166_A_nd_0022.npy
166,23,59.2477,900.926,gen0166_theta_nd_0023.npy,gen0166_A_nd_0023.npy
166,24,48.4293,879.799,gen0166_theta_nd_0024.npy,gen0166_A_nd_0024.npy
166,25,62.0389,905.271,gen0166_theta_nd_0025.npy,gen0166_A_nd_0025.npy
166,26,57.05,896.695,gen0166_theta_nd_0026.npy,gen0166_A_nd_0026.npy
166,27,53.6563,890.153,gen0166_theta_nd_0027.npy,gen0166_A_nd_0027.npy
166,28,50.2565,884.056,gen0166_theta_nd_0028.npy,gen0166_A_nd_0028.npy
166,29,61.0564,903.954,gen0166_theta_nd_0029.npy,gen0166_A_nd_0029.npy
166,30,52.1777,887.519,gen0166_theta_nd_0030.npy,gen0166_A_nd_0030.npy
166,31,63.1888,907.682,gen0166_theta_nd_0031.npy,gen0166_A_nd_0031.npy
166,32,61.4102,904.474,gen0166_theta_nd_0032.npy,gen0166_A_nd_0032.npy
166,33,59.9505,901.764,gen0166_theta_nd_0033.npy,gen0166_A_nd_0033.npy
166,34,59.6475,901.286,gen0166_theta_nd_0034.npy,gen0166_A_nd_0034.npy
166,35,51.9486,886.884,gen0166_theta_nd_0035.npy,gen0166_A_nd_0035.npy
166,36,56.7186,895.92,gen0166_theta_nd_0036.npy,gen0166_A_nd_0036.npy
166,37,56.472,895.345,gen0166_theta_nd_0037.npy,gen0166_A_nd_0037.npy
166,38,64.3475,909.429,gen0166_theta_nd_0038.npy,gen0166_A_nd_0038.npy
166,39,62.8306,907.162,gen0166_theta_nd_0039.npy,gen0166_A_nd_0039.npy
166,40,49.754,882.487,gen0166_theta_nd_0040.npy,gen0166_A_nd_0040.npy
166,41,55.6289,893.585,gen0166_theta_nd_0041.npy,gen0166_A_nd_0041.npy
166,42,59.0984,899.915,gen0166_theta_nd_0042.npy,gen0166_A_nd_0042.npy
166,43,49.9159,882.787,gen0166_theta_nd_0043.npy,gen0166_A_nd_0043.npy
166,44,53.2571,889.474,gen0166_theta_nd_0044.npy,gen0166_A_nd_0044.npy
166,45,54.5066,891.753,gen0166_theta_nd_0045.npy,gen0166_A_nd_0045.npy
166,46,60.2059,902.172,gen0166_theta_nd_0046.npy,gen0166_A_nd_0046.npy
166,47,52.4918,888.026,gen0166_theta_nd_0047.npy,gen0166_A_nd_0047.npy
166,48,51.4072,885.743,gen0166_theta_nd_0048.npy,gen0166_A_nd_0048.npy
166,49,55.9709,894.153,gen0166_theta_nd_0049.npy,gen0166_A_nd_0049.npy
166,50,61.656,904.632,gen0166_theta_nd_0050.npy,gen0166_A_nd_0050.npy
166,51,48.9883,880.797,gen0166_theta_nd_0051.npy,gen0166_A_nd_0051.npy
166,52,51.228,885.536,gen0166_theta_nd_0052.npy,gen0166_A_nd_0052.npy
166,53,57.7088,897.763,gen0166_theta_nd_0053.npy,gen0166_A_nd_0053.npy
166,54,55.1154,892.632,gen0166_theta_nd_0054.npy,gen0166_A_nd_0054.npy
166,55,58.1392,898.556,gen0166_theta_nd_0055.npy,gen0166_A_nd_0055.npy
166,56,46.7081,878.336,gen0166_theta_nd_0056.npy,gen0166_A_nd_0056.npy
166,57,54.7318,892.052,gen0166_theta_nd_0057.npy,gen0166_A_nd_0057.npy
166,58,62.5435,906.754,gen0166_theta_nd_0058.npy,gen0166_A_nd_0058.npy
166,59,55.3242,892.95,gen0166_theta_nd_0059.npy,gen0166_A_nd_0059.npy
166,60,52.2519,887.769,gen0166_theta_nd_0060.npy,gen0166_A_nd_0060.npy
167,0,58.7159,899.531,gen0167_theta_nd_0000.npy,gen0167_A_nd_0000.npy
167,1,59.6475,901.286,gen0167_theta_nd_0001.npy,gen0167_A_nd_0001.npy
167,2,59.0984,899.915,gen0167_theta_nd_0002.npy,gen0167_A_nd_0002.npy
167,3,49.9159,882.787,gen0167_theta_nd_0003.npy,gen0167_A_nd_0003.npy
167,4,54.465,891.556,gen0167_theta_nd_0004.npy,gen0167_A_nd_0004.npy
167,5,51.9486,886.884,gen0167_theta_nd_0005.npy,gen0167_A_nd_0005.npy
167,6,58.5014,899.023,gen0167_theta_nd_0006.npy,gen0167_A_nd_0006.npy
167,7,57.3077,897.112,gen0167_theta_nd_0007.npy,gen0167_A_nd_0007.npy
167,8,63.1888,907.682,gen0167_theta_nd_0008.npy,gen0167_A_nd_0008.npy
167,9,55.3732,893.111,gen0167_theta_nd_0009.npy,gen0167_A_nd_0009.npy
167,10,48.9883,880.797,gen0167_theta_nd_0010.npy,gen0167_A_nd_0010.npy
167,11,48.2463,879.43,gen0167_theta_nd_0011.npy,gen0167_A_nd_0011.npy
167,12,54.7318,892.052,gen0167_theta_nd_0012.npy,gen0167_A_nd_0012.npy
167,13,57.05,896.695,gen0167_theta_nd_0013.npy,gen0167_A_nd_0013.npy
167,14,64.3475,909.429,gen0167_theta_nd_0014.npy,gen0167_A_nd_0014.npy
167,15,55.9709,894.153,gen0167_theta_nd_0015.npy,gen0167_A_nd_0015.npy
167,16,61.0564,903.954,gen0167_theta_nd_0016.npy,gen0167_A_nd_0016.npy
167,17,61.4467,904.259,gen0167_theta_nd_0017.npy,gen0167_A_nd_0017.npy
167,18,55.6289,893.585,gen0167_theta_nd_0018.npy,gen0167_A_nd_0018.npy
167,19,55.1154,892.632,gen0167_theta_nd_0019.npy,gen0167_A_nd_0019.npy
167,20,49.3855,881.808,gen0167_theta_nd_0020.npy,gen0167_A_nd_0020.npy
167,21,62.3199,905.613,gen0167_theta_nd_0021.npy,gen0167_A_nd_0021.npy
167,22,52.4918,888.026,gen0167_theta_nd_0022.npy,gen0167_A_nd_0022.npy
167,23,50.7548,884.998,gen0167_theta_nd_0023.npy,gen0167_A_nd_0023.npy
167,24,57.8614,898.259,gen0167_theta_nd_0024.npy,gen0167_A_nd_0024.npy
167,25,53.3729,889.67,gen0167_theta_nd_0025.npy,gen0167_A_nd_0025.npy
167,26,58.1392,898.556,gen0167_theta_nd_0026.npy,gen0167_A_nd_0026.npy
167,27,56.1702,894.728,gen0167_theta_nd_0027.npy,gen0167_A_nd_0027.npy
167,28,48.7954,880.198,gen0167_theta_nd_0028.npy,gen0167_A_nd_0028.npy
167,29,53.6563,890.153,gen0167_theta_nd_0029.npy,gen0167_A_nd_0029.npy
167,30,63.7601,908.776,gen0167_theta_nd_0030.npy,gen0167_A_nd_0030.npy
167,31,52.1777,887.519,gen0167_theta_nd_0031.npy,gen0167_A_nd_0031.npy
167,32,61.656,904.632,gen0167_theta_nd_0032.npy,gen0167_A_nd_0032.npy
167,33,63.4443,908.244,gen0167_theta_nd_0033.npy,gen0167_A_nd_0033.npy
167,34,51.653,886.49,gen0167_theta_nd_0034.npy,gen0167_A_nd_0034.npy
167,35,60.2059,902.172,gen0167_theta_nd_0035.npy,gen0167_A_nd_0035.npy
167,36,51.4072,885.743,gen0167_theta_nd_0036.npy,gen0167_A_nd_0036.npy
167,37,53.9243,890.509,gen0167_theta_nd_0037.npy,gen0167_A_nd_0037.npy
167,38,62.8306,907.162,gen0167_theta_nd_0038.npy,gen0167_A_nd_0038.npy
167,39,52.6626,888.281,gen0167_theta_nd_0039.npy,gen0167_A_nd_0039.npy
167,40,50.0824,883.433,gen0167_theta_nd_0040.npy,gen0167_A_nd_0040.npy
167,41,57.6256,897.741,gen0167_theta_nd_0041.npy,gen0167_A_nd_0041.npy
167,42,59.2477,900.926,gen0167_theta_nd_0042.npy,gen0167_A_nd_0042.npy
167,43,47.1545,878.687,gen0167_theta_nd_0043.npy,gen0167_A_nd_0043.npy
167,44,53.0704,888.908,gen0167_theta_nd_0044.npy,gen0167_A_nd_0044.npy
167,45,49.5451,882.433,gen0167_theta_nd_0045.npy,gen0167_A_nd_0045.npy
167,46,54.4044,891.228,gen0167_theta_nd_0046.npy,gen0167_A_nd_0046.npy
167,47,59.9529,901.641,gen0167_theta_nd_0047.npy,gen0167_A_nd_0047.npy
167,48,46.7081,878.336,gen0167_theta_nd_0048.npy,gen0167_A_nd_0048.npy
167,49,49.1673,881.346,gen0167_theta_nd_0049.npy,gen0167_A_nd_0049.npy
167,50,50.5266,884.218,gen0167_theta_nd_0050.npy,gen0167_A_nd_0050.npy
167,51,51.2212,885.514,gen0167_theta_nd_0051.npy,gen0167_A_nd_0051.npy
167,52,50.2565,884.056,gen0167_theta_nd_0052.npy,gen0167_A_nd_0052.npy
167,53,56.472,895.345,gen0167_theta_nd_0053.npy,gen0167_A_nd_0053.npy
167,54,62.0389,905.271,gen0167_theta_nd_0054.npy,gen0167_A_nd_0054.npy
167,55,60.4914,902.908,gen0167_theta_nd_0055.npy,gen0167_A_nd_0055.npy
167,56,48.4293,879.799,gen0167_theta_nd_0056.npy,gen0167_A_nd_0056.npy
167,57,56.7186,895.92,gen0167_theta_nd_0057.npy,gen0167_A_nd_0057.npy
167,58,55.8413,893.988,gen0167_theta_nd_0058.npy,gen0167_A_nd_0058.npy
167,59,60.9295,903.932,gen0167_theta_nd_0059.npy,gen0167_A_nd_0059.npy
167,60,52.2519,887.769,gen0167_theta_nd_0060.npy,gen0167_A_nd_0060.npy
168,0,50.7548,884.998,gen0168_theta_nd_0000.npy,gen0168_A_nd_0000.npy
168,1,58.1409,898.496,gen0168_theta_nd_0001.npy,gen0168_A_nd_0001.npy
168,2,62.3199,905.613,gen0168_theta_nd_0002.npy,gen0168_A_nd_0002.npy
168,3,63.4443,908.244,gen0168_theta_nd_0003.npy,gen0168_A_nd_0003.npy
168,4,57.3077,897.112,gen0168_theta_nd_0004.npy,gen0168_A_nd_0004.npy
168,5,60.4914,902.908,gen0168_theta_nd_0005.npy,gen0168_A_nd_0005.npy
168,6,51.9486,886.884,gen0168_theta_nd_0006.npy,gen0168_A_nd_0006.npy
168,7,46.7081,878.336,gen0168_theta_nd_0007.npy,gen0168_A_nd_0007.npy
168,8,49.3855,881.808,gen0168_theta_nd_0008.npy,gen0168_A_nd_0008.npy
168,9,62.0389,905.271,gen0168_theta_nd_0009.npy,gen0168_A_nd_0009.npy
168,10,61.656,904.632,gen0168_theta_nd_0010.npy,gen0168_A_nd_0010.npy
168,11,48.7954,880.198,gen0168_theta_nd_0011.npy,gen0168_A_nd_0011.npy
168,12,51.653,886.49,gen0168_theta_nd_0012.npy,gen0168_A_nd_0012.npy
168,13,58.7779,899.72,gen0168_theta_nd_0013.npy,gen0168_A_nd_0013.npy
168,14,60.8945,903.346,gen0168_theta_nd_0014.npy,gen0168_A_nd_0014.npy
168,15,50.5266,884.218,gen0168_theta_nd_0015.npy,gen0168_A_nd_0015.npy
168,16,51.4072,885.743,gen0168_theta_nd_0016.npy,gen0168_A_nd_0016.npy
168,17,57.8614,898.259,gen0168_theta_nd_0017.npy,gen0168_A_nd_0017.npy
168,18,53.0704,888.908,gen0168_theta_nd_0018.npy,gen0168_A_nd_0018.npy
168,19,56.1702,894.728,gen0168_theta_nd_0019.npy,gen0168_A_nd_0019.npy
168,20,54.465,891.556,gen0168_theta_nd_0020.npy,gen0168_A_nd_0020.npy
168,21,48.4293,879.799,gen0168_theta_nd_0021.npy,gen0168_A_nd_0021.npy
168,22,59.3942,900.765,gen0168_theta_nd_0022.npy,gen0168_A_nd_0022.npy
168,23,54.7318,892.052,gen0168_theta_nd_0023.npy,gen0168_A_nd_0023.npy
168,24,53.6563,890.153,gen0168_theta_nd_0024.npy,gen0168_A_nd_0024.npy
168,25,59.6475,901.286,gen0168_theta_nd_0025.npy,gen0168_A_nd_0025.npy
168,26,63.1888,907.682,gen0168_theta_nd_0026.npy,gen0168_A_nd_0026.npy
168,27,52.6626,888.281,gen0168_theta_nd_0027.npy,gen0168_A_nd_0027.npy
168,28,51.2212,885.514,gen0168_theta_nd_0028.npy,gen0168_A_nd_0028.npy
168,29,59.0984,899.915,gen0168_theta_nd_0029.npy,gen0168_A_nd_0029.npy
168,30,64.3475,909.429,gen0168_theta_nd_0030.npy,gen0168_A_nd_0030.npy
168,31,47.1545,878.687,gen0168_theta_nd_0031.npy,gen0168_A_nd_0031.npy
168,32,48.9883,880.797,gen0168_theta_nd_0032.npy,gen0168_A_nd_0032.npy
168,33,49.9273,882.809,gen0168_theta_nd_0033.npy,gen0168_A_nd_0033.npy
168,34,61.4467,904.259,gen0168_theta_nd_0034.npy,gen0168_A_nd_0034.npy
168,35,56.472,895.345,gen0168_theta_nd_0035.npy,gen0168_A_nd_0035.npy
168,36,53.9243,890.509,gen0168_theta_nd_0036.npy,gen0168_A_nd_0036.npy
168,37,49.1673,881.346,gen0168_theta_nd_0037.npy,gen0168_A_nd_0037.npy
168,38,55.3732,893.111,gen0168_theta_nd_0038.npy,gen0168_A_nd_0038.npy
168,39,62.8306,907.162,gen0168_theta_nd_0039.npy,gen0168_A_nd_0039.npy
168,40,60.2059,902.172,gen0168_theta_nd_0040.npy,gen0168_A_nd_0040.npy
168,41,58.5014,899.023,gen0168_theta_nd_0041.npy,gen0168_A_nd_0041.npy
168,42,50.0824,883.433,gen0168_theta_nd_0042.npy,gen0168_A_nd_0042.npy
168,43,55.9709,894.153,gen0168_theta_nd_0043.npy,gen0168_A_nd_0043.npy
168,44,59.9529,901.641,gen0168_theta_nd_0044.npy,gen0168_A_nd_0044.npy
168,45,56.7186,895.92,gen0168_theta_nd_0045.npy,gen0168_A_nd_0045.npy
168,46,52.4918,888.026,gen0168_theta_nd_0046.npy,gen0168_A_nd_0046.npy
168,47,57.5889,897.614,gen0168_theta_nd_0047.npy,gen0168_A_nd_0047.npy
168,48,63.7601,908.776,gen0168_theta_nd_0048.npy,gen0168_A_nd_0048.npy
168,49,57.05,896.695,gen0168_theta_nd_0049.npy,gen0168_A_nd_0049.npy
168,50,53.3729,889.67,gen0168_theta_nd_0050.npy,gen0168_A_nd_0050.npy
168,51,50.2565,884.056,gen0168_theta_nd_0051.npy,gen0168_A_nd_0051.npy
168,52,49.5451,882.433,gen0168_theta_nd_0052.npy,gen0168_A_nd_0052.npy
168,53,61.0931,903.947,gen0168_theta_nd_0053.npy,gen0168_A_nd_0053.npy
168,54,55.1154,892.632,gen0168_theta_nd_0054.npy,gen0168_A_nd_0054.npy
168,55,55.6289,893.585,gen0168_theta_nd_0055.npy,gen0168_A_nd_0055.npy
168,56,52.1777,887.519,gen0168_theta_nd_0056.npy,gen0168_A_nd_0056.npy
168,57,54.0494,890.984,gen0168_theta_nd_0057.npy,gen0168_A_nd_0057.npy
168,58,48.2463,879.43,gen0168_theta_nd_0058.npy,gen0168_A_nd_0058.npy
168,59,57.7265,897.951,gen0168_theta_nd_0059.npy,gen0168_A_nd_0059.npy
168,60,49.9159,882.787,gen0168_theta_nd_0060.npy,gen0168_A_nd_0060.npy
169,0,63.7601,908.776,gen0169_theta_nd_0000.npy,gen0169_A_nd_0000.npy
169,1,52.81,888.707,gen0169_theta_nd_0001.npy,gen0169_A_nd_0001.npy
169,2,64.3475,909.429,gen0169_theta_nd_0002.npy,gen0169_A_nd_0002.npy
169,3,52.4918,888.026,gen0169_theta_nd_0003.npy,gen0169_A_nd_0003.npy
169,4,51.4072,885.743,gen0169_theta_nd_0004.npy,gen0169_A_nd_0004.npy
169,5,50.7548,884.998,gen0169_theta_nd_0005.npy,gen0169_A_nd_0005.npy
169,6,60.2059,902.172,gen0169_theta_nd_0006.npy,gen0169_A_nd_0006.npy
169,7,50.0824,883.433,gen0169_theta_nd_0007.npy,gen0169_A_nd_0007.npy
169,8,61.656,904.632,gen0169_theta_nd_0008.npy,gen0169_A_nd_0008.npy
169,9,59.0984,899.915,gen0169_theta_nd_0009.npy,gen0169_A_nd_0009.npy
169,10,53.6563,890.153,gen0169_theta_nd_0010.npy,gen0169_A_nd_0010.npy
169,11,57.5889,897.614,gen0169_theta_nd_0011.npy,gen0169_A_nd_0011.npy
169,12,57.3652,897.045,gen0169_theta_nd_0012.npy,gen0169_A_nd_0012.npy
169,13,50.2508,883.826,gen0169_theta_nd_0013.npy,gen0169_A_nd_0013.npy
169,14,60.4914,902.908,gen0169_theta_nd_0014.npy,gen0169_A_nd_0014.npy
169,15,59.9529,901.641,gen0169_theta_nd_0015.npy,gen0169_A_nd_0015.npy
169,16,56.472,895.345,gen0169_theta_nd_0016.npy,gen0169_A_nd_0016.npy
169,17,63.1888,907.682,gen0169_theta_nd_0017.npy,gen0169_A_nd_0017.npy
169,18,57.8614,898.259,gen0169_theta_nd_0018.npy,gen0169_A_nd_0018.npy
169,19,52.1777,887.519,gen0169_theta_nd_0019.npy,gen0169_A_nd_0019.npy
169,20,61.995,905.179,gen0169_theta_nd_0020.npy,gen0169_A_nd_0020.npy
169,21,57.05,896.695,gen0169_theta_nd_0021.npy,gen0169_A_nd_0021.npy
169,22,56.1702,894.728,gen0169_theta_nd_0022.npy,gen0169_A_nd_0022.npy
169,23,49.9273,882.809,gen0169_theta_nd_0023.npy,gen0169_A_nd_0023.npy
169,24,59.6657,900.933,gen0169_theta_nd_0024.npy,gen0169_A_nd_0024.npy
169,25,55.3732,893.111,gen0169_theta_nd_0025.npy,gen0169_A_nd_0025.npy
169,26,56.7186,895.92,gen0169_theta_nd_0026.npy,gen0169_A_nd_0026.npy
169,27,51.6723,886.464,gen0169_theta_nd_0027.npy,gen0169_A_nd_0027.npy
169,28,48.4293,879.799,gen0169_theta_nd_0028.npy,gen0169_A_nd_0028.npy
169,29,62.8306,907.162,gen0169_theta_nd_0029.npy,gen0169_A_nd_0029.npy
169,30,54.211,890.901,gen0169_theta_nd_0030.npy,gen0169_A_nd_0030.npy
169,31,61.4467,904.259,gen0169_theta_nd_0031.npy,gen0169_A_nd_0031.npy
169,32,47.1545,878.687,gen0169_theta_nd_0032.npy,gen0169_A_nd_0032.npy
169,33,49.5451,882.433,gen0169_theta_nd_0033.npy,gen0169_A_nd_0033.npy
169,34,48.9883,880.797,gen0169_theta_nd_0034.npy,gen0169_A_nd_0034.npy
169,35,58.1409,898.496,gen0169_theta_nd_0035.npy,gen0169_A_nd_0035.npy
169,36,46.7081,878.336,gen0169_theta_nd_0036.npy,gen0169_A_nd_0036.npy
169,37,62.3199,905.613,gen0169_theta_nd_0037.npy,gen0169_A_nd_0037.npy
169,38,53.0704,888.908,gen0169_theta_nd_0038.npy,gen0169_A_nd_0038.npy
169,39,59.3942,900.765,gen0169_theta_nd_0039.npy,gen0169_A_nd_0039.npy
169,40,54.465,891.556,gen0169_theta_nd_0040.npy,gen0169_A_nd_0040.npy
169,41,49.3855,881.808,gen0169_theta_nd_0041.npy,gen0169_A_nd_0041.npy
169,42,55.1154,892.632,gen0169_theta_nd_0042.npy,gen0169_A_nd_0042.npy
169,43,61.0931,903.947,gen0169_theta_nd_0043.npy,gen0169_A_nd_0043.npy
169,44,53.3729,889.67,gen0169_theta_nd_0044.npy,gen0169_A_nd_0044.npy
169,45,51.2212,885.514,gen0169_theta_nd_0045.npy,gen0169_A_nd_0045.npy
169,46,53.9243,890.509,gen0169_theta_nd_0046.npy,gen0169_A_nd_0046.npy
169,47,50.5659,884.394,gen0169_theta_nd_0047.npy,gen0169_A_nd_0047.npy
169,48,63.4443,908.244,gen0169_theta_nd_0048.npy,gen0169_A_nd_0048.npy
169,49,54.7318,892.052,gen0169_theta_nd_0049.npy,gen0169_A_nd_0049.npy
169,50,58.7779,899.72,gen0169_theta_nd_0050.npy,gen0169_A_nd_0050.npy
169,51,55.9709,894.153,gen0169_theta_nd_0051.npy,gen0169_A_nd_0051.npy
169,52,48.7954,880.198,gen0169_theta_nd_0052.npy,gen0169_A_nd_0052.npy
169,53,60.8945,903.346,gen0169_theta_nd_0053.npy,gen0169_A_nd_0053.npy
169,54,58.5014,899.023,gen0169_theta_nd_0054.npy,gen0169_A_nd_0054.npy
169,55,49.1673,881.346,gen0169_theta_nd_0055.npy,gen0169_A_nd_0055.npy
169,56,48.2463,879.43,gen0169_theta_nd_0056.npy,gen0169_A_nd_0056.npy
169,57,51.9486,886.884,gen0169_theta_nd_0057.npy,gen0169_A_nd_0057.npy
169,58,55.6289,893.585,gen0169_theta_nd_0058.npy,gen0169_A_nd_0058.npy
169,59,53.6108,889.786,gen0169_theta_nd_0059.npy,gen0169_A_nd_0059.npy
169,60,54.7231,891.864,gen0169_theta_nd_0060.npy,gen0169_A_nd_0060.npy
170,0,55.1154,892.632,gen0170_theta_nd_0000.npy,gen0170_A_nd_0000.npy
170,1,62.3199,905.613,gen0170_theta_nd_0001.npy,gen0170_A_nd_0001.npy
170,2,50.5659,884.394,gen0170_theta_nd_0002.npy,gen0170_A_nd_0002.npy
170,3,49.5886,882.279,gen0170_theta_nd_0003.npy,gen0170_A_nd_0003.npy
170,4,58.5014,899.023,gen0170_theta_nd_0004.npy,gen0170_A_nd_0004.npy
170,5,61.995,905.179,gen0170_theta_nd_0005.npy,gen0170_A_nd_0005.npy
170,6,56.1702,894.728,gen0170_theta_nd_0006.npy,gen0170_A_nd_0006.npy
170,7,61.656,904.632,gen0170_theta_nd_0007.npy,gen0170_A_nd_0007.npy
170,8,59.6657,900.933,gen0170_theta_nd_0008.npy,gen0170_A_nd_0008.npy
170,9,56.472,895.345,gen0170_theta_nd_0009.npy,gen0170_A_nd_0009.npy
170,10,50.7548,884.998,gen0170_theta_nd_0010.npy,gen0170_A_nd_0010.npy
170,11,58.7779,899.72,gen0170_theta_nd_0011.npy,gen0170_A_nd_0011.npy
170,12,59.0984,899.915,gen0170_theta_nd_0012.npy,gen0170_A_nd_0012.npy
170,13,57.05,896.695,gen0170_theta_nd_0013.npy,gen0170_A_nd_0013.npy
170,14,53.3729,889.67,gen0170_theta_nd_0014.npy,gen0170_A_nd_0014.npy
170,15,55.3732,893.111,gen0170_theta_nd_0015.npy,gen0170_A_nd_0015.npy
170,16,52.4918,888.026,gen0170_theta_nd_0016.npy,gen0170_A_nd_0016.npy
170,17,49.1673,881.346,gen0170_theta_nd_0017.npy,gen0170_A_nd_0017.npy
170,18,51.2212,885.514,gen0170_theta_nd_0018.npy,gen0170_A_nd_0018.npy
170,19,48.2463,879.43,gen0170_theta_nd_0019.npy,gen0170_A_nd_0019.npy
170,20,51.9486,886.884,gen0170_theta_nd_0020.npy,gen0170_A_nd_0020.npy
170,21,57.3652,897.045,gen0170_theta_nd_0021.npy,gen0170_A_nd_0021.npy
170,22,62.4561,906.188,gen0170_theta_nd_0022.npy,gen0170_A_nd_0022.npy
170,23,63.4443,908.244,gen0170_theta_nd_0023.npy,gen0170_A_nd_0023.npy
170,24,54.6113,891.479,gen0170_theta_nd_0024.npy,gen0170_A_nd_0024.npy
170,25,47.1545,878.687,gen0170_theta_nd_0025.npy,gen0170_A_nd_0025.npy
170,26,55.9709,894.153,gen0170_theta_nd_0026.npy,gen0170_A_nd_0026.npy
170,27,64.3475,909.429,gen0170_theta_nd_0027.npy,gen0170_A_nd_0027.npy
170,28,49.3855,881.808,gen0170_theta_nd_0028.npy,gen0170_A_nd_0028.npy
170,29,53.0704,888.908,gen0170_theta_nd_0029.npy,gen0170_A_nd_0029.npy
170,30,55.6289,893.585,gen0170_theta_nd_0030.npy,gen0170_A_nd_0030.npy
170,31,59.3942,900.765,gen0170_theta_nd_0031.npy,gen0170_A_nd_0031.npy
170,32,60.2059,902.172,gen0170_theta_nd_0032.npy,gen0170_A_nd_0032.npy
170,33,59.9529,901.641,gen0170_theta_nd_0033.npy,gen0170_A_nd_0033.npy
170,34,48.7954,880.198,gen0170_theta_nd_0034.npy,gen0170_A_nd_0034.npy
170,35,52.81,888.707,gen0170_theta_nd_0035.npy,gen0170_A_nd_0035.npy
170,36,49.9273,882.809,gen0170_theta_nd_0036.npy,gen0170_A_nd_0036.npy
170,37,57.5889,897.614,gen0170_theta_nd_0037.npy,gen0170_A_nd_0037.npy
170,38,56.7186,895.92,gen0170_theta_nd_0038.npy,gen0170_A_nd_0038.npy
170,39,48.4293,879.799,gen0170_theta_nd_0039.npy,gen0170_A_nd_0039.npy
170,40,50.2508,883.826,gen0170_theta_nd_0040.npy,gen0170_A_nd_0040.npy
170,41,61.4467,904.259,gen0170_theta_nd_0041.npy,gen0170_A_nd_0041.npy
170,42,50.0824,883.433,gen0170_theta_nd_0042.npy,gen0170_A_nd_0042.npy
170,43,54.7318,892.052,gen0170_theta_nd_0043.npy,gen0170_A_nd_0043.npy
170,44,63.1888,907.682,gen0170_theta_nd_0044.npy,gen0170_A_nd_0044.npy
170,45,48.9883,880.797,gen0170_theta_nd_0045.npy,gen0170_A_nd_0045.npy
170,46,62.8306,907.162,gen0170_theta_nd_0046.npy,gen0170_A_nd_0046.npy
170,47,64.0062,909.051,gen0170_theta_nd_0047.npy,gen0170_A_nd_0047.npy
170,48,57.8614,898.259,gen0170_theta_nd_0048.npy,gen0170_A_nd_0048.npy
170,49,51.6723,886.464,gen0170_theta_nd_0049.npy,gen0170_A_nd_0049.npy
170,50,53.9243,890.509,gen0170_theta_nd_0050.npy,gen0170_A_nd_0050.npy
170,51,60.8945,903.346,gen0170_theta_nd_0051.npy,gen0170_A_nd_0051.npy
170,52,61.0931,903.947,gen0170_theta_nd_0052.npy,gen0170_A_nd_0052.npy
170,53,51.4072,885.743,gen0170_theta_nd_0053.npy,gen0170_A_nd_0053.npy
170,54,46.7081,878.336,gen0170_theta_nd_0054.npy,gen0170_A_nd_0054.npy
170,55,53.6563,890.153,gen0170_theta_nd_0055.npy,gen0170_A_nd_0055.npy
170,56,58.1409,898.496,gen0170_theta_nd_0056.npy,gen0170_A_nd_0056.npy
170,57,60.4914,902.908,gen0170_theta_nd_0057.npy,gen0170_A_nd_0057.npy
170,58,54.211,890.901,gen0170_theta_nd_0058.npy,gen0170_A_nd_0058.npy
170,59,52.1777,887.519,gen0170_theta_nd_0059.npy,gen0170_A_nd_0059.npy
170,60,63.7601,908.776,gen0170_theta_nd_0060.npy,gen0170_A_nd_0060.npy
171,0,55.6289,893.585,gen0171_theta_nd_0000.npy,gen0171_A_nd_0000.npy
171,1,54.7318,892.052,gen0171_theta_nd_0001.npy,gen0171_A_nd_0001.npy
171,2,54.211,890.901,gen0171_theta_nd_0002.npy,gen0171_A_nd_0002.npy
171,3,59.0984,899.915,gen0171_theta_nd_0003.npy,gen0171_A_nd_0003.npy
171,4,57.3652,897.045,gen0171_theta_nd_0004.npy,gen0171_A_nd_0004.npy
171,5,53.6563,890.153,gen0171_theta_nd_0005.npy,gen0171_A_nd_0005.npy
171,6,53.9243,890.509,gen0171_theta_nd_0006.npy,gen0171_A_nd_0006.npy
171,7,53.3729,889.67,gen0171_theta_nd_0007.npy,gen0171_A_nd_0007.npy
171,8,54.6113,891.479,gen0171_theta_nd_0008.npy,gen0171_A_nd_0008.npy
171,9,49.9273,882.809,gen0171_theta_nd_0009.npy,gen0171_A_nd_0009.npy
171,10,59.9529,901.641,gen0171_theta_nd_0010.npy,gen0171_A_nd_0010.npy
171,11,62.8306,907.162,gen0171_theta_nd_0011.npy,gen0171_A_nd_0011.npy
171,12,49.5886,882.279,gen0171_theta_nd_0012.npy,gen0171_A_nd_0012.npy
171,13,51.6723,886.464,gen0171_theta_nd_0013.npy,gen0171_A_nd_0013.npy
171,14,60.4914,902.908,gen0171_theta_nd_0014.npy,gen0171_A_nd_0014.npy
171,15,48.7954,880.198,gen0171_theta_nd_0015.npy,gen0171_A_nd_0015.npy
171,16,57.8113,898.163,gen0171_theta_nd_0016.npy,gen0171_A_nd_0016.npy
171,17,61.0931,903.947,gen0171_theta_nd_0017.npy,gen0171_A_nd_0017.npy
171,18,64.3475,909.429,gen0171_theta_nd_0018.npy,gen0171_A_nd_0018.npy
171,19,59.6657,900.933,gen0171_theta_nd_0019.npy,gen0171_A_nd_0019.npy
171,20,48.9945,880.716,gen0171_theta_nd_0020.npy,gen0171_A_nd_0020.npy
171,21,56.472,895.345,gen0171_theta_nd_0021.npy,gen0171_A_nd_0021.npy
171,22,47.1545,878.687,gen0171_theta_nd_0022.npy,gen0171_A_nd_0022.npy
171,23,62.4561,906.188,gen0171_theta_nd_0023.npy,gen0171_A_nd_0023.npy
171,24,51.2212,885.514,gen0171_theta_nd_0024.npy,gen0171_A_nd_0024.npy
171,25,58.1409,898.496,gen0171_theta_nd_0025.npy,gen0171_A_nd_0025.npy
171,26,59.3942,900.765,gen0171_theta_nd_0026.npy,gen0171_A_nd_0026.npy
171,27,52.1777,887.519,gen0171_theta_nd_0027.npy,gen0171_A_nd_0027.npy
171,28,61.995,905.179,gen0171_theta_nd_0028.npy,gen0171_A_nd_0028.npy
171,29,60.2059,902.172,gen0171_theta_nd_0029.npy,gen0171_A_nd_0029.npy
171,30,57.6301,897.558,gen0171_theta_nd_0030.npy,gen0171_A_nd_0030.npy
171,31,52.4918,888.026,gen0171_theta_nd_0031.npy,gen0171_A_nd_0031.npy
171,32,57.05,896.695,gen0171_theta_nd_0032.npy,gen0171_A_nd_0032.npy
171,33,58.7779,899.72,gen0171_theta_nd_0033.npy,gen0171_A_nd_0033.npy
171,34,51.4072,885.743,gen0171_theta_nd_0034.npy,gen0171_A_nd_0034.npy
171,35,55.9709,894.153,gen0171_theta_nd_0035.npy,gen0171_A_nd_0035.npy
171,36,56.7186,895.92,gen0171_theta_nd_0036.npy,gen0171_A_nd_0036.npy
171,37,61.656,904.632,gen0171_theta_nd_0037.npy,gen0171_A_nd_0037.npy
171,38,53.0704,888.908,gen0171_theta_nd_0038.npy,gen0171_A_nd_0038.npy
171,39,64.0062,909.051,gen0171_theta_nd_0039.npy,gen0171_A_nd_0039.npy
171,40,61.4467,904.259,gen0171_theta_nd_0040.npy,gen0171_A_nd_0040.npy
171,41,50.5659,884.394,gen0171_theta_nd_0041.npy,gen0171_A_nd_0041.npy
171,42,51.9486,886.884,gen0171_theta_nd_0042.npy,gen0171_A_nd_0042.npy
171,43,55.3732,893.111,gen0171_theta_nd_0043.npy,gen0171_A_nd_0043.npy
171,44,63.4443,908.244,gen0171_theta_nd_0044.npy,gen0171_A_nd_0044.npy
171,45,62.3199,905.613,gen0171_theta_nd_0045.npy,gen0171_A_nd_0045.npy
171,46,48.2463,879.43,gen0171_theta_nd_0046.npy,gen0171_A_nd_0046.npy
171,47,58.5014,899.023,gen0171_theta_nd_0047.npy,gen0171_A_nd_0047.npy
171,48,52.81,888.707,gen0171_theta_nd_0048.npy,gen0171_A_nd_0048.npy
171,49,48.4293,879.799,gen0171_theta_nd_0049.npy,gen0171_A_nd_0049.npy
171,50,60.8945,903.346,gen0171_theta_nd_0050.npy,gen0171_A_nd_0050.npy
171,51,56.228,894.768,gen0171_theta_nd_0051.npy,gen0171_A_nd_0051.npy
171,52,50.4645,883.831,gen0171_theta_nd_0052.npy,gen0171_A_nd_0052.npy
171,53,55.1154,892.632,gen0171_theta_nd_0053.npy,gen0171_A_nd_0053.npy
171,54,46.7081,878.336,gen0171_theta_nd_0054.npy,gen0171_A_nd_0054.npy
171,55,63.1888,907.682,gen0171_theta_nd_0055.npy,gen0171_A_nd_0055.npy
171,56,50.7536,884.994,gen0171_theta_nd_0056.npy,gen0171_A_nd_0056.npy
171,57,63.7601,908.776,gen0171_theta_nd_0057.npy,gen0171_A_nd_0057.npy
171,58,49.3855,881.808,gen0171_theta_nd_0058.npy,gen0171_A_nd_0058.npy
171,59,50.0824,883.433,gen0171_theta_nd_0059.npy,gen0171_A_nd_0059.npy
171,60,54.883,892.605,gen0171_theta_nd_0060.npy,gen0171_A_nd_0060.npy
172,0,48.4293,879.799,gen0172_theta_nd_0000.npy,gen0172_A_nd_0000.npy
172,1,57.05,896.695,gen0172_theta_nd_0001.npy,gen0172_A_nd_0001.npy
172,2,63.7601,908.776,gen0172_theta_nd_0002.npy,gen0172_A_nd_0002.npy
172,3,49.9273,882.809,gen0172_theta_nd_0003.npy,gen0172_A_nd_0003.npy
172,4,56.3331,894.748,gen0172_theta_nd_0004.npy,gen0172_A_nd_0004.npy
172,5,55.6289,893.585,gen0172_theta_nd_0005.npy,gen0172_A_nd_0005.npy
172,6,52.4918,888.026,gen0172_theta_nd_0006.npy,gen0172_A_nd_0006.npy
172,7,57.6301,897.558,gen0172_theta_nd_0007.npy,gen0172_A_nd_0007.npy
172,8,60.2059,902.172,gen0172_theta_nd_0008.npy,gen0172_A_nd_0008.npy
172,9,50.0824,883.433,gen0172_theta_nd_0009.npy,gen0172_A_nd_0009.npy
172,10,57.8113,898.163,gen0172_theta_nd_0010.npy,gen0172_A_nd_0010.npy
172,11,51.2212,885.514,gen0172_theta_nd_0011.npy,gen0172_A_nd_0011.npy
172,12,62.4561,906.188,gen0172_theta_nd_0012.npy,gen0172_A_nd_0012.npy
172,13,61.656,904.632,gen0172_theta_nd_0013.npy,gen0172_A_nd_0013.npy
172,14,60.4914,902.908,gen0172_theta_nd_0014.npy,gen0172_A_nd_0014.npy
172,15,51.6723,886.464,gen0172_theta_nd_0015.npy,gen0172_A_nd_0015.npy
172,16,53.3729,889.67,gen0172_theta_nd_0016.npy,gen0172_A_nd_0016.npy
172,17,56.472,895.345,gen0172_theta_nd_0017.npy,gen0172_A_nd_0017.npy
172,18,60.8945,903.346,gen0172_theta_nd_0018.npy,gen0172_A_nd_0018.npy
172,19,58.7779,899.72,gen0172_theta_nd_0019.npy,gen0172_A_nd_0019.npy
172,20,52.81,888.707,gen0172_theta_nd_0020.npy,gen0172_A_nd_0020.npy
172,21,48.2463,879.43,gen0172_theta_nd_0021.npy,gen0172_A_nd_0021.npy
172,22,57.2775,896.965,gen0172_theta_nd_0022.npy,gen0172_A_nd_0022.npy
172,23,47.1545,878.687,gen0172_theta_nd_0023.npy,gen0172_A_nd_0023.npy
172,24,53.9243,890.509,gen0172_theta_nd_0024.npy,gen0172_A_nd_0024.npy
172,25,61.4467,904.259,gen0172_theta_nd_0025.npy,gen0172_A_nd_0025.npy
172,26,51.9486,886.884,gen0172_theta_nd_0026.npy,gen0172_A_nd_0026.npy
172,27,53.6563,890.153,gen0172_theta_nd_0027.npy,gen0172_A_nd_0027.npy
172,28,54.6113,891.479,gen0172_theta_nd_0028.npy,gen0172_A_nd_0028.npy
172,29,51.4445,885.808,gen0172_theta_nd_0029.npy,gen0172_A_nd_0029.npy
172,30,59.6657,900.933,gen0172_theta_nd_0030.npy,gen0172_A_nd_0030.npy
172,31,50.5659,884.394,gen0172_theta_nd_0031.npy,gen0172_A_nd_0031.npy
172,32,64.3475,909.429,gen0172_theta_nd_0032.npy,gen0172_A_nd_0032.npy
172,33,55.3732,893.111,gen0172_theta_nd_0033.npy,gen0172_A_nd_0033.npy
172,34,48.7954,880.198,gen0172_theta_nd_0034.npy,gen0172_A_nd_0034.npy
172,35,46.7081,878.336,gen0172_theta_nd_0035.npy,gen0172_A_nd_0035.npy
172,36,58.5014,899.023,gen0172_theta_nd_0036.npy,gen0172_A_nd_0036.npy
172,37,56.7754,895.79,gen0172_theta_nd_0037.npy,gen0172_A_nd_0037.npy
172,38,52.239,887.359,gen0172_theta_nd_0038.npy,gen0172_A_nd_0038.npy
172,39,54.273,890.91,gen0172_theta_nd_0039.npy,gen0172_A_nd_0039.npy
172,40,54.7318,892.052,gen0172_theta_nd_0040.npy,gen0172_A_nd_0040.npy
172,41,55.1154,892.632,gen0172_theta_nd_0041.npy,gen0172_A_nd_0041.npy
172,42,59.3942,900.765,gen0172_theta_nd_0042.npy,gen0172_A_nd_0042.npy
172,43,55.9709,894.153,gen0172_theta_nd_0043.npy,gen0172_A_nd_0043.npy
172,44,50.4645,883.831,gen0172_theta_nd_0044.npy,gen0172_A_nd_0044.npy
172,45,62.3199,905.613,gen0172_theta_nd_0045.npy,gen0172_A_nd_0045.npy
172,46,61.0931,903.947,gen0172_theta_nd_0046.npy,gen0172_A_nd_0046.npy
172,47,53.0704,888.908,gen0172_theta_nd_0047.npy,gen0172_A_nd_0047.npy
172,48,58.1409,898.496,gen0172_theta_nd_0048.npy,gen0172_A_nd_0048.npy
172,49,61.995,905.179,gen0172_theta_nd_0049.npy,gen0172_A_nd_0049.npy
172,50,49.6725,882.117,gen0172_theta_nd_0050.npy,gen0172_A_nd_0050.npy
172,51,59.9529,901.641,gen0172_theta_nd_0051.npy,gen0172_A_nd_0051.npy
172,52,63.1888,907.682,gen0172_theta_nd_0052.npy,gen0172_A_nd_0052.npy
172,53,49.3855,881.808,gen0172_theta_nd_0053.npy,gen0172_A_nd_0053.npy
172,54,62.8306,907.162,gen0172_theta_nd_0054.npy,gen0172_A_nd_0054.npy
172,55,63.4443,908.244,gen0172_theta_nd_0055.npy,gen0172_A_nd_0055.npy
172,56,59.0984,899.915,gen0172_theta_nd_0056.npy,gen0172_A_nd_0056.npy
172,57,50.8002,884.824,gen0172_theta_nd_0057.npy,gen0172_A_nd_0057.npy
172,58,64.0062,909.051,gen0172_theta_nd_0058.npy,gen0172_A_nd_0058.npy
172,59,48.9945,880.716,gen0172_theta_nd_0059.npy,gen0172_A_nd_0059.npy
172,60,55.525,893.197,gen0172_theta_nd_0060.npy,gen0172_A_nd_0060.npy
173,0,55.7685,893.598,gen0173_theta_nd_0000.npy,gen0173_A_nd_0000.npy
173,1,54.273,890.91,gen0173_theta_nd_0001.npy,gen0173_A_nd_0001.npy
173,2,64.3475,909.429,gen0173_theta_nd_0002.npy,gen0173_A_nd_0002.npy
173,3,49.9273,882.809,gen0173_theta_nd_0003.npy,gen0173_A_nd_0003.npy
173,4,52.4918,888.026,gen0173_theta_nd_0004.npy,gen0173_A_nd_0004.npy
173,5,50.4645,883.831,gen0173_theta_nd_0005.npy,gen0173_A_nd_0005.npy
173,6,55.1154,892.632,gen0173_theta_nd_0006.npy,gen0173_A_nd_0006.npy
173,7,54.8205,891.91,gen0173_theta_nd_0007.npy,gen0173_A_nd_0007.npy
173,8,61.995,905.179,gen0173_theta_nd_0008.npy,gen0173_A_nd_0008.npy
173,9,59.1287,900.307,gen0173_theta_nd_0009.npy,gen0173_A_nd_0009.npy
173,10,63.4443,908.244,gen0173_theta_nd_0010.npy,gen0173_A_nd_0010.npy
173,11,56.3527,895.134,gen0173_theta_nd_0011.npy,gen0173_A_nd_0011.npy
173,12,59.6657,900.933,gen0173_theta_nd_0012.npy,gen0173_A_nd_0012.npy
173,13,61.711,904.625,gen0173_theta_nd_0013.npy,gen0173_A_nd_0013.npy
173,14,59.9529,901.641,gen0173_theta_nd_0014.npy,gen0173_A_nd_0014.npy
173,15,53.2276,889.429,gen0173_theta_nd_0015.npy,gen0173_A_nd_0015.npy
173,16,48.4293,879.799,gen0173_theta_nd_0016.npy,gen0173_A_nd_0016.npy
173,17,52.4252,887.612,gen0173_theta_nd_0017.npy,gen0173_A_nd_0017.npy
173,18,48.9945,880.716,gen0173_theta_nd_0018.npy,gen0173_A_nd_0018.npy
173,19,60.4914,902.908,gen0173_theta_nd_0019.npy,gen0173_A_nd_0019.npy
173,20,49.3855,881.808,gen0173_theta_nd_0020.npy,gen0173_A_nd_0020.npy
173,21,51.9486,886.884,gen0173_theta_nd_0021.npy,gen0173_A_nd_0021.npy
173,22,57.05,896.695,gen0173_theta_nd_0022.npy,gen0173_A_nd_0022.npy
173,23,51.2212,885.514,gen0173_theta_nd_0023.npy,gen0173_A_nd_0023.npy
173,24,50.0824,883.433,gen0173_theta_nd_0024.npy,gen0173_A_nd_0024.npy
173,25,49.7151,882.27,gen0173_theta_nd_0025.npy,gen0173_A_nd_0025.npy
173,26,58.1409,898.496,gen0173_theta_nd_0026.npy,gen0173_A_nd_0026.npy
173,27,62.9689,907.075,gen0173_theta_nd_0027.npy,gen0173_A_nd_0027.npy
173,28,49.2013,881.07,gen0173_theta_nd_0028.npy,gen0173_A_nd_0028.npy
173,29,63.1888,907.682,gen0173_theta_nd_0029.npy,gen0173_A_nd_0029.npy
173,30,58.5014,899.023,gen0173_theta_nd_0030.npy,gen0173_A_nd_0030.npy
173,31,59.3942,900.765,gen0173_theta_nd_0031.npy,gen0173_A_nd_0031.npy
173,32,47.255,878.278,gen0173_theta_nd_0032.npy,gen0173_A_nd_0032.npy
173,33,57.6871,897.671,gen0173_theta_nd_0033.npy,gen0173_A_nd_0033.npy
173,34,55.9709,894.153,gen0173_theta_nd_0034.npy,gen0173_A_nd_0034.npy
173,35,58.7779,899.72,gen0173_theta_nd_0035.npy,gen0173_A_nd_0035.npy
173,36,61.0931,903.947,gen0173_theta_nd_0036.npy,gen0173_A_nd_0036.npy
173,37,48.7954,880.198,gen0173_theta_nd_0037.npy,gen0173_A_nd_0037.npy
173,38,48.2463,879.43,gen0173_theta_nd_0038.npy,gen0173_A_nd_0038.npy
173,39,63.7601,908.776,gen0173_theta_nd_0039.npy,gen0173_A_nd_0039.npy
173,40,55.5534,893.203,gen0173_theta_nd_0040.npy,gen0173_A_nd_0040.npy
173,41,61.4467,904.259,gen0173_theta_nd_0041.npy,gen0173_A_nd_0041.npy
173,42,56.7754,895.79,gen0173_theta_nd_0042.npy,gen0173_A_nd_0042.npy
173,43,53.3729,889.67,gen0173_theta_nd_0043.npy,gen0173_A_nd_0043.npy
173,44,60.8945,903.346,gen0173_theta_nd_0044.npy,gen0173_A_nd_0044.npy
173,45,62.3199,905.613,gen0173_theta_nd_0045.npy,gen0173_A_nd_0045.npy
173,46,57.3066,897.018,gen0173_theta_nd_0046.npy,gen0173_A_nd_0046.npy
173,47,50.725,884.335,gen0173_theta_nd_0047.npy,gen0173_A_nd_0047.npy
173,48,56.6225,895.524,gen0173_theta_nd_0048.npy,gen0173_A_nd_0048.npy
173,49,51.4445,885.808,gen0173_theta_nd_0049.npy,gen0173_A_nd_0049.npy
173,50,64.0062,909.051,gen0173_theta_nd_0050.npy,gen0173_A_nd_0050.npy
173,51,60.2059,902.172,gen0173_theta_nd_0051.npy,gen0173_A_nd_0051.npy
173,52,53.6563,890.153,gen0173_theta_nd_0052.npy,gen0173_A_nd_0052.npy
173,53,52.81,888.707,gen0173_theta_nd_0053.npy,gen0173_A_nd_0053.npy
173,54,51.7705,886.798,gen0173_theta_nd_0054.npy,gen0173_A_nd_0054.npy
173,55,50.9651,884.886,gen0173_theta_nd_0055.npy,gen0173_A_nd_0055.npy
173,56,54.5735,891.391,gen0173_theta_nd_0056.npy,gen0173_A_nd_0056.npy
173,57,47.2843,878.637,gen0173_theta_nd_0057.npy,gen0173_A_nd_0057.npy
173,58,57.6301,897.558,gen0173_theta_nd_0058.npy,gen0173_A_nd_0058.npy
173,59,63.7589,908.552,gen0173_theta_nd_0059.npy,gen0173_A_nd_0059.npy
173,60,53.0704,888.908,gen0173_theta_nd_0060.npy,gen0173_A_nd_0060.npy
174,0,55.226,892.746,gen0174_theta_nd_0000.npy,gen0174_A_nd_0000.npy
174,1,63.1888,907.682,gen0174_theta_nd_0001.npy,gen0174_A_nd_0001.npy
174,2,48.2463,879.43,gen0174_theta_nd_0002.npy,gen0174_A_nd_0002.npy
174,3,50.152,883.369,gen0174_theta_nd_0003.npy,gen0174_A_nd_0003.npy
174,4,53.6563,890.153,gen0174_theta_nd_0004.npy,gen0174_A_nd_0004.npy
174,5,54.273,890.91,gen0174_theta_nd_0005.npy,gen0174_A_nd_0005.npy
174,6,60.2059,902.172,gen0174_theta_nd_0006.npy,gen0174_A_nd_0006.npy
174,7,55.5534,893.203,gen0174_theta_nd_0007.npy,gen0174_A_nd_0007.npy
174,8,56.6225,895.524,gen0174_theta_nd_0008.npy,gen0174_A_nd_0008.npy
174,9,52.0924,887.258,gen0174_theta_nd_0009.npy,gen0174_A_nd_0009.npy
174,10,51.8167,886.66,gen0174_theta_nd_0010.npy,gen0174_A_nd_0010.npy
174,11,48.4293,879.799,gen0174_theta_nd_0011.npy,gen0174_A_nd_0011.npy
174,12,54.7345,891.713,gen0174_theta_nd_0012.npy,gen0174_A_nd_0012.npy
174,13,60.5433,902.982,gen0174_theta_nd_0013.npy,gen0174_A_nd_0013.npy
174,14,55.9709,894.153,gen0174_theta_nd_0014.npy,gen0174_A_nd_0014.npy
174,15,63.4443,908.244,gen0174_theta_nd_0015.npy,gen0174_A_nd_0015.npy
174,16,54.5735,891.391,gen0174_theta_nd_0016.npy,gen0174_A_nd_0016.npy
174,17,53.3729,889.67,gen0174_theta_nd_0017.npy,gen0174_A_nd_0017.npy
174,18,51.5853,886.245,gen0174_theta_nd_0018.npy,gen0174_A_nd_0018.npy
174,19,57.6871,897.671,gen0174_theta_nd_0019.npy,gen0174_A_nd_0019.npy
174,20,64.3475,909.429,gen0174_theta_nd_0020.npy,gen0174_A_nd_0020.npy
174,21,62.9359,906.787,gen0174_theta_nd_0021.npy,gen0174_A_nd_0021.npy
174,22,59.9529,901.641,gen0174_theta_nd_0022.npy,gen0174_A_nd_0022.npy
174,23,50.9651,884.886,gen0174_theta_nd_0023.npy,gen0174_A_nd_0023.npy
174,24,58.5014,899.023,gen0174_theta_nd_0024.npy,gen0174_A_nd_0024.npy
174,25,49.3855,881.808,gen0174_theta_nd_0025.npy,gen0174_A_nd_0025.npy
174,26,55.7685,893.598,gen0174_theta_nd_0026.npy,gen0174_A_nd_0026.npy
174,27,47.2843,878.637,gen0174_theta_nd_0027.npy,gen0174_A_nd_0027.npy
174,28,49.3662,881.534,gen0174_theta_nd_0028.npy,gen0174_A_nd_0028.npy
174,29,59.1287,900.307,gen0174_theta_nd_0029.npy,gen0174_A_nd_0029.npy
174,30,62.3199,905.613,gen0174_theta_nd_0030.npy,gen0174_A_nd_0030.npy
174,31,48.7954,880.198,gen0174_theta_nd_0031.npy,gen0174_A_nd_0031.npy
174,32,62.7128,906.402,gen0174_theta_nd_0032.npy,gen0174_A_nd_0032.npy
174,33,61.711,904.625,gen0174_theta_nd_0033.npy,gen0174_A_nd_0033.npy
174,34,51.2212,885.514,gen0174_theta_nd_0034.npy,gen0174_A_nd_0034.npy
174,35,61.995,905.179,gen0174_theta_nd_0035.npy,gen0174_A_nd_0035.npy
174,36,50.725,884.335,gen0174_theta_nd_0036.npy,gen0174_A_nd_0036.npy
174,37,53.2378,889.267,gen0174_theta_nd_0037.npy,gen0174_A_nd_0037.npy
174,38,47.255,878.278,gen0174_theta_nd_0038.npy,gen0174_A_nd_0038.npy
174,39,52.4252,887.612,gen0174_theta_nd_0039.npy,gen0174_A_nd_0039.npy
174,40,57.05,896.695,gen0174_theta_nd_0040.npy,gen0174_A_nd_0040.npy
174,41,59.3942,900.765,gen0174_theta_nd_0041.npy,gen0174_A_nd_0041.npy
174,42,63.7601,908.776,gen0174_theta_nd_0042.npy,gen0174_A_nd_0042.npy
174,43,50.4645,883.831,gen0174_theta_nd_0043.npy,gen0174_A_nd_0043.npy
174,44,56.7754,895.79,gen0174_theta_nd_0044.npy,gen0174_A_nd_0044.npy
174,45,58.7779,899.72,gen0174_theta_nd_0045.npy,gen0174_A_nd_0045.npy
174,46,61.5156,904.393,gen0174_theta_nd_0046.npy,gen0174_A_nd_0046.npy
174,47,49.7487,882.101,gen0174_theta_nd_0047.npy,gen0174_A_nd_0047.npy
174,48,56.3601,895.065,gen0174_theta_nd_0048.npy,gen0174_A_nd_0048.npy
174,49,59.6657,900.933,gen0174_theta_nd_0049.npy,gen0174_A_nd_0049.npy
174,50,61.0931,903.947,gen0174_theta_nd_0050.npy,gen0174_A_nd_0050.npy
174,51,49.9713,882.817,gen0174_theta_nd_0051.npy,gen0174_A_nd_0051.npy
174,52,52.81,888.707,gen0174_theta_nd_0052.npy,gen0174_A_nd_0052.npy
174,53,58.4434,898.599,gen0174_theta_nd_0053.npy,gen0174_A_nd_0053.npy
174,54,64.0062,909.051,gen0174_theta_nd_0054.npy,gen0174_A_nd_0054.npy
174,55,52.5417,888.29,gen0174_theta_nd_0055.npy,gen0174_A_nd_0055.npy
174,56,60.8945,903.346,gen0174_theta_nd_0056.npy,gen0174_A_nd_0056.npy
174,57,48.9945,880.716,gen0174_theta_nd_0057.npy,gen0174_A_nd_0057.npy
174,58,57.4632,897.127,gen0174_theta_nd_0058.npy,gen0174_A_nd_0058.npy
174,59,51.96,886.735,gen0174_theta_nd_0059.npy,gen0174_A_nd_0059.npy
174,60,57.6777,897.57,gen0174_theta_nd_0060.npy,gen0174_A_nd_0060.npy
175,0,60.8945,903.346,gen0175_theta_nd_0000.npy,gen0175_A_nd_0000.npy
175,1,61.8241,904.933,gen0175_theta_nd_0001.npy,gen0175_A_nd_0001.npy
175,2,47.2843,878.637,gen0175_theta_nd_0002.npy,gen0175_A_nd_0002.npy
175,3,49.8355,882.558,gen0175_theta_nd_0003.npy,gen0175_A_nd_0003.npy
175,4,50.9651,884.886,gen0175_theta_nd_0004.npy,gen0175_A_nd_0004.npy
175,5,48.6061,879.756,gen0175_theta_nd_0005.npy,gen0175_A_nd_0005.npy
175,6,61.995,905.179,gen0175_theta_nd_0006.npy,gen0175_A_nd_0006.npy
175,7,51.2212,885.514,gen0175_theta_nd_0007.npy,gen0175_A_nd_0007.npy
175,8,58.5982,899.334,gen0175_theta_nd_0008.npy,gen0175_A_nd_0008.npy
175,9,49.9713,882.817,gen0175_theta_nd_0009.npy,gen0175_A_nd_0009.npy
175,10,59.9529,901.641,gen0175_theta_nd_0010.npy,gen0175_A_nd_0010.npy
175,11,55.5534,893.203,gen0175_theta_nd_0011.npy,gen0175_A_nd_0011.npy
175,12,52.4252,887.612,gen0175_theta_nd_0012.npy,gen0175_A_nd_0012.npy
175,13,60.5433,902.982,gen0175_theta_nd_0013.npy,gen0175_A_nd_0013.npy
175,14,56.3601,895.065,gen0175_theta_nd_0014.npy,gen0175_A_nd_0014.npy
175,15,56.851,896.153,gen0175_theta_nd_0015.npy,gen0175_A_nd_0015.npy
175,16,50.4645,883.831,gen0175_theta_nd_0016.npy,gen0175_A_nd_0016.npy
175,17,50.152,883.369,gen0175_theta_nd_0017.npy,gen0175_A_nd_0017.npy
175,18,62.9359,906.787,gen0175_theta_nd_0018.npy,gen0175_A_nd_0018.npy
175,19,49.3662,881.534,gen0175_theta_nd_0019.npy,gen0175_A_nd_0019.npy
175,20,53.3729,889.67,gen0175_theta_nd_0020.npy,gen0175_A_nd_0020.npy
175,21,52.5417,888.29,gen0175_theta_nd_0021.npy,gen0175_A_nd_0021.npy
175,22,55.2673,892.817,gen0175_theta_nd_0022.npy,gen0175_A_nd_0022.npy
175,23,47.255,878.278,gen0175_theta_nd_0023.npy,gen0175_A_nd_0023.npy
175,24,60.2059,902.172,gen0175_theta_nd_0024.npy,gen0175_A_nd_0024.npy
175,25,55.7685,893.598,gen0175_theta_nd_0025.npy,gen0175_A_nd_0025.npy
175,26,56.0357,894.206,gen0175_theta_nd_0026.npy,gen0175_A_nd_0026.npy
175,27,52.8542,888.791,gen0175_theta_nd_0027.npy,gen0175_A_nd_0027.npy
175,28,63.7601,908.776,gen0175_theta_nd_0028.npy,gen0175_A_nd_0028.npy
175,29,62.6649,906.338,gen0175_theta_nd_0029.npy,gen0175_A_nd_0029.npy
175,30,57.05,896.695,gen0175_theta_nd_0030.npy,gen0175_A_nd_0030.npy
175,31,61.1362,903.855,gen0175_theta_nd_0031.npy,gen0175_A_nd_0031.npy
175,32,57.4632,897.127,gen0175_theta_nd_0032.npy,gen0175_A_nd_0032.npy
175,33,59.6681,901.6,gen0175_theta_nd_0033.npy,gen0175_A_nd_0033.npy
175,34,51.7526,886.23,gen0175_theta_nd_0034.npy,gen0175_A_nd_0034.npy
175,35,50.725,884.335,gen0175_theta_nd_0035.npy,gen0175_A_nd_0035.npy
175,36,58.7779,899.72,gen0175_theta_nd_0036.npy,gen0175_A_nd_0036.npy
175,37,63.1888,907.682,gen0175_theta_nd_0037.npy,gen0175_A_nd_0037.npy
175,38,48.2463,879.43,gen0175_theta_nd_0038.npy,gen0175_A_nd_0038.npy
175,39,51.8323,886.503,gen0175_theta_nd_0039.npy,gen0175_A_nd_0039.npy
175,40,59.3942,900.765,gen0175_theta_nd_0040.npy,gen0175_A_nd_0040.npy
175,41,54.4599,890.824,gen0175_theta_nd_0041.npy,gen0175_A_nd_0041.npy
175,42,54.7345,891.713,gen0175_theta_nd_0042.npy,gen0175_A_nd_0042.npy
175,43,49.3855,881.808,gen0175_theta_nd_0043.npy,gen0175_A_nd_0043.npy
175,44,64.0062,909.051,gen0175_theta_nd_0044.npy,gen0175_A_nd_0044.npy
175,45,48.7954,880.198,gen0175_theta_nd_0045.npy,gen0175_A_nd_0045.npy
175,46,57.6871,897.671,gen0175_theta_nd_0046.npy,gen0175_A_nd_0046.npy
175,47,53.2378,889.267,gen0175_theta_nd_0047.npy,gen0175_A_nd_0047.npy
175,48,58.4434,898.599,gen0175_theta_nd_0048.npy,gen0175_A_nd_0048.npy
175,49,59.1287,900.307,gen0175_theta_nd_0049.npy,gen0175_A_nd_0049.npy
175,50,49.0257,880.606,gen0175_theta_nd_0050.npy,gen0175_A_nd_0050.npy
175,51,53.7135,889.922,gen0175_theta_nd_0051.npy,gen0175_A_nd_0051.npy
175,52,64.3475,909.429,gen0175_theta_nd_0052.npy,gen0175_A_nd_0052.npy
175,53,56.6225,895.524,gen0175_theta_nd_0053.npy,gen0175_A_nd_0053.npy
175,54,52.0818,887.028,gen0175_theta_nd_0054.npy,gen0175_A_nd_0054.npy
175,55,63.4443,908.244,gen0175_theta_nd_0055.npy,gen0175_A_nd_0055.npy
175,56,61.5156,904.393,gen0175_theta_nd_0056.npy,gen0175_A_nd_0056.npy
175,57,54.9427,892.392,gen0175_theta_nd_0057.npy,gen0175_A_nd_0057.npy
175,58,62.3199,905.613,gen0175_theta_nd_0058.npy,gen0175_A_nd_0058.npy
175,59,52.6257,888.366,gen0175_theta_nd_0059.npy,gen0175_A_nd_0059.npy
175,60,52.81,888.707,gen0175_theta_nd_0060.npy,gen0175_A_nd_0060.npy
176,0,54.9427,892.392,gen0176_theta_nd_0000.npy,gen0176_A_nd_0000.npy
176,1,61.995,905.179,gen0176_theta_nd_0001.npy,gen0176_A_nd_0001.npy
176,2,61.4868,904.371,gen0176_theta_nd_0002.npy,gen0176_A_nd_0002.npy
176,3,64.0062,909.051,gen0176_theta_nd_0003.npy,gen0176_A_nd_0003.npy
176,4,52.9355,888.745,gen0176_theta_nd_0004.npy,gen0176_A_nd_0004.npy
176,5,58.3236,898.501,gen0176_theta_nd_0005.npy,gen0176_A_nd_0005.npy
176,6,51.5204,886.221,gen0176_theta_nd_0006.npy,gen0176_A_nd_0006.npy
176,7,61.8241,904.933,gen0176_theta_nd_0007.npy,gen0176_A_nd_0007.npy
176,8,55.5534,893.203,gen0176_theta_nd_0008.npy,gen0176_A_nd_0008.npy
176,9,57.6871,897.671,gen0176_theta_nd_0009.npy,gen0176_A_nd_0009.npy
176,10,52.0818,887.028,gen0176_theta_nd_0010.npy,gen0176_A_nd_0010.npy
176,11,51.8323,886.503,gen0176_theta_nd_0011.npy,gen0176_A_nd_0011.npy
176,12,62.6649,906.338,gen0176_theta_nd_0012.npy,gen0176_A_nd_0012.npy
176,13,62.3491,905.475,gen0176_theta_nd_0013.npy,gen0176_A_nd_0013.npy
176,14,54.7345,891.713,gen0176_theta_nd_0014.npy,gen0176_A_nd_0014.npy
176,15,48.7954,880.198,gen0176_theta_nd_0015.npy,gen0176_A_nd_0015.npy
176,16,56.851,896.153,gen0176_theta_nd_0016.npy,gen0176_A_nd_0016.npy
176,17,59.1287,900.307,gen0176_theta_nd_0017.npy,gen0176_A_nd_0017.npy
176,18,56.0357,894.206,gen0176_theta_nd_0018.npy,gen0176_A_nd_0018.npy
176,19,53.5198,889.795,gen0176_theta_nd_0019.npy,gen0176_A_nd_0019.npy
176,20,57.4632,897.127,gen0176_theta_nd_0020.npy,gen0176_A_nd_0020.npy
176,21,63.7601,908.776,gen0176_theta_nd_0021.npy,gen0176_A_nd_0021.npy
176,22,55.8219,893.742,gen0176_theta_nd_0022.npy,gen0176_A_nd_0022.npy
176,23,49.0257,880.606,gen0176_theta_nd_0023.npy,gen0176_A_nd_0023.npy
176,24,54.4599,890.824,gen0176_theta_nd_0024.npy,gen0176_A_nd_0024.npy
176,25,53.2378,889.267,gen0176_theta_nd_0025.npy,gen0176_A_nd_0025.npy
176,26,62.9359,906.787,gen0176_theta_nd_0026.npy,gen0176_A_nd_0026.npy
176,27,53.827,890.395,gen0176_theta_nd_0027.npy,gen0176_A_nd_0027.npy
176,28,50.725,884.335,gen0176_theta_nd_0028.npy,gen0176_A_nd_0028.npy
176,29,49.2703,881.125,gen0176_theta_nd_0029.npy,gen0176_A_nd_0029.npy
176,30,56.3601,895.065,gen0176_theta_nd_0030.npy,gen0176_A_nd_0030.npy
176,31,59.9529,901.641,gen0176_theta_nd_0031.npy,gen0176_A_nd_0031.npy
176,32,49.4735,881.871,gen0176_theta_nd_0032.npy,gen0176_A_nd_0032.npy
176,33,52.581,888.212,gen0176_theta_nd_0033.npy,gen0176_A_nd_0033.npy
176,34,60.2664,902.313,gen0176_theta_nd_0034.npy,gen0176_A_nd_0034.npy
176,35,64.3475,909.429,gen0176_theta_nd_0035.npy,gen0176_A_nd_0035.npy
176,36,61.0066,903.271,gen0176_theta_nd_0036.npy,gen0176_A_nd_0036.npy
176,37,63.1888,907.682,gen0176_theta_nd_0037.npy,gen0176_A_nd_0037.npy
176,38,59.7877,901.012,gen0176_theta_nd_0038.npy,gen0176_A_nd_0038.npy
176,39,49.6929,882.18,gen0176_theta_nd_0039.npy,gen0176_A_nd_0039.npy
176,40,50.9651,884.886,gen0176_theta_nd_0040.npy,gen0176_A_nd_0040.npy
176,41,61.2028,903.925,gen0176_theta_nd_0041.npy,gen0176_A_nd_0041.npy
176,42,56.6225,895.524,gen0176_theta_nd_0042.npy,gen0176_A_nd_0042.npy
176,43,48.6061,879.756,gen0176_theta_nd_0043.npy,gen0176_A_nd_0043.npy
176,44,59.3942,900.765,gen0176_theta_nd_0044.npy,gen0176_A_nd_0044.npy
176,45,49.9713,882.817,gen0176_theta_nd_0045.npy,gen0176_A_nd_0045.npy
176,46,50.152,883.369,gen0176_theta_nd_0046.npy,gen0176_A_nd_0046.npy
176,47,58.8318,899.748,gen0176_theta_nd_0047.npy,gen0176_A_nd_0047.npy
176,48,47.2843,878.637,gen0176_theta_nd_0048.npy,gen0176_A_nd_0048.npy
176,49,58.5982,899.334,gen0176_theta_nd_0049.npy,gen0176_A_nd_0049.npy
176,50,63.4443,908.244,gen0176_theta_nd_0050.npy,gen0176_A_nd_0050.npy
176,51,48.2463,879.43,gen0176_theta_nd_0051.npy,gen0176_A_nd_0051.npy
176,52,47.255,878.278,gen0176_theta_nd_0052.npy,gen0176_A_nd_0052.npy
176,53,55.2673,892.817,gen0176_theta_nd_0053.npy,gen0176_A_nd_0053.npy
176,54,51.2212,885.514,gen0176_theta_nd_0054.npy,gen0176_A_nd_0054.npy
176,55,50.4645,883.831,gen0176_theta_nd_0055.npy,gen0176_A_nd_0055.npy
176,56,57.0923,896.583,gen0176_theta_nd_0056.npy,gen0176_A_nd_0056.npy
176,57,60.5433,902.982,gen0176_theta_nd_0057.npy,gen0176_A_nd_0057.npy
176,58,52.4252,887.612,gen0176_theta_nd_0058.npy,gen0176_A_nd_0058.npy
176,59,59.8052,901.613,gen0176_theta_nd_0059.npy,gen0176_A_nd_0059.npy
176,60,63.7147,908.686,gen0176_theta_nd_0060.npy,gen0176_A_nd_0060.npy
177,0,48.7954,880.198,gen0177_theta_nd_0000.npy,gen0177_A_nd_0000.npy
177,1,47.255,878.278,gen0177_theta_nd_0001.npy,gen0177_A_nd_0001.npy
177,2,49.6929,882.18,gen0177_theta_nd_0002.npy,gen0177_A_nd_0002.npy
177,3,62.6649,906.338,gen0177_theta_nd_0003.npy,gen0177_A_nd_0003.npy
177,4,55.2673,892.817,gen0177_theta_nd_0004.npy,gen0177_A_nd_0004.npy
177,5,64.0062,909.051,gen0177_theta_nd_0005.npy,gen0177_A_nd_0005.npy
177,6,56.6225,895.524,gen0177_theta_nd_0006.npy,gen0177_A_nd_0006.npy
177,7,58.3236,898.501,gen0177_theta_nd_0007.npy,gen0177_A_nd_0007.npy
177,8,49.1815,880.777,gen0177_theta_nd_0008.npy,gen0177_A_nd_0008.npy
177,9,49.4735,881.871,gen0177_theta_nd_0009.npy,gen0177_A_nd_0009.npy
177,10,54.4599,890.824,gen0177_theta_nd_0010.npy,gen0177_A_nd_0010.npy
177,11,55.8219,893.742,gen0177_theta_nd_0011.npy,gen0177_A_nd_0011.npy
177,12,48.2463,879.43,gen0177_theta_nd_0012.npy,gen0177_A_nd_0012.npy
177,13,52.4252,887.612,gen0177_theta_nd_0013.npy,gen0177_A_nd_0013.npy
177,14,52.6289,888.194,gen0177_theta_nd_0014.npy,gen0177_A_nd_0014.npy
177,15,57.0923,896.583,gen0177_theta_nd_0015.npy,gen0177_A_nd_0015.npy
177,16,61.4868,904.371,gen0177_theta_nd_0016.npy,gen0177_A_nd_0016.npy
177,17,61.2028,903.925,gen0177_theta_nd_0017.npy,gen0177_A_nd_0017.npy
177,18,52.9614,888.734,gen0177_theta_nd_0018.npy,gen0177_A_nd_0018.npy
177,19,49.9713,882.817,gen0177_theta_nd_0019.npy,gen0177_A_nd_0019.npy
177,20,62.0091,905.22,gen0177_theta_nd_0020.npy,gen0177_A_nd_0020.npy
177,21,57.4632,897.127,gen0177_theta_nd_0021.npy,gen0177_A_nd_0021.npy
177,22,63.7601,908.776,gen0177_theta_nd_0022.npy,gen0177_A_nd_0022.npy
177,23,54.7345,891.713,gen0177_theta_nd_0023.npy,gen0177_A_nd_0023.npy
177,24,53.5198,889.795,gen0177_theta_nd_0024.npy,gen0177_A_nd_0024.npy
177,25,51.2212,885.514,gen0177_theta_nd_0025.npy,gen0177_A_nd_0025.npy
177,26,60.0913,901.98,gen0177_theta_nd_0026.npy,gen0177_A_nd_0026.npy
177,27,50.725,884.335,gen0177_theta_nd_0027.npy,gen0177_A_nd_0027.npy
177,28,63.4443,908.244,gen0177_theta_nd_0028.npy,gen0177_A_nd_0028.npy
177,29,61.8241,904.933,gen0177_theta_nd_0029.npy,gen0177_A_nd_0029.npy
177,30,60.2664,902.313,gen0177_theta_nd_0030.npy,gen0177_A_nd_0030.npy
177,31,59.1287,900.307,gen0177_theta_nd_0031.npy,gen0177_A_nd_0031.npy
177,32,54.9427,892.392,gen0177_theta_nd_0032.npy,gen0177_A_nd_0032.npy
177,33,55.5534,893.203,gen0177_theta_nd_0033.npy,gen0177_A_nd_0033.npy
177,34,58.9042,899.906,gen0177_theta_nd_0034.npy,gen0177_A_nd_0034.npy
177,35,53.8898,889.973,gen0177_theta_nd_0035.npy,gen0177_A_nd_0035.npy
177,36,56.0357,894.206,gen0177_theta_nd_0036.npy,gen0177_A_nd_0036.npy
177,37,47.606,878.577,gen0177_theta_nd_0037.npy,gen0177_A_nd_0037.npy
177,38,48.6061,879.756,gen0177_theta_nd_0038.npy,gen0177_A_nd_0038.npy
177,39,57.6871,897.671,gen0177_theta_nd_0039.npy,gen0177_A_nd_0039.npy
177,40,59.7877,901.012,gen0177_theta_nd_0040.npy,gen0177_A_nd_0040.npy
177,41,64.3475,909.429,gen0177_theta_nd_0041.npy,gen0177_A_nd_0041.npy
177,42,50.152,883.369,gen0177_theta_nd_0042.npy,gen0177_A_nd_0042.npy
177,43,52.0818,887.028,gen0177_theta_nd_0043.npy,gen0177_A_nd_0043.npy
177,44,58.5982,899.334,gen0177_theta_nd_0044.npy,gen0177_A_nd_0044.npy
177,45,63.1888,907.682,gen0177_theta_nd_0045.npy,gen0177_A_nd_0045.npy
177,46,59.3942,900.765,gen0177_theta_nd_0046.npy,gen0177_A_nd_0046.npy
177,47,56.8607,896.129,gen0177_theta_nd_0047.npy,gen0177_A_nd_0047.npy
177,48,62.9471,906.657,gen0177_theta_nd_0048.npy,gen0177_A_nd_0048.npy
177,49,50.4645,883.831,gen0177_theta_nd_0049.npy,gen0177_A_nd_0049.npy
177,50,53.2378,889.267,gen0177_theta_nd_0050.npy,gen0177_A_nd_0050.npy
177,51,51.8854,886.365,gen0177_theta_nd_0051.npy,gen0177_A_nd_0051.npy
177,52,51.5204,886.221,gen0177_theta_nd_0052.npy,gen0177_A_nd_0052.npy
177,53,50.9651,884.886,gen0177_theta_nd_0053.npy,gen0177_A_nd_0053.npy
177,54,61.0066,903.271,gen0177_theta_nd_0054.npy,gen0177_A_nd_0054.npy
177,55,49.2703,881.125,gen0177_theta_nd_0055.npy,gen0177_A_nd_0055.npy
177,56,56.3601,895.065,gen0177_theta_nd_0056.npy,gen0177_A_nd_0056.npy
177,57,55.119,892.428,gen0177_theta_nd_0057.npy,gen0177_A_nd_0057.npy
177,58,49.6642,882.114,gen0177_theta_nd_0058.npy,gen0177_A_nd_0058.npy
177,59,48.5174,879.451,gen0177_theta_nd_0059.npy,gen0177_A_nd_0059.npy
177,60,61.3899,904.272,gen0177_theta_nd_0060.npy,gen0177_A_nd_0060.npy
178,0,59.7877,901.012,gen0178_theta_nd_0000.npy,gen0178_A_nd_0000.npy
178,1,62.9471,906.657,gen0178_theta_nd_0001.npy,gen0178_A_nd_0001.npy
178,2,54.7345,891.713,gen0178_theta_nd_0002.npy,gen0178_A_nd_0002.npy
178,3,50.9651,884.886,gen0178_theta_nd_0003.npy,gen0178_A_nd_0003.npy
178,4,50.725,884.335,gen0178_theta_nd_0004.npy,gen0178_A_nd_0004.npy
178,5,53.5198,889.795,gen0178_theta_nd_0005.npy,gen0178_A_nd_0005.npy
178,6,49.1815,880.777,gen0178_theta_nd_0006.npy,gen0178_A_nd_0006.npy
178,7,56.0357,894.206,gen0178_theta_nd_0007.npy,gen0178_A_nd_0007.npy
178,8,52.9534,888.725,gen0178_theta_nd_0008.npy,gen0178_A_nd_0008.npy
178,9,58.7695,899.149,gen0178_theta_nd_0009.npy,gen0178_A_nd_0009.npy
178,10,49.4735,881.871,gen0178_theta_nd_0010.npy,gen0178_A_nd_0010.npy
178,11,56.6225,895.524,gen0178_theta_nd_0011.npy,gen0178_A_nd_0011.npy
178,12,55.5534,893.203,gen0178_theta_nd_0012.npy,gen0178_A_nd_0012.npy
178,13,50.4645,883.831,gen0178_theta_nd_0013.npy,gen0178_A_nd_0013.npy
178,14,54.1398,890.398,gen0178_theta_nd_0014.npy,gen0178_A_nd_0014.npy
178,15,49.2703,881.125,gen0178_theta_nd_0015.npy,gen0178_A_nd_0015.npy
178,16,57.3635,897.019,gen0178_theta_nd_0016.npy,gen0178_A_nd_0016.npy
178,17,58.9042,899.906,gen0178_theta_nd_0017.npy,gen0178_A_nd_0017.npy
178,18,55.2673,892.817,gen0178_theta_nd_0018.npy,gen0178_A_nd_0018.npy
178,19,56.8607,896.129,gen0178_theta_nd_0019.npy,gen0178_A_nd_0019.npy
178,20,61.2028,903.925,gen0178_theta_nd_0020.npy,gen0178_A_nd_0020.npy
178,21,62.1001,905.207,gen0178_theta_nd_0021.npy,gen0178_A_nd_0021.npy
178,22,60.0913,901.98,gen0178_theta_nd_0022.npy,gen0178_A_nd_0022.npy
178,23,49.9713,882.817,gen0178_theta_nd_0023.npy,gen0178_A_nd_0023.npy
178,24,59.2411,900.218,gen0178_theta_nd_0024.npy,gen0178_A_nd_0024.npy
178,25,53.8898,889.973,gen0178_theta_nd_0025.npy,gen0178_A_nd_0025.npy
178,26,61.7688,904.729,gen0178_theta_nd_0026.npy,gen0178_A_nd_0026.npy
178,27,63.4443,908.244,gen0178_theta_nd_0027.npy,gen0178_A_nd_0027.npy
178,28,60.2664,902.313,gen0178_theta_nd_0028.npy,gen0178_A_nd_0028.npy
178,29,58.3236,898.501,gen0178_theta_nd_0029.npy,gen0178_A_nd_0029.npy
178,30,59.3942,900.765,gen0178_theta_nd_0030.npy,gen0178_A_nd_0030.npy
178,31,52.6289,888.194,gen0178_theta_nd_0031.npy,gen0178_A_nd_0031.npy
178,32,48.7954,880.198,gen0178_theta_nd_0032.npy,gen0178_A_nd_0032.npy
178,33,62.6649,906.338,gen0178_theta_nd_0033.npy,gen0178_A_nd_0033.npy
178,34,47.606,878.577,gen0178_theta_nd_0034.npy,gen0178_A_nd_0034.npy
178,35,49.6929,882.18,gen0178_theta_nd_0035.npy,gen0178_A_nd_0035.npy
178,36,47.255,878.278,gen0178_theta_nd_0036.npy,gen0178_A_nd_0036.npy
178,37,64.3823,908.979,gen0178_theta_nd_0037.npy,gen0178_A_nd_0037.npy
178,38,51.5204,886.221,gen0178_theta_nd_0038.npy,gen0178_A_nd_0038.npy
178,39,50.152,883.369,gen0178_theta_nd_0039.npy,gen0178_A_nd_0039.npy
178,40,61.4868,904.371,gen0178_theta_nd_0040.npy,gen0178_A_nd_0040.npy
178,41,63.7601,908.776,gen0178_theta_nd_0041.npy,gen0178_A_nd_0041.npy
178,42,55.8492,893.733,gen0178_theta_nd_0042.npy,gen0178_A_nd_0042.npy
178,43,61.0066,903.271,gen0178_theta_nd_0043.npy,gen0178_A_nd_0043.npy
178,44,54.9427,892.392,gen0178_theta_nd_0044.npy,gen0178_A_nd_0044.npy
178,45,57.0923,896.583,gen0178_theta_nd_0045.npy,gen0178_A_nd_0045.npy
178,46,52.4252,887.612,gen0178_theta_nd_0046.npy,gen0178_A_nd_0046.npy
178,47,48.6061,879.756,gen0178_theta_nd_0047.npy,gen0178_A_nd_0047.npy
178,48,51.8854,886.365,gen0178_theta_nd_0048.npy,gen0178_A_nd_0048.npy
178,49,57.6871,897.671,gen0178_theta_nd_0049.npy,gen0178_A_nd_0049.npy
178,50,53.1195,889.26,gen0178_theta_nd_0050.npy,gen0178_A_nd_0050.npy
178,51,52.0818,887.028,gen0178_theta_nd_0051.npy,gen0178_A_nd_0051.npy
178,52,48.2463,879.43,gen0178_theta_nd_0052.npy,gen0178_A_nd_0052.npy
178,53,54.4599,890.824,gen0178_theta_nd_0053.npy,gen0178_A_nd_0053.npy
178,54,63.1888,907.682,gen0178_theta_nd_0054.npy,gen0178_A_nd_0054.npy
178,55,51.2212,885.514,gen0178_theta_nd_0055.npy,gen0178_A_nd_0055.npy
178,56,57.4632,897.127,gen0178_theta_nd_0056.npy,gen0178_A_nd_0056.npy
178,57,54.2444,890.684,gen0178_theta_nd_0057.npy,gen0178_A_nd_0057.npy
178,58,48.5174,879.451,gen0178_theta_nd_0058.npy,gen0178_A_nd_0058.npy
178,59,62.1087,905.236,gen0178_theta_nd_0059.npy,gen0178_A_nd_0059.npy
178,60,53.0511,889.053,gen0178_theta_nd_0060.npy,gen0178_A_nd_0060.npy
179,0,56.0484,894.198,gen0179_theta_nd_0000.npy,gen0179_A_nd_0000.npy
179,1,49.1815,880.777,gen0179_theta_nd_0001.npy,gen0179_A_nd_0001.npy
179,2,57.0206,895.865,gen0179_theta_nd_0002.npy,gen0179_A_nd_0002.npy
179,3,53.1497,889.179,gen0179_theta_nd_0003.npy,gen0179_A_nd_0003.npy
179,4,50.9651,884.886,gen0179_theta_nd_0004.npy,gen0179_A_nd_0004.npy
179,5,48.2463,879.43,gen0179_theta_nd_0005.npy,gen0179_A_nd_0005.npy
179,6,48.7954,880.198,gen0179_theta_nd_0006.npy,gen0179_A_nd_0006.npy
179,7,52.0818,887.028,gen0179_theta_nd_0007.npy,gen0179_A_nd_0007.npy
179,8,52.324,887.515,gen0179_theta_nd_0008.npy,gen0179_A_nd_0008.npy
179,9,50.152,883.369,gen0179_theta_nd_0009.npy,gen0179_A_nd_0009.npy
179,10,50.4645,883.831,gen0179_theta_nd_0010.npy,gen0179_A_nd_0010.npy
179,11,49.9713,882.817,gen0179_theta_nd_0011.npy,gen0179_A_nd_0011.npy
179,12,61.7688,904.729,gen0179_theta_nd_0012.npy,gen0179_A_nd_0012.npy
179,13,64.3823,908.979,gen0179_theta_nd_0013.npy,gen0179_A_nd_0013.npy
179,14,59.9561,901.92,gen0179_theta_nd_0014.npy,gen0179_A_nd_0014.npy
179,15,55.3036,892.628,gen0179_theta_nd_0015.npy,gen0179_A_nd_0015.npy
179,16,56.6225,895.524,gen0179_theta_nd_0016.npy,gen0179_A_nd_0016.npy
179,17,59.4751,900.719,gen0179_theta_nd_0017.npy,gen0179_A_nd_0017.npy
179,18,58.0049,898.167,gen0179_theta_nd_0018.npy,gen0179_A_nd_0018.npy
179,19,52.9534,888.725,gen0179_theta_nd_0019.npy,gen0179_A_nd_0019.npy
179,20,62.1001,905.207,gen0179_theta_nd_0020.npy,gen0179_A_nd_0020.npy
179,21,54.9427,892.392,gen0179_theta_nd_0021.npy,gen0179_A_nd_0021.npy
179,22,63.4443,908.244,gen0179_theta_nd_0022.npy,gen0179_A_nd_0022.npy
179,23,47.255,878.278,gen0179_theta_nd_0023.npy,gen0179_A_nd_0023.npy
179,24,61.4868,904.371,gen0179_theta_nd_0024.npy,gen0179_A_nd_0024.npy
179,25,58.3236,898.501,gen0179_theta_nd_0025.npy,gen0179_A_nd_0025.npy
179,26,51.2212,885.514,gen0179_theta_nd_0026.npy,gen0179_A_nd_0026.npy
179,27,59.2939,900.112,gen0179_theta_nd_0027.npy,gen0179_A_nd_0027.npy
179,28,54.7066,891.615,gen0179_theta_nd_0028.npy,gen0179_A_nd_0028.npy
179,29,51.5231,886.141,gen0179_theta_nd_0029.npy,gen0179_A_nd_0029.npy
179,30,49.6929,882.18,gen0179_theta_nd_0030.npy,gen0179_A_nd_0030.npy
179,31,49.4735,881.871,gen0179_theta_nd_0031.npy,gen0179_A_nd_0031.npy
179,32,58.944,899.509,gen0179_theta_nd_0032.npy,gen0179_A_nd_0032.npy
179,33,49.38,881.278,gen0179_theta_nd_0033.npy,gen0179_A_nd_0033.npy
179,34,55.5534,893.203,gen0179_theta_nd_0034.npy,gen0179_A_nd_0034.npy
179,35,54.4599,890.824,gen0179_theta_nd_0035.npy,gen0179_A_nd_0035.npy
179,36,63.7601,908.776,gen0179_theta_nd_0036.npy,gen0179_A_nd_0036.npy
179,37,62.9471,906.657,gen0179_theta_nd_0037.npy,gen0179_A_nd_0037.npy
179,38,61.2028,903.925,gen0179_theta_nd_0038.npy,gen0179_A_nd_0038.npy
179,39,60.2664,902.313,gen0179_theta_nd_0039.npy,gen0179_A_nd_0039.npy
179,40,57.6871,897.671,gen0179_theta_nd_0040.npy,gen0179_A_nd_0040.npy
179,41,52.6289,888.194,gen0179_theta_nd_0041.npy,gen0179_A_nd_0041.npy
179,42,51.8854,886.365,gen0179_theta_nd_0042.npy,gen0179_A_nd_0042.npy
179,43,57.0923,896.583,gen0179_theta_nd_0043.npy,gen0179_A_nd_0043.npy
179,44,57.3635,897.019,gen0179_theta_nd_0044.npy,gen0179_A_nd_0044.npy
179,45,53.8898,889.973,gen0179_theta_nd_0045.npy,gen0179_A_nd_0045.npy
179,46,62.266,905.412,gen0179_theta_nd_0046.npy,gen0179_A_nd_0046.npy
179,47,58.7695,899.149,gen0179_theta_nd_0047.npy,gen0179_A_nd_0047.npy
179,48,61.0066,903.271,gen0179_theta_nd_0048.npy,gen0179_A_nd_0048.npy
179,49,53.5198,889.795,gen0179_theta_nd_0049.npy,gen0179_A_nd_0049.npy
179,50,63.1888,907.682,gen0179_theta_nd_0050.npy,gen0179_A_nd_0050.npy
179,51,50.725,884.335,gen0179_theta_nd_0051.npy,gen0179_A_nd_0051.npy
179,52,54.1747,890.557,gen0179_theta_nd_0052.npy,gen0179_A_nd_0052.npy
179,53,48.6061,879.756,gen0179_theta_nd_0053.npy,gen0179_A_nd_0053.npy
179,54,62.6649,906.338,gen0179_theta_nd_0054.npy,gen0179_A_nd_0054.npy
179,55,59.7877,901.012,gen0179_theta_nd_0055.npy,gen0179_A_nd_0055.npy
179,56,55.8492,893.733,gen0179_theta_nd_0056.npy,gen0179_A_nd_0056.npy
179,57,47.606,878.577,gen0179_theta_nd_0057.npy,gen0179_A_nd_0057.npy
179,58,62.1087,905.236,gen0179_theta_nd_0058.npy,gen0179_A_nd_0058.npy
179,59,52.4252,887.612,gen0179_theta_nd_0059.npy,gen0179_A_nd_0059.npy
179,60,53.0511,889.053,gen0179_theta_nd_0060.npy,gen0179_A_nd_0060.npy
180,0,47.255,878.278,gen0180_theta_nd_0000.npy,gen0180_A_nd_0000.npy
180,1,57.0206,895.865,gen0180_theta_nd_0001.npy,gen0180_A_nd_0001.npy
180,2,61.4868,904.371,gen0180_theta_nd_0002.npy,gen0180_A_nd_0002.npy
180,3,59.7877,901.012,gen0180_theta_nd_0003.npy,gen0180_A_nd_0003.npy
180,4,53.5198,889.795,gen0180_theta_nd_0004.npy,gen0180_A_nd_0004.npy
180,5,56.6397,895.323,gen0180_theta_nd_0005.npy,gen0180_A_nd_0005.npy
180,6,58.944,899.509,gen0180_theta_nd_0006.npy,gen0180_A_nd_0006.npy
180,7,62.6649,906.338,gen0180_theta_nd_0007.npy,gen0180_A_nd_0007.npy
180,8,56.2363,894.644,gen0180_theta_nd_0008.npy,gen0180_A_nd_0008.npy
180,9,59.2939,900.112,gen0180_theta_nd_0009.npy,gen0180_A_nd_0009.npy
180,10,55.8492,893.733,gen0180_theta_nd_0010.npy,gen0180_A_nd_0010.npy
180,11,49.4735,881.871,gen0180_theta_nd_0011.npy,gen0180_A_nd_0011.npy
180,12,50.9651,884.886,gen0180_theta_nd_0012.npy,gen0180_A_nd_0012.npy
180,13,48.7954,880.198,gen0180_theta_nd_0013.npy,gen0180_A_nd_0013.npy
180,14,54.1747,890.557,gen0180_theta_nd_0014.npy,gen0180_A_nd_0014.npy
180,15,54.4599,890.824,gen0180_theta_nd_0015.npy,gen0180_A_nd_0015.npy
180,16,62.266,905.412,gen0180_theta_nd_0016.npy,gen0180_A_nd_0016.npy
180,17,54.9704,892.263,gen0180_theta_nd_0017.npy,gen0180_A_nd_0017.npy
180,18,64.3823,908.979,gen0180_theta_nd_0018.npy,gen0180_A_nd_0018.npy
180,19,58.0049,898.167,gen0180_theta_nd_0019.npy,gen0180_A_nd_0019.npy
180,20,48.6061,879.756,gen0180_theta_nd_0020.npy,gen0180_A_nd_0020.npy
180,21,61.0066,903.271,gen0180_theta_nd_0021.npy,gen0180_A_nd_0021.npy
180,22,59.4751,900.719,gen0180_theta_nd_0022.npy,gen0180_A_nd_0022.npy
180,23,52.324,887.515,gen0180_theta_nd_0023.npy,gen0180_A_nd_0023.npy
180,24,55.5534,893.203,gen0180_theta_nd_0024.npy,gen0180_A_nd_0024.npy
180,25,61.7688,904.729,gen0180_theta_nd_0025.npy,gen0180_A_nd_0025.npy
180,26,51.4133,886.031,gen0180_theta_nd_0026.npy,gen0180_A_nd_0026.npy
180,27,51.2212,885.514,gen0180_theta_nd_0027.npy,gen0180_A_nd_0027.npy
180,28,61.2028,903.925,gen0180_theta_nd_0028.npy,gen0180_A_nd_0028.npy
180,29,48.2463,879.43,gen0180_theta_nd_0029.npy,gen0180_A_nd_0029.npy
180,30,52.6289,888.194,gen0180_theta_nd_0030.npy,gen0180_A_nd_0030.npy
180,31,51.8854,886.365,gen0180_theta_nd_0031.npy,gen0180_A_nd_0031.npy
180,32,62.1001,905.207,gen0180_theta_nd_0032.npy,gen0180_A_nd_0032.npy
180,33,56.0484,894.198,gen0180_theta_nd_0033.npy,gen0180_A_nd_0033.npy
180,34,57.6871,897.671,gen0180_theta_nd_0034.npy,gen0180_A_nd_0034.npy
180,35,62.9471,906.657,gen0180_theta_nd_0035.npy,gen0180_A_nd_0035.npy
180,36,63.7601,908.776,gen0180_theta_nd_0036.npy,gen0180_A_nd_0036.npy
180,37,58.3236,898.501,gen0180_theta_nd_0037.npy,gen0180_A_nd_0037.npy
180,38,54.7066,891.615,gen0180_theta_nd_0038.npy,gen0180_A_nd_0038.npy
180,39,49.38,881.278,gen0180_theta_nd_0039.npy,gen0180_A_nd_0039.npy
180,40,63.1888,907.682,gen0180_theta_nd_0040.npy,gen0180_A_nd_0040.npy
180,41,57.0923,896.583,gen0180_theta_nd_0041.npy,gen0180_A_nd_0041.npy
180,42,53.1497,889.179,gen0180_theta_nd_0042.npy,gen0180_A_nd_0042.npy
180,43,52.0818,887.028,gen0180_theta_nd_0043.npy,gen0180_A_nd_0043.npy
180,44,53.8898,889.973,gen0180_theta_nd_0044.npy,gen0180_A_nd_0044.npy
180,45,63.4443,908.244,gen0180_theta_nd_0045.npy,gen0180_A_nd_0045.npy
180,46,49.9713,882.817,gen0180_theta_nd_0046.npy,gen0180_A_nd_0046.npy
180,47,47.606,878.577,gen0180_theta_nd_0047.npy,gen0180_A_nd_0047.npy
180,48,57.5271,896.731,gen0180_theta_nd_0048.npy,gen0180_A_nd_0048.npy
180,49,49.7447,882.178,gen0180_theta_nd_0049.npy,gen0180_A_nd_0049.npy
180,50,50.4645,883.831,gen0180_theta_nd_0050.npy,gen0180_A_nd_0050.npy
180,51,50.725,884.335,gen0180_theta_nd_0051.npy,gen0180_A_nd_0051.npy
180,52,58.7695,899.149,gen0180_theta_nd_0052.npy,gen0180_A_nd_0052.npy
180,53,50.152,883.369,gen0180_theta_nd_0053.npy,gen0180_A_nd_0053.npy
180,54,59.9561,901.92,gen0180_theta_nd_0054.npy,gen0180_A_nd_0054.npy
180,55,52.9534,888.725,gen0180_theta_nd_0055.npy,gen0180_A_nd_0055.npy
180,56,60.2664,902.313,gen0180_theta_nd_0056.npy,gen0180_A_nd_0056.npy
180,57,49.1815,880.777,gen0180_theta_nd_0057.npy,gen0180_A_nd_0057.npy
180,58,55.3036,892.628,gen0180_theta_nd_0058.npy,gen0180_A_nd_0058.npy
180,59,61.0585,903.696,gen0180_theta_nd_0059.npy,gen0180_A_nd_0059.npy
180,60,55.1831,892.417,gen0180_theta_nd_0060.npy,gen0180_A_nd_0060.npy
181,0,52.8584,888.721,gen0181_theta_nd_0000.npy,gen0181_A_nd_0000.npy
181,1,59.7877,901.012,gen0181_theta_nd_0001.npy,gen0181_A_nd_0001.npy
181,2,49.7447,882.178,gen0181_theta_nd_0002.npy,gen0181_A_nd_0002.npy
181,3,59.1056,899.89,gen0181_theta_nd_0003.npy,gen0181_A_nd_0003.npy
181,4,55.5534,893.203,gen0181_theta_nd_0004.npy,gen0181_A_nd_0004.npy
181,5,51.2212,885.514,gen0181_theta_nd_0005.npy,gen0181_A_nd_0005.npy
181,6,56.2363,894.644,gen0181_theta_nd_0006.npy,gen0181_A_nd_0006.npy
181,7,48.6061,879.756,gen0181_theta_nd_0007.npy,gen0181_A_nd_0007.npy
181,8,49.38,881.278,gen0181_theta_nd_0008.npy,gen0181_A_nd_0008.npy
181,9,60.3123,901.714,gen0181_theta_nd_0009.npy,gen0181_A_nd_0009.npy
181,10,62.2822,905.731,gen0181_theta_nd_0010.npy,gen0181_A_nd_0010.npy
181,11,51.8854,886.365,gen0181_theta_nd_0011.npy,gen0181_A_nd_0011.npy
181,12,47.255,878.278,gen0181_theta_nd_0012.npy,gen0181_A_nd_0012.npy
181,13,59.4751,900.719,gen0181_theta_nd_0013.npy,gen0181_A_nd_0013.npy
181,14,50.1944,883.632,gen0181_theta_nd_0014.npy,gen0181_A_nd_0014.npy
181,15,62.6649,906.338,gen0181_theta_nd_0015.npy,gen0181_A_nd_0015.npy
181,16,53.1497,889.179,gen0181_theta_nd_0016.npy,gen0181_A_nd_0016.npy
181,17,52.0818,887.028,gen0181_theta_nd_0017.npy,gen0181_A_nd_0017.npy
181,18,58.944,899.509,gen0181_theta_nd_0018.npy,gen0181_A_nd_0018.npy
181,19,50.9651,884.886,gen0181_theta_nd_0019.npy,gen0181_A_nd_0019.npy
181,20,63.7601,908.776,gen0181_theta_nd_0020.npy,gen0181_A_nd_0020.npy
181,21,57.5271,896.731,gen0181_theta_nd_0021.npy,gen0181_A_nd_0021.npy
181,22,54.7066,891.615,gen0181_theta_nd_0022.npy,gen0181_A_nd_0022.npy
181,23,55.8492,893.733,gen0181_theta_nd_0023.npy,gen0181_A_nd_0023.npy
181,24,61.7688,904.729,gen0181_theta_nd_0024.npy,gen0181_A_nd_0024.npy
181,25,61.0066,903.271,gen0181_theta_nd_0025.npy,gen0181_A_nd_0025.npy
181,26,48.2463,879.43,gen0181_theta_nd_0026.npy,gen0181_A_nd_0026.npy
181,27,57.0923,896.583,gen0181_theta_nd_0027.npy,gen0181_A_nd_0027.npy
181,28,49.1815,880.777,gen0181_theta_nd_0028.npy,gen0181_A_nd_0028.npy
181,29,56.6397,895.323,gen0181_theta_nd_0029.npy,gen0181_A_nd_0029.npy
181,30,52.324,887.515,gen0181_theta_nd_0030.npy,gen0181_A_nd_0030.npy
181,31,49.9713,882.817,gen0181_theta_nd_0031.npy,gen0181_A_nd_0031.npy
181,32,54.9704,892.263,gen0181_theta_nd_0032.npy,gen0181_A_nd_0032.npy
181,33,53.5198,889.795,gen0181_theta_nd_0033.npy,gen0181_A_nd_0033.npy
181,34,51.4133,886.031,gen0181_theta_nd_0034.npy,gen0181_A_nd_0034.npy
181,35,64.3823,908.979,gen0181_theta_nd_0035.npy,gen0181_A_nd_0035.npy
181,36,50.725,884.335,gen0181_theta_nd_0036.npy,gen0181_A_nd_0036.npy
181,37,60.6723,903.211,gen0181_theta_nd_0037.npy,gen0181_A_nd_0037.npy
181,38,49.4958,881.705,gen0181_theta_nd_0038.npy,gen0181_A_nd_0038.npy
181,39,61.2028,903.925,gen0181_theta_nd_0039.npy,gen0181_A_nd_0039.npy
181,40,57.8421,897.635,gen0181_theta_nd_0040.npy,gen0181_A_nd_0040.npy
181,41,50.4645,883.831,gen0181_theta_nd_0041.npy,gen0181_A_nd_0041.npy
181,42,48.8722,880.19,gen0181_theta_nd_0042.npy,gen0181_A_nd_0042.npy
181,43,62.1001,905.207,gen0181_theta_nd_0043.npy,gen0181_A_nd_0043.npy
181,44,63.4443,908.244,gen0181_theta_nd_0044.npy,gen0181_A_nd_0044.npy
181,45,62.9471,906.657,gen0181_theta_nd_0045.npy,gen0181_A_nd_0045.npy
181,46,58.4318,899.019,gen0181_theta_nd_0046.npy,gen0181_A_nd_0046.npy
181,47,61.5153,904.046,gen0181_theta_nd_0047.npy,gen0181_A_nd_0047.npy
181,48,58.3236,898.501,gen0181_theta_nd_0048.npy,gen0181_A_nd_0048.npy
181,49,53.8898,889.973,gen0181_theta_nd_0049.npy,gen0181_A_nd_0049.npy
181,50,56.0484,894.198,gen0181_theta_nd_0050.npy,gen0181_A_nd_0050.npy
181,51,52.6066,888.127,gen0181_theta_nd_0051.npy,gen0181_A_nd_0051.npy
181,52,55.3036,892.628,gen0181_theta_nd_0052.npy,gen0181_A_nd_0052.npy
181,53,47.606,878.577,gen0181_theta_nd_0053.npy,gen0181_A_nd_0053.npy
181,54,63.1888,907.682,gen0181_theta_nd_0054.npy,gen0181_A_nd_0054.npy
181,55,58.0049,898.167,gen0181_theta_nd_0055.npy,gen0181_A_nd_0055.npy
181,56,57.0206,895.865,gen0181_theta_nd_0056.npy,gen0181_A_nd_0056.npy
181,57,54.4599,890.824,gen0181_theta_nd_0057.npy,gen0181_A_nd_0057.npy
181,58,54.1747,890.557,gen0181_theta_nd_0058.npy,gen0181_A_nd_0058.npy
181,59,52.1379,887.137,gen0181_theta_nd_0059.npy,gen0181_A_nd_0059.npy
181,60,61.3807,903.972,gen0181_theta_nd_0060.npy,gen0181_A_nd_0060.npy
181,0,47.255,878.278,gen0181_theta_nd_0000.npy,gen0181_A_nd_0000.npy
181,1,57.0206,895.865,gen0181_theta_nd_0001.npy,gen0181_A_nd_0001.npy
181,2,59.7877,901.012,gen0181_theta_nd_0002.npy,gen0181_A_nd_0002.npy
181,3,53.5198,889.795,gen0181_theta_nd_0003.npy,gen0181_A_nd_0003.npy
181,4,56.6397,895.323,gen0181_theta_nd_0004.npy,gen0181_A_nd_0004.npy
181,5,58.944,899.509,gen0181_theta_nd_0005.npy,gen0181_A_nd_0005.npy
181,6,62.6649,906.338,gen0181_theta_nd_0006.npy,gen0181_A_nd_0006.npy
181,7,56.2363,894.644,gen0181_theta_nd_0007.npy,gen0181_A_nd_0007.npy
181,8,55.8492,893.733,gen0181_theta_nd_0008.npy,gen0181_A_nd_0008.npy
181,9,50.9651,884.886,gen0181_theta_nd_0009.npy,gen0181_A_nd_0009.npy
181,10,54.1747,890.557,gen0181_theta_nd_0010.npy,gen0181_A_nd_0010.npy
181,11,54.4599,890.824,gen0181_theta_nd_0011.npy,gen0181_A_nd_0011.npy
181,12,54.9704,892.263,gen0181_theta_nd_0012.npy,gen0181_A_nd_0012.npy
181,13,64.3823,908.979,gen0181_theta_nd_0013.npy,gen0181_A_nd_0013.npy
181,14,58.0049,898.167,gen0181_theta_nd_0014.npy,gen0181_A_nd_0014.npy
181,15,48.6061,879.756,gen0181_theta_nd_0015.npy,gen0181_A_nd_0015.npy
181,16,61.0066,903.271,gen0181_theta_nd_0016.npy,gen0181_A_nd_0016.npy
181,17,59.4751,900.719,gen0181_theta_nd_0017.npy,gen0181_A_nd_0017.npy
181,18,52.324,887.515,gen0181_theta_nd_0018.npy,gen0181_A_nd_0018.npy
181,19,55.5534,893.203,gen0181_theta_nd_0019.npy,gen0181_A_nd_0019.npy
181,20,61.7688,904.729,gen0181_theta_nd_0020.npy,gen0181_A_nd_0020.npy
181,21,51.4133,886.031,gen0181_theta_nd_0021.npy,gen0181_A_nd_0021.npy
181,22,51.2212,885.514,gen0181_theta_nd_0022.npy,gen0181_A_nd_0022.npy
181,23,61.2028,903.925,gen0181_theta_nd_0023.npy,gen0181_A_nd_0023.npy
181,24,48.2463,879.43,gen0181_theta_nd_0024.npy,gen0181_A_nd_0024.npy
181,25,51.8854,886.365,gen0181_theta_nd_0025.npy,gen0181_A_nd_0025.npy
181,26,62.1001,905.207,gen0181_theta_nd_0026.npy,gen0181_A_nd_0026.npy
181,27,56.0484,894.198,gen0181_theta_nd_0027.npy,gen0181_A_nd_0027.npy
181,28,62.9471,906.657,gen0181_theta_nd_0028.npy,gen0181_A_nd_0028.npy
181,29,63.7601,908.776,gen0181_theta_nd_0029.npy,gen0181_A_nd_0029.npy
181,30,58.3236,898.501,gen0181_theta_nd_0030.npy,gen0181_A_nd_0030.npy
181,31,54.7066,891.615,gen0181_theta_nd_0031.npy,gen0181_A_nd_0031.npy
181,32,49.38,881.278,gen0181_theta_nd_0032.npy,gen0181_A_nd_0032.npy
181,33,63.1888,907.682,gen0181_theta_nd_0033.npy,gen0181_A_nd_0033.npy
181,34,57.0923,896.583,gen0181_theta_nd_0034.npy,gen0181_A_nd_0034.npy
181,35,53.1497,889.179,gen0181_theta_nd_0035.npy,gen0181_A_nd_0035.npy
181,36,52.0818,887.028,gen0181_theta_nd_0036.npy,gen0181_A_nd_0036.npy
181,37,53.8898,889.973,gen0181_theta_nd_0037.npy,gen0181_A_nd_0037.npy
181,38,63.4443,908.244,gen0181_theta_nd_0038.npy,gen0181_A_nd_0038.npy
181,39,49.9713,882.817,gen0181_theta_nd_0039.npy,gen0181_A_nd_0039.npy
181,40,47.606,878.577,gen0181_theta_nd_0040.npy,gen0181_A_nd_0040.npy
181,41,57.5271,896.731,gen0181_theta_nd_0041.npy,gen0181_A_nd_0041.npy
181,42,49.7447,882.178,gen0181_theta_nd_0042.npy,gen0181_A_nd_0042.npy
181,43,50.4645,883.831,gen0181_theta_nd_0043.npy,gen0181_A_nd_0043.npy
181,44,50.725,884.335,gen0181_theta_nd_0044.npy,gen0181_A_nd_0044.npy
181,45,49.1815,880.777,gen0181_theta_nd_0045.npy,gen0181_A_nd_0045.npy
181,46,55.3036,892.628,gen0181_theta_nd_0046.npy,gen0181_A_nd_0046.npy
181,47,52.6066,888.127,gen0181_theta_nd_0047.npy,gen0181_A_nd_0047.npy
181,48,57.8421,897.635,gen0181_theta_nd_0048.npy,gen0181_A_nd_0048.npy
181,49,49.4958,881.705,gen0181_theta_nd_0049.npy,gen0181_A_nd_0049.npy
181,50,62.2822,905.731,gen0181_theta_nd_0050.npy,gen0181_A_nd_0050.npy
181,51,58.4318,899.019,gen0181_theta_nd_0051.npy,gen0181_A_nd_0051.npy
181,52,60.6723,903.211,gen0181_theta_nd_0052.npy,gen0181_A_nd_0052.npy
181,53,61.5153,904.046,gen0181_theta_nd_0053.npy,gen0181_A_nd_0053.npy
181,54,50.1944,883.632,gen0181_theta_nd_0054.npy,gen0181_A_nd_0054.npy
181,55,60.3123,901.714,gen0181_theta_nd_0055.npy,gen0181_A_nd_0055.npy
181,56,59.1056,899.89,gen0181_theta_nd_0056.npy,gen0181_A_nd_0056.npy
181,57,48.8722,880.19,gen0181_theta_nd_0057.npy,gen0181_A_nd_0057.npy
181,58,52.8584,888.721,gen0181_theta_nd_0058.npy,gen0181_A_nd_0058.npy
181,0,47.255,878.278,gen0181_theta_nd_0000.npy,gen0181_A_nd_0000.npy
181,1,57.0206,895.865,gen0181_theta_nd_0001.npy,gen0181_A_nd_0001.npy
181,2,59.7877,901.012,gen0181_theta_nd_0002.npy,gen0181_A_nd_0002.npy
181,3,53.5198,889.795,gen0181_theta_nd_0003.npy,gen0181_A_nd_0003.npy
181,4,56.6397,895.323,gen0181_theta_nd_0004.npy,gen0181_A_nd_0004.npy
181,5,58.944,899.509,gen0181_theta_nd_0005.npy,gen0181_A_nd_0005.npy
181,6,62.6649,906.338,gen0181_theta_nd_0006.npy,gen0181_A_nd_0006.npy
181,7,56.2363,894.644,gen0181_theta_nd_0007.npy,gen0181_A_nd_0007.npy
181,8,55.8492,893.733,gen0181_theta_nd_0008.npy,gen0181_A_nd_0008.npy
181,9,50.9651,884.886,gen0181_theta_nd_0009.npy,gen0181_A_nd_0009.npy
181,10,54.1747,890.557,gen0181_theta_nd_0010.npy,gen0181_A_nd_0010.npy
181,11,54.4599,890.824,gen0181_theta_nd_0011.npy,gen0181_A_nd_0011.npy
181,12,54.9704,892.263,gen0181_theta_nd_0012.npy,gen0181_A_nd_0012.npy
181,13,64.3823,908.979,gen0181_theta_nd_0013.npy,gen0181_A_nd_0013.npy
181,14,58.0049,898.167,gen0181_theta_nd_0014.npy,gen0181_A_nd_0014.npy
181,15,48.6061,879.756,gen0181_theta_nd_0015.npy,gen0181_A_nd_0015.npy
181,16,61.0066,903.271,gen0181_theta_nd_0016.npy,gen0181_A_nd_0016.npy
181,17,59.4751,900.719,gen0181_theta_nd_0017.npy,gen0181_A_nd_0017.npy
181,18,52.324,887.515,gen0181_theta_nd_0018.npy,gen0181_A_nd_0018.npy
181,19,55.5534,893.203,gen0181_theta_nd_0019.npy,gen0181_A_nd_0019.npy
181,20,61.7688,904.729,gen0181_theta_nd_0020.npy,gen0181_A_nd_0020.npy
181,21,51.4133,886.031,gen0181_theta_nd_0021.npy,gen0181_A_nd_0021.npy
181,22,51.2212,885.514,gen0181_theta_nd_0022.npy,gen0181_A_nd_0022.npy
181,23,61.2028,903.925,gen0181_theta_nd_0023.npy,gen0181_A_nd_0023.npy
181,24,48.2463,879.43,gen0181_theta_nd_0024.npy,gen0181_A_nd_0024.npy
181,25,51.8854,886.365,gen0181_theta_nd_0025.npy,gen0181_A_nd_0025.npy
181,26,62.1001,905.207,gen0181_theta_nd_0026.npy,gen0181_A_nd_0026.npy
181,27,56.0484,894.198,gen0181_theta_nd_0027.npy,gen0181_A_nd_0027.npy
181,28,62.9471,906.657,gen0181_theta_nd_0028.npy,gen0181_A_nd_0028.npy
181,29,63.7601,908.776,gen0181_theta_nd_0029.npy,gen0181_A_nd_0029.npy
181,30,58.3236,898.501,gen0181_theta_nd_0030.npy,gen0181_A_nd_0030.npy
181,31,54.7066,891.615,gen0181_theta_nd_0031.npy,gen0181_A_nd_0031.npy
181,32,49.38,881.278,gen0181_theta_nd_0032.npy,gen0181_A_nd_0032.npy
181,33,63.1888,907.682,gen0181_theta_nd_0033.npy,gen0181_A_nd_0033.npy
181,34,57.0923,896.583,gen0181_theta_nd_0034.npy,gen0181_A_nd_0034.npy
181,35,53.1497,889.179,gen0181_theta_nd_0035.npy,gen0181_A_nd_0035.npy
181,36,52.0818,887.028,gen0181_theta_nd_0036.npy,gen0181_A_nd_0036.npy
181,37,53.8898,889.973,gen0181_theta_nd_0037.npy,gen0181_A_nd_0037.npy
181,38,63.4443,908.244,gen0181_theta_nd_0038.npy,gen0181_A_nd_0038.npy
181,39,49.9713,882.817,gen0181_theta_nd_0039.npy,gen0181_A_nd_0039.npy
181,40,47.606,878.577,gen0181_theta_nd_0040.npy,gen0181_A_nd_0040.npy
181,41,57.5271,896.731,gen0181_theta_nd_0041.npy,gen0181_A_nd_0041.npy
181,42,49.7447,882.178,gen0181_theta_nd_0042.npy,gen0181_A_nd_0042.npy
181,43,50.4645,883.831,gen0181_theta_nd_0043.npy,gen0181_A_nd_0043.npy
181,44,50.725,884.335,gen0181_theta_nd_0044.npy,gen0181_A_nd_0044.npy
181,45,49.1815,880.777,gen0181_theta_nd_0045.npy,gen0181_A_nd_0045.npy
181,46,55.3036,892.628,gen0181_theta_nd_0046.npy,gen0181_A_nd_0046.npy
181,47,52.6066,888.127,gen0181_theta_nd_0047.npy,gen0181_A_nd_0047.npy
181,48,57.8421,897.635,gen0181_theta_nd_0048.npy,gen0181_A_nd_0048.npy
181,49,49.4958,881.705,gen0181_theta_nd_0049.npy,gen0181_A_nd_0049.npy
181,50,62.2822,905.731,gen0181_theta_nd_0050.npy,gen0181_A_nd_0050.npy
181,51,58.4318,899.019,gen0181_theta_nd_0051.npy,gen0181_A_nd_0051.npy
181,52,60.6723,903.211,gen0181_theta_nd_0052.npy,gen0181_A_nd_0052.npy
181,53,61.5153,904.046,gen0181_theta_nd_0053.npy,gen0181_A_nd_0053.npy
181,54,50.1944,883.632,gen0181_theta_nd_0054.npy,gen0181_A_nd_0054.npy
181,55,60.3123,901.714,gen0181_theta_nd_0055.npy,gen0181_A_nd_0055.npy
181,56,59.1056,899.89,gen0181_theta_nd_0056.npy,gen0181_A_nd_0056.npy
181,57,48.8722,880.19,gen0181_theta_nd_0057.npy,gen0181_A_nd_0057.npy
181,58,52.8584,888.721,gen0181_theta_nd_0058.npy,gen0181_A_nd_0058.npy
182,0,48.9254,880.301,gen0182_theta_nd_0000.npy,gen0182_A_nd_0000.npy
182,1,49.1815,880.777,gen0182_theta_nd_0001.npy,gen0182_A_nd_0001.npy
182,2,54.1747,890.557,gen0182_theta_nd_0002.npy,gen0182_A_nd_0002.npy
182,3,51.8854,886.365,gen0182_theta_nd_0003.npy,gen0182_A_nd_0003.npy
182,4,59.7877,901.012,gen0182_theta_nd_0004.npy,gen0182_A_nd_0004.npy
182,5,55.3036,892.628,gen0182_theta_nd_0005.npy,gen0182_A_nd_0005.npy
182,6,62.0912,905.02,gen0182_theta_nd_0006.npy,gen0182_A_nd_0006.npy
182,7,49.7632,882.244,gen0182_theta_nd_0007.npy,gen0182_A_nd_0007.npy
182,8,49.9713,882.817,gen0182_theta_nd_0008.npy,gen0182_A_nd_0008.npy
182,9,53.5198,889.795,gen0182_theta_nd_0009.npy,gen0182_A_nd_0009.npy
182,10,61.0066,903.271,gen0182_theta_nd_0010.npy,gen0182_A_nd_0010.npy
182,11,50.725,884.335,gen0182_theta_nd_0011.npy,gen0182_A_nd_0011.npy
182,12,58.3236,898.501,gen0182_theta_nd_0012.npy,gen0182_A_nd_0012.npy
182,13,60.3123,901.714,gen0182_theta_nd_0013.npy,gen0182_A_nd_0013.npy
182,14,53.8898,889.973,gen0182_theta_nd_0014.npy,gen0182_A_nd_0014.npy
182,15,62.6649,906.338,gen0182_theta_nd_0015.npy,gen0182_A_nd_0015.npy
182,16,52.0963,887.028,gen0182_theta_nd_0016.npy,gen0182_A_nd_0016.npy
182,17,52.324,887.515,gen0182_theta_nd_0017.npy,gen0182_A_nd_0017.npy
182,18,56.2727,894.622,gen0182_theta_nd_0018.npy,gen0182_A_nd_0018.npy
182,19,48.2463,879.43,gen0182_theta_nd_0019.npy,gen0182_A_nd_0019.npy
182,20,48.6061,879.756,gen0182_theta_nd_0020.npy,gen0182_A_nd_0020.npy
182,21,47.606,878.577,gen0182_theta_nd_0021.npy,gen0182_A_nd_0021.npy
182,22,58.5726,898.903,gen0182_theta_nd_0022.npy,gen0182_A_nd_0022.npy
182,23,50.4645,883.831,gen0182_theta_nd_0023.npy,gen0182_A_nd_0023.npy
182,24,54.4599,890.824,gen0182_theta_nd_0024.npy,gen0182_A_nd_0024.npy
182,25,54.9704,892.263,gen0182_theta_nd_0025.npy,gen0182_A_nd_0025.npy
182,26,62.9471,906.657,gen0182_theta_nd_0026.npy,gen0182_A_nd_0026.npy
182,27,58.0049,898.167,gen0182_theta_nd_0027.npy,gen0182_A_nd_0027.npy
182,28,52.6066,888.127,gen0182_theta_nd_0028.npy,gen0182_A_nd_0028.npy
182,29,53.1497,889.179,gen0182_theta_nd_0029.npy,gen0182_A_nd_0029.npy
182,30,55.7816,893.694,gen0182_theta_nd_0030.npy,gen0182_A_nd_0030.npy
182,31,63.1888,907.682,gen0182_theta_nd_0031.npy,gen0182_A_nd_0031.npy
182,32,61.5153,904.046,gen0182_theta_nd_0032.npy,gen0182_A_nd_0032.npy
182,33,50.1944,883.632,gen0182_theta_nd_0033.npy,gen0182_A_nd_0033.npy
182,34,51.2212,885.514,gen0182_theta_nd_0034.npy,gen0182_A_nd_0034.npy
182,35,47.255,878.278,gen0182_theta_nd_0035.npy,gen0182_A_nd_0035.npy
182,36,63.4443,908.244,gen0182_theta_nd_0036.npy,gen0182_A_nd_0036.npy
182,37,52.8584,888.721,gen0182_theta_nd_0037.npy,gen0182_A_nd_0037.npy
182,38,57.1108,896.1,gen0182_theta_nd_0038.npy,gen0182_A_nd_0038.npy
182,39,57.5271,896.731,gen0182_theta_nd_0039.npy,gen0182_A_nd_0039.npy
182,40,64.3823,908.979,gen0182_theta_nd_0040.npy,gen0182_A_nd_0040.npy
182,41,59.4751,900.719,gen0182_theta_nd_0041.npy,gen0182_A_nd_0041.npy
182,42,64.0,908.601,gen0182_theta_nd_0042.npy,gen0182_A_nd_0042.npy
182,43,50.9651,884.886,gen0182_theta_nd_0043.npy,gen0182_A_nd_0043.npy
182,44,57.0206,895.865,gen0182_theta_nd_0044.npy,gen0182_A_nd_0044.npy
182,45,58.944,899.509,gen0182_theta_nd_0045.npy,gen0182_A_nd_0045.npy
182,46,61.7688,904.729,gen0182_theta_nd_0046.npy,gen0182_A_nd_0046.npy
182,47,55.5534,893.203,gen0182_theta_nd_0047.npy,gen0182_A_nd_0047.npy
182,48,49.4958,881.705,gen0182_theta_nd_0048.npy,gen0182_A_nd_0048.npy
182,49,54.7066,891.615,gen0182_theta_nd_0049.npy,gen0182_A_nd_0049.npy
182,50,51.4955,885.736,gen0182_theta_nd_0050.npy,gen0182_A_nd_0050.npy
182,51,60.7597,902.825,gen0182_theta_nd_0051.npy,gen0182_A_nd_0051.npy
182,52,61.2028,903.925,gen0182_theta_nd_0052.npy,gen0182_A_nd_0052.npy
182,53,49.38,881.278,gen0182_theta_nd_0053.npy,gen0182_A_nd_0053.npy
182,54,59.1056,899.89,gen0182_theta_nd_0054.npy,gen0182_A_nd_0054.npy
182,55,62.3093,905.789,gen0182_theta_nd_0055.npy,gen0182_A_nd_0055.npy
182,56,56.6397,895.323,gen0182_theta_nd_0056.npy,gen0182_A_nd_0056.npy
182,57,56.0484,894.198,gen0182_theta_nd_0057.npy,gen0182_A_nd_0057.npy
182,58,57.8421,897.635,gen0182_theta_nd_0058.npy,gen0182_A_nd_0058.npy
182,59,49.2436,881.079,gen0182_theta_nd_0059.npy,gen0182_A_nd_0059.npy
182,60,55.1461,892.475,gen0182_theta_nd_0060.npy,gen0182_A_nd_0060.npy
183,0,50.9651,884.886,gen0183_theta_nd_0000.npy,gen0183_A_nd_0000.npy
183,1,62.9471,906.657,gen0183_theta_nd_0001.npy,gen0183_A_nd_0001.npy
183,2,60.7597,902.825,gen0183_theta_nd_0002.npy,gen0183_A_nd_0002.npy
183,3,54.9676,892.188,gen0183_theta_nd_0003.npy,gen0183_A_nd_0003.npy
183,4,58.944,899.509,gen0183_theta_nd_0004.npy,gen0183_A_nd_0004.npy
183,5,61.5153,904.046,gen0183_theta_nd_0005.npy,gen0183_A_nd_0005.npy
183,6,57.8421,897.635,gen0183_theta_nd_0006.npy,gen0183_A_nd_0006.npy
183,7,49.1815,880.777,gen0183_theta_nd_0007.npy,gen0183_A_nd_0007.npy
183,8,54.4599,890.824,gen0183_theta_nd_0008.npy,gen0183_A_nd_0008.npy
183,9,63.4443,908.244,gen0183_theta_nd_0009.npy,gen0183_A_nd_0009.npy
183,10,56.6397,895.323,gen0183_theta_nd_0010.npy,gen0183_A_nd_0010.npy
183,11,62.6649,906.338,gen0183_theta_nd_0011.npy,gen0183_A_nd_0011.npy
183,12,57.0206,895.865,gen0183_theta_nd_0012.npy,gen0183_A_nd_0012.npy
183,13,58.3236,898.501,gen0183_theta_nd_0013.npy,gen0183_A_nd_0013.npy
183,14,53.1497,889.179,gen0183_theta_nd_0014.npy,gen0183_A_nd_0014.npy
183,15,55.7816,893.694,gen0183_theta_nd_0015.npy,gen0183_A_nd_0015.npy
183,16,49.7632,882.244,gen0183_theta_nd_0016.npy,gen0183_A_nd_0016.npy
183,17,61.0066,903.271,gen0183_theta_nd_0017.npy,gen0183_A_nd_0017.npy
183,18,47.255,878.278,gen0183_theta_nd_0018.npy,gen0183_A_nd_0018.npy
183,19,51.8854,886.365,gen0183_theta_nd_0019.npy,gen0183_A_nd_0019.npy
183,20,50.2466,883.398,gen0183_theta_nd_0020.npy,gen0183_A_nd_0020.npy
183,21,49.4958,881.705,gen0183_theta_nd_0021.npy,gen0183_A_nd_0021.npy
183,22,61.7871,904.541,gen0183_theta_nd_0022.npy,gen0183_A_nd_0022.npy
183,23,56.0484,894.198,gen0183_theta_nd_0023.npy,gen0183_A_nd_0023.npy
183,24,52.0963,887.028,gen0183_theta_nd_0024.npy,gen0183_A_nd_0024.npy
183,25,51.2212,885.514,gen0183_theta_nd_0025.npy,gen0183_A_nd_0025.npy
183,26,58.5726,898.903,gen0183_theta_nd_0026.npy,gen0183_A_nd_0026.npy
183,27,63.3422,907.525,gen0183_theta_nd_0027.npy,gen0183_A_nd_0027.npy
183,28,48.6061,879.756,gen0183_theta_nd_0028.npy,gen0183_A_nd_0028.npy
183,29,55.5534,893.203,gen0183_theta_nd_0029.npy,gen0183_A_nd_0029.npy
183,30,59.7877,901.012,gen0183_theta_nd_0030.npy,gen0183_A_nd_0030.npy
183,31,51.4955,885.736,gen0183_theta_nd_0031.npy,gen0183_A_nd_0031.npy
183,32,53.8898,889.973,gen0183_theta_nd_0032.npy,gen0183_A_nd_0032.npy
183,33,57.984,898.145,gen0183_theta_nd_0033.npy,gen0183_A_nd_0033.npy
183,34,48.2385,879.381,gen0183_theta_nd_0034.npy,gen0183_A_nd_0034.npy
183,35,59.1056,899.89,gen0183_theta_nd_0035.npy,gen0183_A_nd_0035.npy
183,36,55.3239,892.594,gen0183_theta_nd_0036.npy,gen0183_A_nd_0036.npy
183,37,52.324,887.515,gen0183_theta_nd_0037.npy,gen0183_A_nd_0037.npy
183,38,64.3823,908.979,gen0183_theta_nd_0038.npy,gen0183_A_nd_0038.npy
183,39,57.5271,896.731,gen0183_theta_nd_0039.npy,gen0183_A_nd_0039.npy
183,40,59.4751,900.719,gen0183_theta_nd_0040.npy,gen0183_A_nd_0040.npy
183,41,62.0912,905.02,gen0183_theta_nd_0041.npy,gen0183_A_nd_0041.npy
183,42,53.5092,889.786,gen0183_theta_nd_0042.npy,gen0183_A_nd_0042.npy
183,43,60.3123,901.714,gen0183_theta_nd_0043.npy,gen0183_A_nd_0043.npy
183,44,54.7066,891.615,gen0183_theta_nd_0044.npy,gen0183_A_nd_0044.npy
183,45,64.0,908.601,gen0183_theta_nd_0045.npy,gen0183_A_nd_0045.npy
183,46,47.7442,878.744,gen0183_theta_nd_0046.npy,gen0183_A_nd_0046.npy
183,47,54.1747,890.557,gen0183_theta_nd_0047.npy,gen0183_A_nd_0047.npy
183,48,48.9254,880.301,gen0183_theta_nd_0048.npy,gen0183_A_nd_0048.npy
183,49,52.6066,888.127,gen0183_theta_nd_0049.npy,gen0183_A_nd_0049.npy
183,50,50.0723,882.689,gen0183_theta_nd_0050.npy,gen0183_A_nd_0050.npy
183,51,49.38,881.278,gen0183_theta_nd_0051.npy,gen0183_A_nd_0051.npy
183,52,61.2028,903.925,gen0183_theta_nd_0052.npy,gen0183_A_nd_0052.npy
183,53,56.2727,894.622,gen0183_theta_nd_0053.npy,gen0183_A_nd_0053.npy
183,54,50.4645,883.831,gen0183_theta_nd_0054.npy,gen0183_A_nd_0054.npy
183,55,50.725,884.335,gen0183_theta_nd_0055.npy,gen0183_A_nd_0055.npy
183,56,52.8584,888.721,gen0183_theta_nd_0056.npy,gen0183_A_nd_0056.npy
183,57,57.2245,896.542,gen0183_theta_nd_0057.npy,gen0183_A_nd_0057.npy
183,58,62.3093,905.789,gen0183_theta_nd_0058.npy,gen0183_A_nd_0058.npy
183,59,56.3569,895.1,gen0183_theta_nd_0059.npy,gen0183_A_nd_0059.npy
183,60,58.5073,898.817,gen0183_theta_nd_0060.npy,gen0183_A_nd_0060.npy
184,0,49.4958,881.705,gen0184_theta_nd_0000.npy,gen0184_A_nd_0000.npy
184,1,48.9254,880.301,gen0184_theta_nd_0001.npy,gen0184_A_nd_0001.npy
184,2,50.4645,883.831,gen0184_theta_nd_0002.npy,gen0184_A_nd_0002.npy
184,3,52.6066,888.127,gen0184_theta_nd_0003.npy,gen0184_A_nd_0003.npy
184,4,64.3823,908.979,gen0184_theta_nd_0004.npy,gen0184_A_nd_0004.npy
184,5,56.0824,894.148,gen0184_theta_nd_0005.npy,gen0184_A_nd_0005.npy
184,6,62.0912,905.02,gen0184_theta_nd_0006.npy,gen0184_A_nd_0006.npy
184,7,59.1056,899.89,gen0184_theta_nd_0007.npy,gen0184_A_nd_0007.npy
184,8,54.9676,892.188,gen0184_theta_nd_0008.npy,gen0184_A_nd_0008.npy
184,9,53.5303,889.47,gen0184_theta_nd_0009.npy,gen0184_A_nd_0009.npy
184,10,48.2385,879.381,gen0184_theta_nd_0010.npy,gen0184_A_nd_0010.npy
184,11,57.5271,896.731,gen0184_theta_nd_0011.npy,gen0184_A_nd_0011.npy
184,12,59.7877,901.012,gen0184_theta_nd_0012.npy,gen0184_A_nd_0012.npy
184,13,51.5822,885.883,gen0184_theta_nd_0013.npy,gen0184_A_nd_0013.npy
184,14,64.0,908.601,gen0184_theta_nd_0014.npy,gen0184_A_nd_0014.npy
184,15,60.3551,901.935,gen0184_theta_nd_0015.npy,gen0184_A_nd_0015.npy
184,16,63.4443,908.244,gen0184_theta_nd_0016.npy,gen0184_A_nd_0016.npy
184,17,49.1815,880.777,gen0184_theta_nd_0017.npy,gen0184_A_nd_0017.npy
184,18,60.199,901.693,gen0184_theta_nd_0018.npy,gen0184_A_nd_0018.npy
184,19,50.0723,882.689,gen0184_theta_nd_0019.npy,gen0184_A_nd_0019.npy
184,20,61.2028,903.925,gen0184_theta_nd_0020.npy,gen0184_A_nd_0020.npy
184,21,55.3239,892.594,gen0184_theta_nd_0021.npy,gen0184_A_nd_0021.npy
184,22,62.3093,905.789,gen0184_theta_nd_0022.npy,gen0184_A_nd_0022.npy
184,23,58.5726,898.903,gen0184_theta_nd_0023.npy,gen0184_A_nd_0023.npy
184,24,54.1747,890.557,gen0184_theta_nd_0024.npy,gen0184_A_nd_0024.npy
184,25,52.324,887.515,gen0184_theta_nd_0025.npy,gen0184_A_nd_0025.npy
184,26,61.5329,903.976,gen0184_theta_nd_0026.npy,gen0184_A_nd_0026.npy
184,27,54.7066,891.615,gen0184_theta_nd_0027.npy,gen0184_A_nd_0027.npy
184,28,58.944,899.509,gen0184_theta_nd_0028.npy,gen0184_A_nd_0028.npy
184,29,62.6649,906.338,gen0184_theta_nd_0029.npy,gen0184_A_nd_0029.npy
184,30,55.7816,893.694,gen0184_theta_nd_0030.npy,gen0184_A_nd_0030.npy
184,31,61.0066,903.271,gen0184_theta_nd_0031.npy,gen0184_A_nd_0031.npy
184,32,56.2727,894.622,gen0184_theta_nd_0032.npy,gen0184_A_nd_0032.npy
184,33,51.8854,886.365,gen0184_theta_nd_0033.npy,gen0184_A_nd_0033.npy
184,34,49.7632,882.244,gen0184_theta_nd_0034.npy,gen0184_A_nd_0034.npy
184,35,47.255,878.278,gen0184_theta_nd_0035.npy,gen0184_A_nd_0035.npy
184,36,57.2844,896.279,gen0184_theta_nd_0036.npy,gen0184_A_nd_0036.npy
184,37,50.2466,883.398,gen0184_theta_nd_0037.npy,gen0184_A_nd_0037.npy
184,38,50.9651,884.886,gen0184_theta_nd_0038.npy,gen0184_A_nd_0038.npy
184,39,54.4599,890.824,gen0184_theta_nd_0039.npy,gen0184_A_nd_0039.npy
184,40,48.6061,879.756,gen0184_theta_nd_0040.npy,gen0184_A_nd_0040.npy
184,41,51.2212,885.514,gen0184_theta_nd_0041.npy,gen0184_A_nd_0041.npy
184,42,55.5534,893.203,gen0184_theta_nd_0042.npy,gen0184_A_nd_0042.npy
184,43,50.725,884.335,gen0184_theta_nd_0043.npy,gen0184_A_nd_0043.npy
184,44,62.9471,906.657,gen0184_theta_nd_0044.npy,gen0184_A_nd_0044.npy
184,45,61.7871,904.541,gen0184_theta_nd_0045.npy,gen0184_A_nd_0045.npy
184,46,53.1497,889.179,gen0184_theta_nd_0046.npy,gen0184_A_nd_0046.npy
184,47,52.8167,888.676,gen0184_theta_nd_0047.npy,gen0184_A_nd_0047.npy
184,48,57.0206,895.865,gen0184_theta_nd_0048.npy,gen0184_A_nd_0048.npy
184,49,56.6397,895.323,gen0184_theta_nd_0049.npy,gen0184_A_nd_0049.npy
184,50,49.38,881.278,gen0184_theta_nd_0050.npy,gen0184_A_nd_0050.npy
184,51,53.8898,889.973,gen0184_theta_nd_0051.npy,gen0184_A_nd_0051.npy
184,52,57.984,898.145,gen0184_theta_nd_0052.npy,gen0184_A_nd_0052.npy
184,53,59.4751,900.719,gen0184_theta_nd_0053.npy,gen0184_A_nd_0053.npy
184,54,58.3236,898.501,gen0184_theta_nd_0054.npy,gen0184_A_nd_0054.npy
184,55,57.8421,897.635,gen0184_theta_nd_0055.npy,gen0184_A_nd_0055.npy
184,56,60.66,902.667,gen0184_theta_nd_0056.npy,gen0184_A_nd_0056.npy
184,57,52.0963,887.028,gen0184_theta_nd_0057.npy,gen0184_A_nd_0057.npy
184,58,47.7442,878.744,gen0184_theta_nd_0058.npy,gen0184_A_nd_0058.npy
184,59,63.3422,907.525,gen0184_theta_nd_0059.npy,gen0184_A_nd_0059.npy
184,60,56.3569,895.1,gen0184_theta_nd_0060.npy,gen0184_A_nd_0060.npy
185,0,55.3239,892.594,gen0185_theta_nd_0000.npy,gen0185_A_nd_0000.npy
185,1,50.725,884.335,gen0185_theta_nd_0001.npy,gen0185_A_nd_0001.npy
185,2,49.4958,881.705,gen0185_theta_nd_0002.npy,gen0185_A_nd_0002.npy
185,3,54.4651,891.023,gen0185_theta_nd_0003.npy,gen0185_A_nd_0003.npy
185,4,58.944,899.509,gen0185_theta_nd_0004.npy,gen0185_A_nd_0004.npy
185,5,51.5822,885.883,gen0185_theta_nd_0005.npy,gen0185_A_nd_0005.npy
185,6,48.6061,879.756,gen0185_theta_nd_0006.npy,gen0185_A_nd_0006.npy
185,7,47.255,878.278,gen0185_theta_nd_0007.npy,gen0185_A_nd_0007.npy
185,8,57.8922,897.605,gen0185_theta_nd_0008.npy,gen0185_A_nd_0008.npy
185,9,60.3561,901.96,gen0185_theta_nd_0009.npy,gen0185_A_nd_0009.npy
185,10,54.9676,892.188,gen0185_theta_nd_0010.npy,gen0185_A_nd_0010.npy
185,11,53.8898,889.973,gen0185_theta_nd_0011.npy,gen0185_A_nd_0011.npy
185,12,56.0824,894.148,gen0185_theta_nd_0012.npy,gen0185_A_nd_0012.npy
185,13,54.1747,890.557,gen0185_theta_nd_0013.npy,gen0185_A_nd_0013.npy
185,14,63.3422,907.525,gen0185_theta_nd_0014.npy,gen0185_A_nd_0014.npy
185,15,53.1497,889.179,gen0185_theta_nd_0015.npy,gen0185_A_nd_0015.npy
185,16,52.8167,888.676,gen0185_theta_nd_0016.npy,gen0185_A_nd_0016.npy
185,17,57.0206,895.865,gen0185_theta_nd_0017.npy,gen0185_A_nd_0017.npy
185,18,62.9471,906.657,gen0185_theta_nd_0018.npy,gen0185_A_nd_0018.npy
185,19,64.0,908.601,gen0185_theta_nd_0019.npy,gen0185_A_nd_0019.npy
185,20,58.5726,898.903,gen0185_theta_nd_0020.npy,gen0185_A_nd_0020.npy
185,21,59.1703,900.245,gen0185_theta_nd_0021.npy,gen0185_A_nd_0021.npy
185,22,59.7877,901.012,gen0185_theta_nd_0022.npy,gen0185_A_nd_0022.npy
185,23,49.38,881.278,gen0185_theta_nd_0023.npy,gen0185_A_nd_0023.npy
185,24,51.2212,885.514,gen0185_theta_nd_0024.npy,gen0185_A_nd_0024.npy
185,25,61.7871,904.541,gen0185_theta_nd_0025.npy,gen0185_A_nd_0025.npy
185,26,55.7816,893.694,gen0185_theta_nd_0026.npy,gen0185_A_nd_0026.npy
185,27,64.3823,908.979,gen0185_theta_nd_0027.npy,gen0185_A_nd_0027.npy
185,28,62.0912,905.02,gen0185_theta_nd_0028.npy,gen0185_A_nd_0028.npy
185,29,50.4645,883.831,gen0185_theta_nd_0029.npy,gen0185_A_nd_0029.npy
185,30,62.7416,906.287,gen0185_theta_nd_0030.npy,gen0185_A_nd_0030.npy
185,31,52.0963,887.028,gen0185_theta_nd_0031.npy,gen0185_A_nd_0031.npy
185,32,49.1815,880.777,gen0185_theta_nd_0032.npy,gen0185_A_nd_0032.npy
185,33,52.6066,888.127,gen0185_theta_nd_0033.npy,gen0185_A_nd_0033.npy
185,34,48.9254,880.301,gen0185_theta_nd_0034.npy,gen0185_A_nd_0034.npy
185,35,62.3093,905.789,gen0185_theta_nd_0035.npy,gen0185_A_nd_0035.npy
185,36,50.9651,884.886,gen0185_theta_nd_0036.npy,gen0185_A_nd_0036.npy
185,37,57.5271,896.731,gen0185_theta_nd_0037.npy,gen0185_A_nd_0037.npy
185,38,48.2385,879.381,gen0185_theta_nd_0038.npy,gen0185_A_nd_0038.npy
185,39,61.5329,903.976,gen0185_theta_nd_0039.npy,gen0185_A_nd_0039.npy
185,40,60.66,902.667,gen0185_theta_nd_0040.npy,gen0185_A_nd_0040.npy
185,41,60.199,901.693,gen0185_theta_nd_0041.npy,gen0185_A_nd_0041.npy
185,42,51.8854,886.365,gen0185_theta_nd_0042.npy,gen0185_A_nd_0042.npy
185,43,50.2466,883.398,gen0185_theta_nd_0043.npy,gen0185_A_nd_0043.npy
185,44,56.6397,895.323,gen0185_theta_nd_0044.npy,gen0185_A_nd_0044.npy
185,45,58.3236,898.501,gen0185_theta_nd_0045.npy,gen0185_A_nd_0045.npy
185,46,57.2844,896.279,gen0185_theta_nd_0046.npy,gen0185_A_nd_0046.npy
185,47,57.984,898.145,gen0185_theta_nd_0047.npy,gen0185_A_nd_0047.npy
185,48,59.4751,900.719,gen0185_theta_nd_0048.npy,gen0185_A_nd_0048.npy
185,49,53.5303,889.47,gen0185_theta_nd_0049.npy,gen0185_A_nd_0049.npy
185,50,50.0723,882.689,gen0185_theta_nd_0050.npy,gen0185_A_nd_0050.npy
185,51,54.7346,891.589,gen0185_theta_nd_0051.npy,gen0185_A_nd_0051.npy
185,52,63.4443,908.244,gen0185_theta_nd_0052.npy,gen0185_A_nd_0052.npy
185,53,61.2028,903.925,gen0185_theta_nd_0053.npy,gen0185_A_nd_0053.npy
185,54,56.2727,894.622,gen0185_theta_nd_0054.npy,gen0185_A_nd_0054.npy
185,55,47.7442,878.744,gen0185_theta_nd_0055.npy,gen0185_A_nd_0055.npy
185,56,52.324,887.515,gen0185_theta_nd_0056.npy,gen0185_A_nd_0056.npy
185,57,55.5534,893.203,gen0185_theta_nd_0057.npy,gen0185_A_nd_0057.npy
185,58,60.8456,902.959,gen0185_theta_nd_0058.npy,gen0185_A_nd_0058.npy
185,59,49.9284,882.244,gen0185_theta_nd_0059.npy,gen0185_A_nd_0059.npy
185,60,59.1056,899.89,gen0185_theta_nd_0060.npy,gen0185_A_nd_0060.npy
186,0,57.0206,895.865,gen0186_theta_nd_0000.npy,gen0186_A_nd_0000.npy
186,1,57.2844,896.279,gen0186_theta_nd_0001.npy,gen0186_A_nd_0001.npy
186,2,59.7877,901.012,gen0186_theta_nd_0002.npy,gen0186_A_nd_0002.npy
186,3,50.2466,883.398,gen0186_theta_nd_0003.npy,gen0186_A_nd_0003.npy
186,4,51.8854,886.365,gen0186_theta_nd_0004.npy,gen0186_A_nd_0004.npy
186,5,54.4651,891.023,gen0186_theta_nd_0005.npy,gen0186_A_nd_0005.npy
186,6,53.8898,889.973,gen0186_theta_nd_0006.npy,gen0186_A_nd_0006.npy
186,7,59.4751,900.719,gen0186_theta_nd_0007.npy,gen0186_A_nd_0007.npy
186,8,57.5271,896.731,gen0186_theta_nd_0008.npy,gen0186_A_nd_0008.npy
186,9,58.944,899.509,gen0186_theta_nd_0009.npy,gen0186_A_nd_0009.npy
186,10,61.7871,904.541,gen0186_theta_nd_0010.npy,gen0186_A_nd_0010.npy
186,11,53.5303,889.47,gen0186_theta_nd_0011.npy,gen0186_A_nd_0011.npy
186,12,63.4443,908.244,gen0186_theta_nd_0012.npy,gen0186_A_nd_0012.npy
186,13,52.6066,888.127,gen0186_theta_nd_0013.npy,gen0186_A_nd_0013.npy
186,14,62.0912,905.02,gen0186_theta_nd_0014.npy,gen0186_A_nd_0014.npy
186,15,52.2378,886.977,gen0186_theta_nd_0015.npy,gen0186_A_nd_0015.npy
186,16,51.5822,885.883,gen0186_theta_nd_0016.npy,gen0186_A_nd_0016.npy
186,17,55.3239,892.594,gen0186_theta_nd_0017.npy,gen0186_A_nd_0017.npy
186,18,57.984,898.145,gen0186_theta_nd_0018.npy,gen0186_A_nd_0018.npy
186,19,56.6397,895.323,gen0186_theta_nd_0019.npy,gen0186_A_nd_0019.npy
186,20,47.9012,878.775,gen0186_theta_nd_0020.npy,gen0186_A_nd_0020.npy
186,21,49.4958,881.705,gen0186_theta_nd_0021.npy,gen0186_A_nd_0021.npy
186,22,56.4159,894.627,gen0186_theta_nd_0022.npy,gen0186_A_nd_0022.npy
186,23,64.3823,908.979,gen0186_theta_nd_0023.npy,gen0186_A_nd_0023.npy
186,24,62.9471,906.657,gen0186_theta_nd_0024.npy,gen0186_A_nd_0024.npy
186,25,60.199,901.693,gen0186_theta_nd_0025.npy,gen0186_A_nd_0025.npy
186,26,57.8806,897.444,gen0186_theta_nd_0026.npy,gen0186_A_nd_0026.npy
186,27,63.3422,907.525,gen0186_theta_nd_0027.npy,gen0186_A_nd_0027.npy
186,28,47.255,878.278,gen0186_theta_nd_0028.npy,gen0186_A_nd_0028.npy
186,29,49.9284,882.244,gen0186_theta_nd_0029.npy,gen0186_A_nd_0029.npy
186,30,54.7346,891.589,gen0186_theta_nd_0030.npy,gen0186_A_nd_0030.npy
186,31,61.5329,903.976,gen0186_theta_nd_0031.npy,gen0186_A_nd_0031.npy
186,32,49.2333,880.814,gen0186_theta_nd_0032.npy,gen0186_A_nd_0032.npy
186,33,49.38,881.278,gen0186_theta_nd_0033.npy,gen0186_A_nd_0033.npy
186,34,51.2212,885.514,gen0186_theta_nd_0034.npy,gen0186_A_nd_0034.npy
186,35,62.7416,906.287,gen0186_theta_nd_0035.npy,gen0186_A_nd_0035.npy
186,36,59.1773,900.233,gen0186_theta_nd_0036.npy,gen0186_A_nd_0036.npy
186,37,60.3561,901.96,gen0186_theta_nd_0037.npy,gen0186_A_nd_0037.npy
186,38,55.7816,893.694,gen0186_theta_nd_0038.npy,gen0186_A_nd_0038.npy
186,39,62.3093,905.789,gen0186_theta_nd_0039.npy,gen0186_A_nd_0039.npy
186,40,50.4645,883.831,gen0186_theta_nd_0040.npy,gen0186_A_nd_0040.npy
186,41,58.3236,898.501,gen0186_theta_nd_0041.npy,gen0186_A_nd_0041.npy
186,42,60.66,902.667,gen0186_theta_nd_0042.npy,gen0186_A_nd_0042.npy
186,43,53.1497,889.179,gen0186_theta_nd_0043.npy,gen0186_A_nd_0043.npy
186,44,48.6061,879.756,gen0186_theta_nd_0044.npy,gen0186_A_nd_0044.npy
186,45,48.9254,880.301,gen0186_theta_nd_0045.npy,gen0186_A_nd_0045.npy
186,46,64.0,908.601,gen0186_theta_nd_0046.npy,gen0186_A_nd_0046.npy
186,47,60.8456,902.959,gen0186_theta_nd_0047.npy,gen0186_A_nd_0047.npy
186,48,50.0723,882.689,gen0186_theta_nd_0048.npy,gen0186_A_nd_0048.npy
186,49,56.0824,894.148,gen0186_theta_nd_0049.npy,gen0186_A_nd_0049.npy
186,50,54.9676,892.188,gen0186_theta_nd_0050.npy,gen0186_A_nd_0050.npy
186,51,50.725,884.335,gen0186_theta_nd_0051.npy,gen0186_A_nd_0051.npy
186,52,52.324,887.515,gen0186_theta_nd_0052.npy,gen0186_A_nd_0052.npy
186,53,55.5534,893.203,gen0186_theta_nd_0053.npy,gen0186_A_nd_0053.npy
186,54,54.1747,890.557,gen0186_theta_nd_0054.npy,gen0186_A_nd_0054.npy
186,55,48.2385,879.381,gen0186_theta_nd_0055.npy,gen0186_A_nd_0055.npy
186,56,52.9026,888.627,gen0186_theta_nd_0056.npy,gen0186_A_nd_0056.npy
186,57,50.9651,884.886,gen0186_theta_nd_0057.npy,gen0186_A_nd_0057.npy
186,58,58.5726,898.903,gen0186_theta_nd_0058.npy,gen0186_A_nd_0058.npy
186,59,61.2028,903.925,gen0186_theta_nd_0059.npy,gen0186_A_nd_0059.npy
186,60,53.9347,890.295,gen0186_theta_nd_0060.npy,gen0186_A_nd_0060.npy
187,0,51.8854,886.365,gen0187_theta_nd_0000.npy,gen0187_A_nd_0000.npy
187,1,49.2333,880.814,gen0187_theta_nd_0001.npy,gen0187_A_nd_0001.npy
187,2,60.8456,902.959,gen0187_theta_nd_0002.npy,gen0187_A_nd_0002.npy
187,3,58.944,899.509,gen0187_theta_nd_0003.npy,gen0187_A_nd_0003.npy
187,4,58.5726,898.903,gen0187_theta_nd_0004.npy,gen0187_A_nd_0004.npy
187,5,51.5822,885.883,gen0187_theta_nd_0005.npy,gen0187_A_nd_0005.npy
187,6,50.2466,883.398,gen0187_theta_nd_0006.npy,gen0187_A_nd_0006.npy
187,7,57.984,898.145,gen0187_theta_nd_0007.npy,gen0187_A_nd_0007.npy
187,8,62.3093,905.789,gen0187_theta_nd_0008.npy,gen0187_A_nd_0008.npy
187,9,48.6061,879.756,gen0187_theta_nd_0009.npy,gen0187_A_nd_0009.npy
187,10,50.725,884.335,gen0187_theta_nd_0010.npy,gen0187_A_nd_0010.npy
187,11,47.9012,878.775,gen0187_theta_nd_0011.npy,gen0187_A_nd_0011.npy
187,12,57.5271,896.731,gen0187_theta_nd_0012.npy,gen0187_A_nd_0012.npy
187,13,59.7877,901.012,gen0187_theta_nd_0013.npy,gen0187_A_nd_0013.npy
187,14,49.38,881.278,gen0187_theta_nd_0014.npy,gen0187_A_nd_0014.npy
187,15,54.4651,891.023,gen0187_theta_nd_0015.npy,gen0187_A_nd_0015.npy
187,16,57.0206,895.865,gen0187_theta_nd_0016.npy,gen0187_A_nd_0016.npy
187,17,48.2385,879.381,gen0187_theta_nd_0017.npy,gen0187_A_nd_0017.npy
187,18,53.1497,889.179,gen0187_theta_nd_0018.npy,gen0187_A_nd_0018.npy
187,19,61.2028,903.925,gen0187_theta_nd_0019.npy,gen0187_A_nd_0019.npy
187,20,63.4443,908.244,gen0187_theta_nd_0020.npy,gen0187_A_nd_0020.npy
187,21,57.2844,896.279,gen0187_theta_nd_0021.npy,gen0187_A_nd_0021.npy
187,22,62.7416,906.287,gen0187_theta_nd_0022.npy,gen0187_A_nd_0022.npy
187,23,53.5303,889.47,gen0187_theta_nd_0023.npy,gen0187_A_nd_0023.npy
187,24,60.5799,902.47,gen0187_theta_nd_0024.npy,gen0187_A_nd_0024.npy
187,25,60.3561,901.96,gen0187_theta_nd_0025.npy,gen0187_A_nd_0025.npy
187,26,55.3239,892.594,gen0187_theta_nd_0026.npy,gen0187_A_nd_0026.npy
187,27,58.3287,898.437,gen0187_theta_nd_0027.npy,gen0187_A_nd_0027.npy
187,28,56.0824,894.148,gen0187_theta_nd_0028.npy,gen0187_A_nd_0028.npy
187,29,62.0912,905.02,gen0187_theta_nd_0029.npy,gen0187_A_nd_0029.npy
187,30,64.0,908.601,gen0187_theta_nd_0030.npy,gen0187_A_nd_0030.npy
187,31,49.4958,881.705,gen0187_theta_nd_0031.npy,gen0187_A_nd_0031.npy
187,32,56.4159,894.627,gen0187_theta_nd_0032.npy,gen0187_A_nd_0032.npy
187,33,50.4645,883.831,gen0187_theta_nd_0033.npy,gen0187_A_nd_0033.npy
187,34,52.324,887.515,gen0187_theta_nd_0034.npy,gen0187_A_nd_0034.npy
187,35,49.649,882.237,gen0187_theta_nd_0035.npy,gen0187_A_nd_0035.npy
187,36,59.4751,900.719,gen0187_theta_nd_0036.npy,gen0187_A_nd_0036.npy
187,37,53.8898,889.973,gen0187_theta_nd_0037.npy,gen0187_A_nd_0037.npy
187,38,52.9026,888.627,gen0187_theta_nd_0038.npy,gen0187_A_nd_0038.npy
187,39,52.6066,888.127,gen0187_theta_nd_0039.npy,gen0187_A_nd_0039.npy
187,40,48.9008,880.212,gen0187_theta_nd_0040.npy,gen0187_A_nd_0040.npy
187,41,61.7871,904.541,gen0187_theta_nd_0041.npy,gen0187_A_nd_0041.npy
187,42,51.2212,885.514,gen0187_theta_nd_0042.npy,gen0187_A_nd_0042.npy
187,43,56.6397,895.323,gen0187_theta_nd_0043.npy,gen0187_A_nd_0043.npy
187,44,50.0723,882.689,gen0187_theta_nd_0044.npy,gen0187_A_nd_0044.npy
187,45,54.8835,892.093,gen0187_theta_nd_0045.npy,gen0187_A_nd_0045.npy
187,46,64.3823,908.979,gen0187_theta_nd_0046.npy,gen0187_A_nd_0046.npy
187,47,63.3422,907.525,gen0187_theta_nd_0047.npy,gen0187_A_nd_0047.npy
187,48,54.7346,891.589,gen0187_theta_nd_0048.npy,gen0187_A_nd_0048.npy
187,49,52.2378,886.977,gen0187_theta_nd_0049.npy,gen0187_A_nd_0049.npy
187,50,62.9471,906.657,gen0187_theta_nd_0050.npy,gen0187_A_nd_0050.npy
187,51,57.8325,897.221,gen0187_theta_nd_0051.npy,gen0187_A_nd_0051.npy
187,52,50.9651,884.886,gen0187_theta_nd_0052.npy,gen0187_A_nd_0052.npy
187,53,55.7816,893.694,gen0187_theta_nd_0053.npy,gen0187_A_nd_0053.npy
187,54,54.1428,890.451,gen0187_theta_nd_0054.npy,gen0187_A_nd_0054.npy
187,55,61.5329,903.976,gen0187_theta_nd_0055.npy,gen0187_A_nd_0055.npy
187,56,55.5074,893.097,gen0187_theta_nd_0056.npy,gen0187_A_nd_0056.npy
187,57,59.2485,900.001,gen0187_theta_nd_0057.npy,gen0187_A_nd_0057.npy
187,58,60.199,901.693,gen0187_theta_nd_0058.npy,gen0187_A_nd_0058.npy
187,59,47.2452,878.142,gen0187_theta_nd_0059.npy,gen0187_A_nd_0059.npy
187,60,49.4158,881.572,gen0187_theta_nd_0060.npy,gen0187_A_nd_0060.npy
188,0,53.8898,889.973,gen0188_theta_nd_0000.npy,gen0188_A_nd_0000.npy
188,1,49.4958,881.705,gen0188_theta_nd_0001.npy,gen0188_A_nd_0001.npy
188,2,49.2771,881.101,gen0188_theta_nd_0002.npy,gen0188_A_nd_0002.npy
188,3,52.5042,887.462,gen0188_theta_nd_0003.npy,gen0188_A_nd_0003.npy
188,4,59.2485,900.001,gen0188_theta_nd_0004.npy,gen0188_A_nd_0004.npy
188,5,60.199,901.693,gen0188_theta_nd_0005.npy,gen0188_A_nd_0005.npy
188,6,52.7018,888.071,gen0188_theta_nd_0006.npy,gen0188_A_nd_0006.npy
188,7,57.984,898.145,gen0188_theta_nd_0007.npy,gen0188_A_nd_0007.npy
188,8,53.5303,889.47,gen0188_theta_nd_0008.npy,gen0188_A_nd_0008.npy
188,9,61.2028,903.925,gen0188_theta_nd_0009.npy,gen0188_A_nd_0009.npy
188,10,51.2212,885.514,gen0188_theta_nd_0010.npy,gen0188_A_nd_0010.npy
188,11,50.4645,883.831,gen0188_theta_nd_0011.npy,gen0188_A_nd_0011.npy
188,12,51.5822,885.883,gen0188_theta_nd_0012.npy,gen0188_A_nd_0012.npy
188,13,49.2333,880.814,gen0188_theta_nd_0013.npy,gen0188_A_nd_0013.npy
188,14,57.2844,896.279,gen0188_theta_nd_0014.npy,gen0188_A_nd_0014.npy
188,15,58.5726,898.903,gen0188_theta_nd_0015.npy,gen0188_A_nd_0015.npy
188,16,50.725,884.335,gen0188_theta_nd_0016.npy,gen0188_A_nd_0016.npy
188,17,63.4443,908.244,gen0188_theta_nd_0017.npy,gen0188_A_nd_0017.npy
188,18,51.8854,886.365,gen0188_theta_nd_0018.npy,gen0188_A_nd_0018.npy
188,19,57.8325,897.221,gen0188_theta_nd_0019.npy,gen0188_A_nd_0019.npy
188,20,50.2466,883.398,gen0188_theta_nd_0020.npy,gen0188_A_nd_0020.npy
188,21,56.0824,894.148,gen0188_theta_nd_0021.npy,gen0188_A_nd_0021.npy
188,22,62.7356,906.194,gen0188_theta_nd_0022.npy,gen0188_A_nd_0022.npy
188,23,53.1662,889.127,gen0188_theta_nd_0023.npy,gen0188_A_nd_0023.npy
188,24,64.3823,908.979,gen0188_theta_nd_0024.npy,gen0188_A_nd_0024.npy
188,25,54.7346,891.589,gen0188_theta_nd_0025.npy,gen0188_A_nd_0025.npy
188,26,64.0212,908.514,gen0188_theta_nd_0026.npy,gen0188_A_nd_0026.npy
188,27,60.8456,902.959,gen0188_theta_nd_0027.npy,gen0188_A_nd_0027.npy
188,28,58.3287,898.437,gen0188_theta_nd_0028.npy,gen0188_A_nd_0028.npy
188,29,54.8835,892.093,gen0188_theta_nd_0029.npy,gen0188_A_nd_0029.npy
188,30,55.7816,893.694,gen0188_theta_nd_0030.npy,gen0188_A_nd_0030.npy
188,31,50.0723,882.689,gen0188_theta_nd_0031.npy,gen0188_A_nd_0031.npy
188,32,48.6061,879.756,gen0188_theta_nd_0032.npy,gen0188_A_nd_0032.npy
188,33,55.5074,893.097,gen0188_theta_nd_0033.npy,gen0188_A_nd_0033.npy
188,34,61.5329,903.976,gen0188_theta_nd_0034.npy,gen0188_A_nd_0034.npy
188,35,55.3239,892.594,gen0188_theta_nd_0035.npy,gen0188_A_nd_0035.npy
188,36,54.4651,891.023,gen0188_theta_nd_0036.npy,gen0188_A_nd_0036.npy
188,37,62.3093,905.789,gen0188_theta_nd_0037.npy,gen0188_A_nd_0037.npy
188,38,57.5271,896.731,gen0188_theta_nd_0038.npy,gen0188_A_nd_0038.npy
188,39,54.1707,890.428,gen0188_theta_nd_0039.npy,gen0188_A_nd_0039.npy
188,40,47.2452,878.142,gen0188_theta_nd_0040.npy,gen0188_A_nd_0040.npy
188,41,61.7871,904.541,gen0188_theta_nd_0041.npy,gen0188_A_nd_0041.npy
188,42,50.9651,884.886,gen0188_theta_nd_0042.npy,gen0188_A_nd_0042.npy
188,43,48.9008,880.212,gen0188_theta_nd_0043.npy,gen0188_A_nd_0043.npy
188,44,57.0206,895.865,gen0188_theta_nd_0044.npy,gen0188_A_nd_0044.npy
188,45,52.9026,888.627,gen0188_theta_nd_0045.npy,gen0188_A_nd_0045.npy
188,46,48.2385,879.381,gen0188_theta_nd_0046.npy,gen0188_A_nd_0046.npy
188,47,62.9471,906.657,gen0188_theta_nd_0047.npy,gen0188_A_nd_0047.npy
188,48,59.7877,901.012,gen0188_theta_nd_0048.npy,gen0188_A_nd_0048.npy
188,49,58.944,899.509,gen0188_theta_nd_0049.npy,gen0188_A_nd_0049.npy
188,50,52.2378,886.977,gen0188_theta_nd_0050.npy,gen0188_A_nd_0050.npy
188,51,47.8586,878.67,gen0188_theta_nd_0051.npy,gen0188_A_nd_0051.npy
188,52,56.6397,895.323,gen0188_theta_nd_0052.npy,gen0188_A_nd_0052.npy
188,53,59.4028,900.566,gen0188_theta_nd_0053.npy,gen0188_A_nd_0053.npy
188,54,62.0912,905.02,gen0188_theta_nd_0054.npy,gen0188_A_nd_0054.npy
188,55,60.3561,901.96,gen0188_theta_nd_0055.npy,gen0188_A_nd_0055.npy
188,56,60.5799,902.47,gen0188_theta_nd_0056.npy,gen0188_A_nd_0056.npy
188,57,49.649,882.237,gen0188_theta_nd_0057.npy,gen0188_A_nd_0057.npy
188,58,56.4159,894.627,gen0188_theta_nd_0058.npy,gen0188_A_nd_0058.npy
188,59,57.0447,896.084,gen0188_theta_nd_0059.npy,gen0188_A_nd_0059.npy
188,60,48.9231,880.426,gen0188_theta_nd_0060.npy,gen0188_A_nd_0060.npy
189,0,62.3093,905.789,gen0189_theta_nd_0000.npy,gen0189_A_nd_0000.npy
189,1,47.2452,878.142,gen0189_theta_nd_0001.npy,gen0189_A_nd_0001.npy
189,2,59.7877,901.012,gen0189_theta_nd_0002.npy,gen0189_A_nd_0002.npy
189,3,57.5271,896.731,gen0189_theta_nd_0003.npy,gen0189_A_nd_0003.npy
189,4,52.25,886.926,gen0189_theta_nd_0004.npy,gen0189_A_nd_0004.npy
189,5,57.0206,895.865,gen0189_theta_nd_0005.npy,gen0189_A_nd_0005.npy
189,6,61.7871,904.541,gen0189_theta_nd_0006.npy,gen0189_A_nd_0006.npy
189,7,49.6519,882.187,gen0189_theta_nd_0007.npy,gen0189_A_nd_0007.npy
189,8,51.8854,886.365,gen0189_theta_nd_0008.npy,gen0189_A_nd_0008.npy
189,9,52.9026,888.627,gen0189_theta_nd_0009.npy,gen0189_A_nd_0009.npy
189,10,56.6397,895.323,gen0189_theta_nd_0010.npy,gen0189_A_nd_0010.npy
189,11,60.8555,903.491,gen0189_theta_nd_0011.npy,gen0189_A_nd_0011.npy
189,12,48.2385,879.381,gen0189_theta_nd_0012.npy,gen0189_A_nd_0012.npy
189,13,63.2949,907.907,gen0189_theta_nd_0013.npy,gen0189_A_nd_0013.npy
189,14,55.5074,893.097,gen0189_theta_nd_0014.npy,gen0189_A_nd_0014.npy
189,15,53.935,889.963,gen0189_theta_nd_0015.npy,gen0189_A_nd_0015.npy
189,16,49.2771,881.101,gen0189_theta_nd_0016.npy,gen0189_A_nd_0016.npy
189,17,51.2212,885.514,gen0189_theta_nd_0017.npy,gen0189_A_nd_0017.npy
189,18,52.5042,887.462,gen0189_theta_nd_0018.npy,gen0189_A_nd_0018.npy
189,19,48.9008,880.212,gen0189_theta_nd_0019.npy,gen0189_A_nd_0019.npy
189,20,54.7346,891.589,gen0189_theta_nd_0020.npy,gen0189_A_nd_0020.npy
189,21,54.1707,890.428,gen0189_theta_nd_0021.npy,gen0189_A_nd_0021.npy
189,22,60.3561,901.96,gen0189_theta_nd_0022.npy,gen0189_A_nd_0022.npy
189,23,48.6061,879.756,gen0189_theta_nd_0023.npy,gen0189_A_nd_0023.npy
189,24,54.4651,891.023,gen0189_theta_nd_0024.npy,gen0189_A_nd_0024.npy
189,25,60.5799,902.47,gen0189_theta_nd_0025.npy,gen0189_A_nd_0025.npy
189,26,62.7356,906.194,gen0189_theta_nd_0026.npy,gen0189_A_nd_0026.npy
189,27,49.4958,881.705,gen0189_theta_nd_0027.npy,gen0189_A_nd_0027.npy
189,28,61.2028,903.925,gen0189_theta_nd_0028.npy,gen0189_A_nd_0028.npy
189,29,58.8971,899.334,gen0189_theta_nd_0029.npy,gen0189_A_nd_0029.npy
189,30,50.4645,883.831,gen0189_theta_nd_0030.npy,gen0189_A_nd_0030.npy
189,31,62.0912,905.02,gen0189_theta_nd_0031.npy,gen0189_A_nd_0031.npy
189,32,55.3239,892.594,gen0189_theta_nd_0032.npy,gen0189_A_nd_0032.npy
189,33,60.0245,901.416,gen0189_theta_nd_0033.npy,gen0189_A_nd_0033.npy
189,34,53.5303,889.47,gen0189_theta_nd_0034.npy,gen0189_A_nd_0034.npy
189,35,64.0212,908.514,gen0189_theta_nd_0035.npy,gen0189_A_nd_0035.npy
189,36,47.8586,878.67,gen0189_theta_nd_0036.npy,gen0189_A_nd_0036.npy
189,37,57.8325,897.221,gen0189_theta_nd_0037.npy,gen0189_A_nd_0037.npy
189,38,58.5764,898.879,gen0189_theta_nd_0038.npy,gen0189_A_nd_0038.npy
189,39,56.0824,894.148,gen0189_theta_nd_0039.npy,gen0189_A_nd_0039.npy
189,40,55.8545,893.611,gen0189_theta_nd_0040.npy,gen0189_A_nd_0040.npy
189,41,50.9651,884.886,gen0189_theta_nd_0041.npy,gen0189_A_nd_0041.npy
189,42,64.3823,908.979,gen0189_theta_nd_0042.npy,gen0189_A_nd_0042.npy
189,43,58.2014,897.878,gen0189_theta_nd_0043.npy,gen0189_A_nd_0043.npy
189,44,50.0723,882.689,gen0189_theta_nd_0044.npy,gen0189_A_nd_0044.npy
189,45,62.9471,906.657,gen0189_theta_nd_0045.npy,gen0189_A_nd_0045.npy
189,46,52.7018,888.071,gen0189_theta_nd_0046.npy,gen0189_A_nd_0046.npy
189,47,49.2333,880.814,gen0189_theta_nd_0047.npy,gen0189_A_nd_0047.npy
189,48,61.5329,903.976,gen0189_theta_nd_0048.npy,gen0189_A_nd_0048.npy
189,49,59.4028,900.566,gen0189_theta_nd_0049.npy,gen0189_A_nd_0049.npy
189,50,59.2485,900.001,gen0189_theta_nd_0050.npy,gen0189_A_nd_0050.npy
189,51,50.727,884.254,gen0189_theta_nd_0051.npy,gen0189_A_nd_0051.npy
189,52,58.3287,898.437,gen0189_theta_nd_0052.npy,gen0189_A_nd_0052.npy
189,53,50.2466,883.398,gen0189_theta_nd_0053.npy,gen0189_A_nd_0053.npy
189,54,56.4159,894.627,gen0189_theta_nd_0054.npy,gen0189_A_nd_0054.npy
189,55,53.1662,889.127,gen0189_theta_nd_0055.npy,gen0189_A_nd_0055.npy
189,56,54.8906,892.078,gen0189_theta_nd_0056.npy,gen0189_A_nd_0056.npy
189,57,63.4443,908.244,gen0189_theta_nd_0057.npy,gen0189_A_nd_0057.npy
189,58,57.2844,896.279,gen0189_theta_nd_0058.npy,gen0189_A_nd_0058.npy
189,59,51.5822,885.883,gen0189_theta_nd_0059.npy,gen0189_A_nd_0059.npy
189,60,51.0326,884.97,gen0189_theta_nd_0060.npy,gen0189_A_nd_0060.npy
190,0,63.4443,908.244,gen0190_theta_nd_0000.npy,gen0190_A_nd_0000.npy
190,1,55.3239,892.594,gen0190_theta_nd_0001.npy,gen0190_A_nd_0001.npy
190,2,49.2771,881.101,gen0190_theta_nd_0002.npy,gen0190_A_nd_0002.npy
190,3,48.9008,880.212,gen0190_theta_nd_0003.npy,gen0190_A_nd_0003.npy
190,4,63.18,906.99,gen0190_theta_nd_0004.npy,gen0190_A_nd_0004.npy
190,5,58.5764,898.879,gen0190_theta_nd_0005.npy,gen0190_A_nd_0005.npy
190,6,54.5294,890.933,gen0190_theta_nd_0006.npy,gen0190_A_nd_0006.npy
190,7,50.727,884.254,gen0190_theta_nd_0007.npy,gen0190_A_nd_0007.npy
190,8,53.5303,889.47,gen0190_theta_nd_0008.npy,gen0190_A_nd_0008.npy
190,9,56.0824,894.148,gen0190_theta_nd_0009.npy,gen0190_A_nd_0009.npy
190,10,52.9026,888.627,gen0190_theta_nd_0010.npy,gen0190_A_nd_0010.npy
190,11,56.4159,894.627,gen0190_theta_nd_0011.npy,gen0190_A_nd_0011.npy
190,12,51.2212,885.514,gen0190_theta_nd_0012.npy,gen0190_A_nd_0012.npy
190,13,53.935,889.963,gen0190_theta_nd_0013.npy,gen0190_A_nd_0013.npy
190,14,49.4958,881.705,gen0190_theta_nd_0014.npy,gen0190_A_nd_0014.npy
190,15,57.7783,897.192,gen0190_theta_nd_0015.npy,gen0190_A_nd_0015.npy
190,16,51.5822,885.883,gen0190_theta_nd_0016.npy,gen0190_A_nd_0016.npy
190,17,50.9651,884.886,gen0190_theta_nd_0017.npy,gen0190_A_nd_0017.npy
190,18,47.8586,878.67,gen0190_theta_nd_0018.npy,gen0190_A_nd_0018.npy
190,19,61.7871,904.541,gen0190_theta_nd_0019.npy,gen0190_A_nd_0019.npy
190,20,53.1662,889.127,gen0190_theta_nd_0020.npy,gen0190_A_nd_0020.npy
190,21,49.8478,882.104,gen0190_theta_nd_0021.npy,gen0190_A_nd_0021.npy
190,22,55.5074,893.097,gen0190_theta_nd_0022.npy,gen0190_A_nd_0022.npy
190,23,62.9471,906.657,gen0190_theta_nd_0023.npy,gen0190_A_nd_0023.npy
190,24,52.25,886.926,gen0190_theta_nd_0024.npy,gen0190_A_nd_0024.npy
190,25,61.5329,903.976,gen0190_theta_nd_0025.npy,gen0190_A_nd_0025.npy
190,26,54.1707,890.428,gen0190_theta_nd_0026.npy,gen0190_A_nd_0026.npy
190,27,50.4645,883.831,gen0190_theta_nd_0027.npy,gen0190_A_nd_0027.npy
190,28,47.2452,878.142,gen0190_theta_nd_0028.npy,gen0190_A_nd_0028.npy
190,29,64.0212,908.514,gen0190_theta_nd_0029.npy,gen0190_A_nd_0029.npy
190,30,51.8854,886.365,gen0190_theta_nd_0030.npy,gen0190_A_nd_0030.npy
190,31,57.5271,896.731,gen0190_theta_nd_0031.npy,gen0190_A_nd_0031.npy
190,32,64.3823,908.979,gen0190_theta_nd_0032.npy,gen0190_A_nd_0032.npy
190,33,50.0723,882.689,gen0190_theta_nd_0033.npy,gen0190_A_nd_0033.npy
190,34,59.2432,899.906,gen0190_theta_nd_0034.npy,gen0190_A_nd_0034.npy
190,35,52.5042,887.462,gen0190_theta_nd_0035.npy,gen0190_A_nd_0035.npy
190,36,48.9466,880.488,gen0190_theta_nd_0036.npy,gen0190_A_nd_0036.npy
190,37,59.7877,901.012,gen0190_theta_nd_0037.npy,gen0190_A_nd_0037.npy
190,38,55.0695,891.837,gen0190_theta_nd_0038.npy,gen0190_A_nd_0038.npy
190,39,62.3093,905.789,gen0190_theta_nd_0039.npy,gen0190_A_nd_0039.npy
190,40,58.3287,898.437,gen0190_theta_nd_0040.npy,gen0190_A_nd_0040.npy
190,41,58.8971,899.334,gen0190_theta_nd_0041.npy,gen0190_A_nd_0041.npy
190,42,48.4548,879.614,gen0190_theta_nd_0042.npy,gen0190_A_nd_0042.npy
190,43,57.2844,896.279,gen0190_theta_nd_0043.npy,gen0190_A_nd_0043.npy
190,44,60.0245,901.416,gen0190_theta_nd_0044.npy,gen0190_A_nd_0044.npy
190,45,60.8555,903.491,gen0190_theta_nd_0045.npy,gen0190_A_nd_0045.npy
190,46,56.6397,895.323,gen0190_theta_nd_0046.npy,gen0190_A_nd_0046.npy
190,47,59.5233,900.435,gen0190_theta_nd_0047.npy,gen0190_A_nd_0047.npy
190,48,48.386,879.179,gen0190_theta_nd_0048.npy,gen0190_A_nd_0048.npy
190,49,58.0112,897.671,gen0190_theta_nd_0049.npy,gen0190_A_nd_0049.npy
190,50,55.8545,893.611,gen0190_theta_nd_0050.npy,gen0190_A_nd_0050.npy
190,51,62.7707,905.882,gen0190_theta_nd_0051.npy,gen0190_A_nd_0051.npy
190,52,60.6355,902.601,gen0190_theta_nd_0052.npy,gen0190_A_nd_0052.npy
190,53,54.7346,891.589,gen0190_theta_nd_0053.npy,gen0190_A_nd_0053.npy
190,54,57.0206,895.865,gen0190_theta_nd_0054.npy,gen0190_A_nd_0054.npy
190,55,50.3173,883.249,gen0190_theta_nd_0055.npy,gen0190_A_nd_0055.npy
190,56,52.6723,887.898,gen0190_theta_nd_0056.npy,gen0190_A_nd_0056.npy
190,57,60.3561,901.96,gen0190_theta_nd_0057.npy,gen0190_A_nd_0057.npy
190,58,62.0912,905.02,gen0190_theta_nd_0058.npy,gen0190_A_nd_0058.npy
190,59,50.8425,884.401,gen0190_theta_nd_0059.npy,gen0190_A_nd_0059.npy
190,60,63.2949,907.907,gen0190_theta_nd_0060.npy,gen0190_A_nd_0060.npy
191,0,56.4159,894.627,gen0191_theta_nd_0000.npy,gen0191_A_nd_0000.npy
191,1,59.5233,900.435,gen0191_theta_nd_0001.npy,gen0191_A_nd_0001.npy
191,2,58.5764,898.879,gen0191_theta_nd_0002.npy,gen0191_A_nd_0002.npy
191,3,62.7141,905.773,gen0191_theta_nd_0003.npy,gen0191_A_nd_0003.npy
191,4,52.6723,887.898,gen0191_theta_nd_0004.npy,gen0191_A_nd_0004.npy
191,5,48.386,879.179,gen0191_theta_nd_0005.npy,gen0191_A_nd_0005.npy
191,6,53.5303,889.47,gen0191_theta_nd_0006.npy,gen0191_A_nd_0006.npy
191,7,64.0212,908.514,gen0191_theta_nd_0007.npy,gen0191_A_nd_0007.npy
191,8,54.6737,891.546,gen0191_theta_nd_0008.npy,gen0191_A_nd_0008.npy
191,9,47.2452,878.142,gen0191_theta_nd_0009.npy,gen0191_A_nd_0009.npy
191,10,48.4548,879.614,gen0191_theta_nd_0010.npy,gen0191_A_nd_0010.npy
191,11,51.5822,885.883,gen0191_theta_nd_0011.npy,gen0191_A_nd_0011.npy
191,12,62.0912,905.02,gen0191_theta_nd_0012.npy,gen0191_A_nd_0012.npy
191,13,61.7871,904.541,gen0191_theta_nd_0013.npy,gen0191_A_nd_0013.npy
191,14,49.3387,881.177,gen0191_theta_nd_0014.npy,gen0191_A_nd_0014.npy
191,15,52.9026,888.627,gen0191_theta_nd_0015.npy,gen0191_A_nd_0015.npy
191,16,57.2844,896.279,gen0191_theta_nd_0016.npy,gen0191_A_nd_0016.npy
191,17,64.3823,908.979,gen0191_theta_nd_0017.npy,gen0191_A_nd_0017.npy
191,18,55.5074,893.097,gen0191_theta_nd_0018.npy,gen0191_A_nd_0018.npy
191,19,48.9008,880.212,gen0191_theta_nd_0019.npy,gen0191_A_nd_0019.npy
191,20,59.7877,901.012,gen0191_theta_nd_0020.npy,gen0191_A_nd_0020.npy
191,21,49.8478,882.104,gen0191_theta_nd_0021.npy,gen0191_A_nd_0021.npy
191,22,62.2481,905.555,gen0191_theta_nd_0022.npy,gen0191_A_nd_0022.npy
191,23,55.0695,891.837,gen0191_theta_nd_0023.npy,gen0191_A_nd_0023.npy
191,24,52.4323,887.384,gen0191_theta_nd_0024.npy,gen0191_A_nd_0024.npy
191,25,51.3375,885.459,gen0191_theta_nd_0025.npy,gen0191_A_nd_0025.npy
191,26,58.3287,898.437,gen0191_theta_nd_0026.npy,gen0191_A_nd_0026.npy
191,27,63.18,906.99,gen0191_theta_nd_0027.npy,gen0191_A_nd_0027.npy
191,28,55.3239,892.594,gen0191_theta_nd_0028.npy,gen0191_A_nd_0028.npy
191,29,57.7783,897.192,gen0191_theta_nd_0029.npy,gen0191_A_nd_0029.npy
191,30,51.8854,886.365,gen0191_theta_nd_0030.npy,gen0191_A_nd_0030.npy
191,31,50.0723,882.689,gen0191_theta_nd_0031.npy,gen0191_A_nd_0031.npy
191,32,60.0245,901.416,gen0191_theta_nd_0032.npy,gen0191_A_nd_0032.npy
191,33,61.5329,903.976,gen0191_theta_nd_0033.npy,gen0191_A_nd_0033.npy
191,34,58.8971,899.334,gen0191_theta_nd_0034.npy,gen0191_A_nd_0034.npy
191,35,53.935,889.963,gen0191_theta_nd_0035.npy,gen0191_A_nd_0035.npy
191,36,50.3173,883.249,gen0191_theta_nd_0036.npy,gen0191_A_nd_0036.npy
191,37,62.9471,906.657,gen0191_theta_nd_0037.npy,gen0191_A_nd_0037.npy
191,38,55.7714,893.523,gen0191_theta_nd_0038.npy,gen0191_A_nd_0038.npy
191,39,57.0206,895.865,gen0191_theta_nd_0039.npy,gen0191_A_nd_0039.npy
191,40,53.1662,889.127,gen0191_theta_nd_0040.npy,gen0191_A_nd_0040.npy
191,41,60.6355,902.601,gen0191_theta_nd_0041.npy,gen0191_A_nd_0041.npy
191,42,56.6397,895.323,gen0191_theta_nd_0042.npy,gen0191_A_nd_0042.npy
191,43,60.3561,901.96,gen0191_theta_nd_0043.npy,gen0191_A_nd_0043.npy
191,44,49.4958,881.705,gen0191_theta_nd_0044.npy,gen0191_A_nd_0044.npy
191,45,58.0112,897.671,gen0191_theta_nd_0045.npy,gen0191_A_nd_0045.npy
191,46,47.8586,878.67,gen0191_theta_nd_0046.npy,gen0191_A_nd_0046.npy
191,47,63.4443,908.244,gen0191_theta_nd_0047.npy,gen0191_A_nd_0047.npy
191,48,54.5294,890.933,gen0191_theta_nd_0048.npy,gen0191_A_nd_0048.npy
191,49,57.5271,896.731,gen0191_theta_nd_0049.npy,gen0191_A_nd_0049.npy
191,50,56.0824,894.148,gen0191_theta_nd_0050.npy,gen0191_A_nd_0050.npy
191,51,60.8555,903.491,gen0191_theta_nd_0051.npy,gen0191_A_nd_0051.npy
191,52,52.25,886.926,gen0191_theta_nd_0052.npy,gen0191_A_nd_0052.npy
191,53,59.2432,899.906,gen0191_theta_nd_0053.npy,gen0191_A_nd_0053.npy
191,54,54.1707,890.428,gen0191_theta_nd_0054.npy,gen0191_A_nd_0054.npy
191,55,49.1523,880.637,gen0191_theta_nd_0055.npy,gen0191_A_nd_0055.npy
191,56,50.9651,884.886,gen0191_theta_nd_0056.npy,gen0191_A_nd_0056.npy
191,57,50.4645,883.831,gen0191_theta_nd_0057.npy,gen0191_A_nd_0057.npy
191,58,50.727,884.254,gen0191_theta_nd_0058.npy,gen0191_A_nd_0058.npy
191,59,49.1914,880.907,gen0191_theta_nd_0059.npy,gen0191_A_nd_0059.npy
191,60,48.2634,878.941,gen0191_theta_nd_0060.npy,gen0191_A_nd_0060.npy
192,0,61.5329,903.976,gen0192_theta_nd_0000.npy,gen0192_A_nd_0000.npy
192,1,49.8478,882.104,gen0192_theta_nd_0001.npy,gen0192_A_nd_0001.npy
192,2,52.6723,887.898,gen0192_theta_nd_0002.npy,gen0192_A_nd_0002.npy
192,3,50.3173,883.249,gen0192_theta_nd_0003.npy,gen0192_A_nd_0003.npy
192,4,49.6122,881.651,gen0192_theta_nd_0004.npy,gen0192_A_nd_0004.npy
192,5,62.7141,905.773,gen0192_theta_nd_0005.npy,gen0192_A_nd_0005.npy
192,6,56.4159,894.627,gen0192_theta_nd_0006.npy,gen0192_A_nd_0006.npy
192,7,51.8854,886.365,gen0192_theta_nd_0007.npy,gen0192_A_nd_0007.npy
192,8,48.386,879.179,gen0192_theta_nd_0008.npy,gen0192_A_nd_0008.npy
192,9,58.9817,899.247,gen0192_theta_nd_0009.npy,gen0192_A_nd_0009.npy
192,10,59.2432,899.906,gen0192_theta_nd_0010.npy,gen0192_A_nd_0010.npy
192,11,56.0824,894.148,gen0192_theta_nd_0011.npy,gen0192_A_nd_0011.npy
192,12,55.3239,892.594,gen0192_theta_nd_0012.npy,gen0192_A_nd_0012.npy
192,13,55.7714,893.523,gen0192_theta_nd_0013.npy,gen0192_A_nd_0013.npy
192,14,54.1707,890.428,gen0192_theta_nd_0014.npy,gen0192_A_nd_0014.npy
192,15,47.8586,878.67,gen0192_theta_nd_0015.npy,gen0192_A_nd_0015.npy
192,16,52.8768,888.515,gen0192_theta_nd_0016.npy,gen0192_A_nd_0016.npy
192,17,57.0206,895.865,gen0192_theta_nd_0017.npy,gen0192_A_nd_0017.npy
192,18,55.0695,891.837,gen0192_theta_nd_0018.npy,gen0192_A_nd_0018.npy
192,19,57.2844,896.279,gen0192_theta_nd_0019.npy,gen0192_A_nd_0019.npy
192,20,57.5271,896.731,gen0192_theta_nd_0020.npy,gen0192_A_nd_0020.npy
192,21,58.3049,898.413,gen0192_theta_nd_0021.npy,gen0192_A_nd_0021.npy
192,22,61.3128,903.635,gen0192_theta_nd_0022.npy,gen0192_A_nd_0022.npy
192,23,60.3561,901.96,gen0192_theta_nd_0023.npy,gen0192_A_nd_0023.npy
192,24,63.18,906.99,gen0192_theta_nd_0024.npy,gen0192_A_nd_0024.npy
192,25,64.3823,908.979,gen0192_theta_nd_0025.npy,gen0192_A_nd_0025.npy
192,26,48.4548,879.614,gen0192_theta_nd_0026.npy,gen0192_A_nd_0026.npy
192,27,53.1662,889.127,gen0192_theta_nd_0027.npy,gen0192_A_nd_0027.npy
192,28,57.7783,897.192,gen0192_theta_nd_0028.npy,gen0192_A_nd_0028.npy
192,29,52.0197,886.818,gen0192_theta_nd_0029.npy,gen0192_A_nd_0029.npy
192,30,52.4263,887.361,gen0192_theta_nd_0030.npy,gen0192_A_nd_0030.npy
192,31,61.8136,904.5,gen0192_theta_nd_0031.npy,gen0192_A_nd_0031.npy
192,32,51.5822,885.883,gen0192_theta_nd_0032.npy,gen0192_A_nd_0032.npy
192,33,50.0723,882.689,gen0192_theta_nd_0033.npy,gen0192_A_nd_0033.npy
192,34,55.5074,893.097,gen0192_theta_nd_0034.npy,gen0192_A_nd_0034.npy
192,35,58.6146,898.768,gen0192_theta_nd_0035.npy,gen0192_A_nd_0035.npy
192,36,60.8913,903.399,gen0192_theta_nd_0036.npy,gen0192_A_nd_0036.npy
192,37,53.5303,889.47,gen0192_theta_nd_0037.npy,gen0192_A_nd_0037.npy
192,38,56.618,895.182,gen0192_theta_nd_0038.npy,gen0192_A_nd_0038.npy
192,39,64.0959,908.81,gen0192_theta_nd_0039.npy,gen0192_A_nd_0039.npy
192,40,50.727,884.254,gen0192_theta_nd_0040.npy,gen0192_A_nd_0040.npy
192,41,54.585,890.857,gen0192_theta_nd_0041.npy,gen0192_A_nd_0041.npy
192,42,49.1523,880.637,gen0192_theta_nd_0042.npy,gen0192_A_nd_0042.npy
192,43,49.3387,881.177,gen0192_theta_nd_0043.npy,gen0192_A_nd_0043.npy
192,44,50.9651,884.886,gen0192_theta_nd_0044.npy,gen0192_A_nd_0044.npy
192,45,62.2455,904.995,gen0192_theta_nd_0045.npy,gen0192_A_nd_0045.npy
192,46,47.2452,878.142,gen0192_theta_nd_0046.npy,gen0192_A_nd_0046.npy
192,47,53.935,889.963,gen0192_theta_nd_0047.npy,gen0192_A_nd_0047.npy
192,48,59.7877,901.012,gen0192_theta_nd_0048.npy,gen0192_A_nd_0048.npy
192,49,51.3375,885.459,gen0192_theta_nd_0049.npy,gen0192_A_nd_0049.npy
192,50,50.4645,883.831,gen0192_theta_nd_0050.npy,gen0192_A_nd_0050.npy
192,51,62.9471,906.657,gen0192_theta_nd_0051.npy,gen0192_A_nd_0051.npy
192,52,60.0245,901.416,gen0192_theta_nd_0052.npy,gen0192_A_nd_0052.npy
192,53,60.6355,902.601,gen0192_theta_nd_0053.npy,gen0192_A_nd_0053.npy
192,54,54.6737,891.546,gen0192_theta_nd_0054.npy,gen0192_A_nd_0054.npy
192,55,62.2642,905.385,gen0192_theta_nd_0055.npy,gen0192_A_nd_0055.npy
192,56,58.0112,897.671,gen0192_theta_nd_0056.npy,gen0192_A_nd_0056.npy
192,57,59.5233,900.435,gen0192_theta_nd_0057.npy,gen0192_A_nd_0057.npy
192,58,63.4443,908.244,gen0192_theta_nd_0058.npy,gen0192_A_nd_0058.npy
192,59,48.9008,880.212,gen0192_theta_nd_0059.npy,gen0192_A_nd_0059.npy
192,60,59.1519,899.645,gen0192_theta_nd_0060.npy,gen0192_A_nd_0060.npy
193,0,52.8768,888.515,gen0193_theta_nd_0000.npy,gen0193_A_nd_0000.npy
193,1,47.2452,878.142,gen0193_theta_nd_0001.npy,gen0193_A_nd_0001.npy
193,2,58.4027,898.398,gen0193_theta_nd_0002.npy,gen0193_A_nd_0002.npy
193,3,59.5233,900.435,gen0193_theta_nd_0003.npy,gen0193_A_nd_0003.npy
193,4,54.6737,891.546,gen0193_theta_nd_0004.npy,gen0193_A_nd_0004.npy
193,5,49.6122,881.651,gen0193_theta_nd_0005.npy,gen0193_A_nd_0005.npy
193,6,63.4443,908.244,gen0193_theta_nd_0006.npy,gen0193_A_nd_0006.npy
193,7,62.7141,905.773,gen0193_theta_nd_0007.npy,gen0193_A_nd_0007.npy
193,8,61.8136,904.5,gen0193_theta_nd_0008.npy,gen0193_A_nd_0008.npy
193,9,58.6146,898.768,gen0193_theta_nd_0009.npy,gen0193_A_nd_0009.npy
193,10,57.2844,896.279,gen0193_theta_nd_0010.npy,gen0193_A_nd_0010.npy
193,11,50.3173,883.249,gen0193_theta_nd_0011.npy,gen0193_A_nd_0011.npy
193,12,61.5329,903.976,gen0193_theta_nd_0012.npy,gen0193_A_nd_0012.npy
193,13,56.0824,894.148,gen0193_theta_nd_0013.npy,gen0193_A_nd_0013.npy
193,14,50.727,884.254,gen0193_theta_nd_0014.npy,gen0193_A_nd_0014.npy
193,15,53.1662,889.127,gen0193_theta_nd_0015.npy,gen0193_A_nd_0015.npy
193,16,56.4159,894.627,gen0193_theta_nd_0016.npy,gen0193_A_nd_0016.npy
193,17,52.0845,886.825,gen0193_theta_nd_0017.npy,gen0193_A_nd_0017.npy
193,18,59.2432,899.906,gen0193_theta_nd_0018.npy,gen0193_A_nd_0018.npy
193,19,52.4263,887.361,gen0193_theta_nd_0019.npy,gen0193_A_nd_0019.npy
193,20,58.0112,897.671,gen0193_theta_nd_0020.npy,gen0193_A_nd_0020.npy
193,21,50.0723,882.689,gen0193_theta_nd_0021.npy,gen0193_A_nd_0021.npy
193,22,55.0695,891.837,gen0193_theta_nd_0022.npy,gen0193_A_nd_0022.npy
193,23,64.3823,908.979,gen0193_theta_nd_0023.npy,gen0193_A_nd_0023.npy
193,24,59.8011,900.976,gen0193_theta_nd_0024.npy,gen0193_A_nd_0024.npy
193,25,60.3561,901.96,gen0193_theta_nd_0025.npy,gen0193_A_nd_0025.npy
193,26,56.618,895.182,gen0193_theta_nd_0026.npy,gen0193_A_nd_0026.npy
193,27,60.8913,903.399,gen0193_theta_nd_0027.npy,gen0193_A_nd_0027.npy
193,28,55.5804,892.92,gen0193_theta_nd_0028.npy,gen0193_A_nd_0028.npy
193,29,63.18,906.99,gen0193_theta_nd_0029.npy,gen0193_A_nd_0029.npy
193,30,54.585,890.857,gen0193_theta_nd_0030.npy,gen0193_A_nd_0030.npy
193,31,57.7783,897.192,gen0193_theta_nd_0031.npy,gen0193_A_nd_0031.npy
193,32,47.8586,878.67,gen0193_theta_nd_0032.npy,gen0193_A_nd_0032.npy
193,33,62.2455,904.995,gen0193_theta_nd_0033.npy,gen0193_A_nd_0033.npy
193,34,62.9471,906.657,gen0193_theta_nd_0034.npy,gen0193_A_nd_0034.npy
193,35,51.3375,885.459,gen0193_theta_nd_0035.npy,gen0193_A_nd_0035.npy
193,36,51.8854,886.365,gen0193_theta_nd_0036.npy,gen0193_A_nd_0036.npy
193,37,62.2642,905.385,gen0193_theta_nd_0037.npy,gen0193_A_nd_0037.npy
193,38,55.3239,892.594,gen0193_theta_nd_0038.npy,gen0193_A_nd_0038.npy
193,39,53.5303,889.47,gen0193_theta_nd_0039.npy,gen0193_A_nd_0039.npy
193,40,61.3128,903.635,gen0193_theta_nd_0040.npy,gen0193_A_nd_0040.npy
193,41,49.8478,882.104,gen0193_theta_nd_0041.npy,gen0193_A_nd_0041.npy
193,42,60.0245,901.416,gen0193_theta_nd_0042.npy,gen0193_A_nd_0042.npy
193,43,60.6355,902.601,gen0193_theta_nd_0043.npy,gen0193_A_nd_0043.npy
193,44,50.9651,884.886,gen0193_theta_nd_0044.npy,gen0193_A_nd_0044.npy
193,45,51.5822,885.883,gen0193_theta_nd_0045.npy,gen0193_A_nd_0045.npy
193,46,49.3387,881.177,gen0193_theta_nd_0046.npy,gen0193_A_nd_0046.npy
193,47,57.0206,895.865,gen0193_theta_nd_0047.npy,gen0193_A_nd_0047.npy
193,48,49.1523,880.637,gen0193_theta_nd_0048.npy,gen0193_A_nd_0048.npy
193,49,55.8785,893.514,gen0193_theta_nd_0049.npy,gen0193_A_nd_0049.npy
193,50,64.0959,908.81,gen0193_theta_nd_0050.npy,gen0193_A_nd_0050.npy
193,51,54.1707,890.428,gen0193_theta_nd_0051.npy,gen0193_A_nd_0051.npy
193,52,50.4645,883.831,gen0193_theta_nd_0052.npy,gen0193_A_nd_0052.npy
193,53,48.5276,879.424,gen0193_theta_nd_0053.npy,gen0193_A_nd_0053.npy
193,54,48.9008,880.212,gen0193_theta_nd_0054.npy,gen0193_A_nd_0054.npy
193,55,53.935,889.963,gen0193_theta_nd_0055.npy,gen0193_A_nd_0055.npy
193,56,57.5271,896.731,gen0193_theta_nd_0056.npy,gen0193_A_nd_0056.npy
193,57,48.386,879.179,gen0193_theta_nd_0057.npy,gen0193_A_nd_0057.npy
193,58,52.6723,887.898,gen0193_theta_nd_0058.npy,gen0193_A_nd_0058.npy
193,59,58.9817,899.247,gen0193_theta_nd_0059.npy,gen0193_A_nd_0059.npy
193,60,62.938,906.401,gen0193_theta_nd_0060.npy,gen0193_A_nd_0060.npy
194,0,51.5914,885.866,gen0194_theta_nd_0000.npy,gen0194_A_nd_0000.npy
194,1,59.2432,899.906,gen0194_theta_nd_0001.npy,gen0194_A_nd_0001.npy
194,2,49.6122,881.651,gen0194_theta_nd_0002.npy,gen0194_A_nd_0002.npy
194,3,52.6723,887.898,gen0194_theta_nd_0003.npy,gen0194_A_nd_0003.npy
194,4,53.1662,889.127,gen0194_theta_nd_0004.npy,gen0194_A_nd_0004.npy
194,5,57.0206,895.865,gen0194_theta_nd_0005.npy,gen0194_A_nd_0005.npy
194,6,53.5303,889.47,gen0194_theta_nd_0006.npy,gen0194_A_nd_0006.npy
194,7,62.2028,904.865,gen0194_theta_nd_0007.npy,gen0194_A_nd_0007.npy
194,8,58.0642,897.938,gen0194_theta_nd_0008.npy,gen0194_A_nd_0008.npy
194,9,57.5271,896.731,gen0194_theta_nd_0009.npy,gen0194_A_nd_0009.npy
194,10,51.8854,886.365,gen0194_theta_nd_0010.npy,gen0194_A_nd_0010.npy
194,11,55.5804,892.92,gen0194_theta_nd_0011.npy,gen0194_A_nd_0011.npy
194,12,55.0695,891.837,gen0194_theta_nd_0012.npy,gen0194_A_nd_0012.npy
194,13,60.6355,902.601,gen0194_theta_nd_0013.npy,gen0194_A_nd_0013.npy
194,14,63.18,906.99,gen0194_theta_nd_0014.npy,gen0194_A_nd_0014.npy
194,15,55.2781,892.312,gen0194_theta_nd_0015.npy,gen0194_A_nd_0015.npy
194,16,56.618,895.182,gen0194_theta_nd_0016.npy,gen0194_A_nd_0016.npy
194,17,47.8586,878.67,gen0194_theta_nd_0017.npy,gen0194_A_nd_0017.npy
194,18,50.3173,883.249,gen0194_theta_nd_0018.npy,gen0194_A_nd_0018.npy
194,19,54.7423,891.281,gen0194_theta_nd_0019.npy,gen0194_A_nd_0019.npy
194,20,52.1029,886.823,gen0194_theta_nd_0020.npy,gen0194_A_nd_0020.npy
194,21,48.9008,880.212,gen0194_theta_nd_0021.npy,gen0194_A_nd_0021.npy
194,22,57.1891,896.224,gen0194_theta_nd_0022.npy,gen0194_A_nd_0022.npy
194,23,60.8913,903.399,gen0194_theta_nd_0023.npy,gen0194_A_nd_0023.npy
194,24,62.7141,905.773,gen0194_theta_nd_0024.npy,gen0194_A_nd_0024.npy
194,25,50.0723,882.689,gen0194_theta_nd_0025.npy,gen0194_A_nd_0025.npy
194,26,50.4645,883.831,gen0194_theta_nd_0026.npy,gen0194_A_nd_0026.npy
194,27,64.0959,908.81,gen0194_theta_nd_0027.npy,gen0194_A_nd_0027.npy
194,28,61.8136,904.5,gen0194_theta_nd_0028.npy,gen0194_A_nd_0028.npy
194,29,61.5329,903.976,gen0194_theta_nd_0029.npy,gen0194_A_nd_0029.npy
194,30,47.2452,878.142,gen0194_theta_nd_0030.npy,gen0194_A_nd_0030.npy
194,31,60.0245,901.416,gen0194_theta_nd_0031.npy,gen0194_A_nd_0031.npy
194,32,52.8768,888.515,gen0194_theta_nd_0032.npy,gen0194_A_nd_0032.npy
194,33,59.5233,900.435,gen0194_theta_nd_0033.npy,gen0194_A_nd_0033.npy
194,34,62.9587,906.476,gen0194_theta_nd_0034.npy,gen0194_A_nd_0034.npy
194,35,62.2642,905.385,gen0194_theta_nd_0035.npy,gen0194_A_nd_0035.npy
194,36,56.0824,894.148,gen0194_theta_nd_0036.npy,gen0194_A_nd_0036.npy
194,37,59.8011,900.976,gen0194_theta_nd_0037.npy,gen0194_A_nd_0037.npy
194,38,50.727,884.254,gen0194_theta_nd_0038.npy,gen0194_A_nd_0038.npy
194,39,51.3375,885.459,gen0194_theta_nd_0039.npy,gen0194_A_nd_0039.npy
194,40,58.9817,899.247,gen0194_theta_nd_0040.npy,gen0194_A_nd_0040.npy
194,41,49.3387,881.177,gen0194_theta_nd_0041.npy,gen0194_A_nd_0041.npy
194,42,60.3561,901.96,gen0194_theta_nd_0042.npy,gen0194_A_nd_0042.npy
194,43,53.9373,889.792,gen0194_theta_nd_0043.npy,gen0194_A_nd_0043.npy
194,44,58.6146,898.768,gen0194_theta_nd_0044.npy,gen0194_A_nd_0044.npy
194,45,54.1707,890.428,gen0194_theta_nd_0045.npy,gen0194_A_nd_0045.npy
194,46,48.5276,879.424,gen0194_theta_nd_0046.npy,gen0194_A_nd_0046.npy
194,47,49.1523,880.637,gen0194_theta_nd_0047.npy,gen0194_A_nd_0047.npy
194,48,64.3823,908.979,gen0194_theta_nd_0048.npy,gen0194_A_nd_0048.npy
194,49,49.8968,882.067,gen0194_theta_nd_0049.npy,gen0194_A_nd_0049.npy
194,50,54.585,890.857,gen0194_theta_nd_0050.npy,gen0194_A_nd_0050.npy
194,51,57.7783,897.192,gen0194_theta_nd_0051.npy,gen0194_A_nd_0051.npy
194,52,56.4159,894.627,gen0194_theta_nd_0052.npy,gen0194_A_nd_0052.npy
194,53,52.4263,887.361,gen0194_theta_nd_0053.npy,gen0194_A_nd_0053.npy
194,54,61.3128,903.635,gen0194_theta_nd_0054.npy,gen0194_A_nd_0054.npy
194,55,48.386,879.179,gen0194_theta_nd_0055.npy,gen0194_A_nd_0055.npy
194,56,63.5813,908.024,gen0194_theta_nd_0056.npy,gen0194_A_nd_0056.npy
194,57,55.8785,893.514,gen0194_theta_nd_0057.npy,gen0194_A_nd_0057.npy
194,58,58.4027,898.398,gen0194_theta_nd_0058.npy,gen0194_A_nd_0058.npy
194,59,50.9651,884.886,gen0194_theta_nd_0059.npy,gen0194_A_nd_0059.npy
194,60,59.0435,899.493,gen0194_theta_nd_0060.npy,gen0194_A_nd_0060.npy
195,0,60.6355,902.601,gen0195_theta_nd_0000.npy,gen0195_A_nd_0000.npy
195,1,48.5276,879.424,gen0195_theta_nd_0001.npy,gen0195_A_nd_0001.npy
195,2,62.9587,906.476,gen0195_theta_nd_0002.npy,gen0195_A_nd_0002.npy
195,3,56.618,895.182,gen0195_theta_nd_0003.npy,gen0195_A_nd_0003.npy
195,4,52.4263,887.361,gen0195_theta_nd_0004.npy,gen0195_A_nd_0004.npy
195,5,60.8913,903.399,gen0195_theta_nd_0005.npy,gen0195_A_nd_0005.npy
195,6,52.6723,887.898,gen0195_theta_nd_0006.npy,gen0195_A_nd_0006.npy
195,7,59.8011,900.976,gen0195_theta_nd_0007.npy,gen0195_A_nd_0007.npy
195,8,57.7783,897.192,gen0195_theta_nd_0008.npy,gen0195_A_nd_0008.npy
195,9,54.1707,890.428,gen0195_theta_nd_0009.npy,gen0195_A_nd_0009.npy
195,10,63.18,906.99,gen0195_theta_nd_0010.npy,gen0195_A_nd_0010.npy
195,11,55.8785,893.514,gen0195_theta_nd_0011.npy,gen0195_A_nd_0011.npy
195,12,61.3128,903.635,gen0195_theta_nd_0012.npy,gen0195_A_nd_0012.npy
195,13,50.0723,882.689,gen0195_theta_nd_0013.npy,gen0195_A_nd_0013.npy
195,14,58.6146,898.768,gen0195_theta_nd_0014.npy,gen0195_A_nd_0014.npy
195,15,51.5082,885.842,gen0195_theta_nd_0015.npy,gen0195_A_nd_0015.npy
195,16,52.8768,888.515,gen0195_theta_nd_0016.npy,gen0195_A_nd_0016.npy
195,17,58.4211,898.395,gen0195_theta_nd_0017.npy,gen0195_A_nd_0017.npy
195,18,49.1523,880.637,gen0195_theta_nd_0018.npy,gen0195_A_nd_0018.npy
195,19,60.3561,901.96,gen0195_theta_nd_0019.npy,gen0195_A_nd_0019.npy
195,20,56.4159,894.627,gen0195_theta_nd_0020.npy,gen0195_A_nd_0020.npy
195,21,51.3375,885.459,gen0195_theta_nd_0021.npy,gen0195_A_nd_0021.npy
195,22,50.727,884.254,gen0195_theta_nd_0022.npy,gen0195_A_nd_0022.npy
195,23,57.0206,895.865,gen0195_theta_nd_0023.npy,gen0195_A_nd_0023.npy
195,24,53.9373,889.792,gen0195_theta_nd_0024.npy,gen0195_A_nd_0024.npy
195,25,49.6122,881.651,gen0195_theta_nd_0025.npy,gen0195_A_nd_0025.npy
195,26,55.0695,891.837,gen0195_theta_nd_0026.npy,gen0195_A_nd_0026.npy
195,27,47.8586,878.67,gen0195_theta_nd_0027.npy,gen0195_A_nd_0027.npy
195,28,48.386,879.179,gen0195_theta_nd_0028.npy,gen0195_A_nd_0028.npy
195,29,59.2432,899.906,gen0195_theta_nd_0029.npy,gen0195_A_nd_0029.npy
195,30,59.5233,900.435,gen0195_theta_nd_0030.npy,gen0195_A_nd_0030.npy
195,31,64.0959,908.81,gen0195_theta_nd_0031.npy,gen0195_A_nd_0031.npy
195,32,50.3173,883.249,gen0195_theta_nd_0032.npy,gen0195_A_nd_0032.npy
195,33,51.773,886.349,gen0195_theta_nd_0033.npy,gen0195_A_nd_0033.npy
195,34,58.0642,897.938,gen0195_theta_nd_0034.npy,gen0195_A_nd_0034.npy
195,35,61.5329,903.976,gen0195_theta_nd_0035.npy,gen0195_A_nd_0035.npy
195,36,62.7141,905.773,gen0195_theta_nd_0036.npy,gen0195_A_nd_0036.npy
195,37,62.3549,905.288,gen0195_theta_nd_0037.npy,gen0195_A_nd_0037.npy
195,38,49.3387,881.177,gen0195_theta_nd_0038.npy,gen0195_A_nd_0038.npy
195,39,54.7423,891.281,gen0195_theta_nd_0039.npy,gen0195_A_nd_0039.npy
195,40,47.3386,878.058,gen0195_theta_nd_0040.npy,gen0195_A_nd_0040.npy
195,41,58.9817,899.247,gen0195_theta_nd_0041.npy,gen0195_A_nd_0041.npy
195,42,49.8968,882.067,gen0195_theta_nd_0042.npy,gen0195_A_nd_0042.npy
195,43,53.5303,889.47,gen0195_theta_nd_0043.npy,gen0195_A_nd_0043.npy
195,44,62.2028,904.865,gen0195_theta_nd_0044.npy,gen0195_A_nd_0044.npy
195,45,50.9651,884.886,gen0195_theta_nd_0045.npy,gen0195_A_nd_0045.npy
195,46,57.1891,896.224,gen0195_theta_nd_0046.npy,gen0195_A_nd_0046.npy
195,47,48.9008,880.212,gen0195_theta_nd_0047.npy,gen0195_A_nd_0047.npy
195,48,50.4645,883.831,gen0195_theta_nd_0048.npy,gen0195_A_nd_0048.npy
195,49,54.585,890.857,gen0195_theta_nd_0049.npy,gen0195_A_nd_0049.npy
195,50,64.3823,908.979,gen0195_theta_nd_0050.npy,gen0195_A_nd_0050.npy
195,51,60.0245,901.416,gen0195_theta_nd_0051.npy,gen0195_A_nd_0051.npy
195,52,55.5804,892.92,gen0195_theta_nd_0052.npy,gen0195_A_nd_0052.npy
195,53,61.8136,904.5,gen0195_theta_nd_0053.npy,gen0195_A_nd_0053.npy
195,54,52.1029,886.823,gen0195_theta_nd_0054.npy,gen0195_A_nd_0054.npy
195,55,56.0824,894.148,gen0195_theta_nd_0055.npy,gen0195_A_nd_0055.npy
195,56,53.1662,889.127,gen0195_theta_nd_0056.npy,gen0195_A_nd_0056.npy
195,57,57.5271,896.731,gen0195_theta_nd_0057.npy,gen0195_A_nd_0057.npy
195,58,63.5813,908.024,gen0195_theta_nd_0058.npy,gen0195_A_nd_0058.npy
195,59,55.2781,892.312,gen0195_theta_nd_0059.npy,gen0195_A_nd_0059.npy
195,60,51.5914,885.866,gen0195_theta_nd_0060.npy,gen0195_A_nd_0060.npy
196,0,53.5303,889.47,gen0196_theta_nd_0000.npy,gen0196_A_nd_0000.npy
196,1,50.727,884.254,gen0196_theta_nd_0001.npy,gen0196_A_nd_0001.npy
196,2,60.3561,901.96,gen0196_theta_nd_0002.npy,gen0196_A_nd_0002.npy
196,3,62.9587,906.476,gen0196_theta_nd_0003.npy,gen0196_A_nd_0003.npy
196,4,51.5082,885.842,gen0196_theta_nd_0004.npy,gen0196_A_nd_0004.npy
196,5,51.3375,885.459,gen0196_theta_nd_0005.npy,gen0196_A_nd_0005.npy
196,6,50.9651,884.886,gen0196_theta_nd_0006.npy,gen0196_A_nd_0006.npy
196,7,57.0206,895.865,gen0196_theta_nd_0007.npy,gen0196_A_nd_0007.npy
196,8,63.1996,906.596,gen0196_theta_nd_0008.npy,gen0196_A_nd_0008.npy
196,9,49.8968,882.067,gen0196_theta_nd_0009.npy,gen0196_A_nd_0009.npy
196,10,55.5804,892.92,gen0196_theta_nd_0010.npy,gen0196_A_nd_0010.npy
196,11,57.7783,897.192,gen0196_theta_nd_0011.npy,gen0196_A_nd_0011.npy
196,12,58.4211,898.395,gen0196_theta_nd_0012.npy,gen0196_A_nd_0012.npy
196,13,52.1029,886.823,gen0196_theta_nd_0013.npy,gen0196_A_nd_0013.npy
196,14,56.0824,894.148,gen0196_theta_nd_0014.npy,gen0196_A_nd_0014.npy
196,15,56.4159,894.627,gen0196_theta_nd_0015.npy,gen0196_A_nd_0015.npy
196,16,63.7569,908.361,gen0196_theta_nd_0016.npy,gen0196_A_nd_0016.npy
196,17,53.9373,889.792,gen0196_theta_nd_0017.npy,gen0196_A_nd_0017.npy
196,18,60.6355,902.601,gen0196_theta_nd_0018.npy,gen0196_A_nd_0018.npy
196,19,56.618,895.182,gen0196_theta_nd_0019.npy,gen0196_A_nd_0019.npy
196,20,52.6723,887.898,gen0196_theta_nd_0020.npy,gen0196_A_nd_0020.npy
196,21,49.0113,880.533,gen0196_theta_nd_0021.npy,gen0196_A_nd_0021.npy
196,22,51.773,886.349,gen0196_theta_nd_0022.npy,gen0196_A_nd_0022.npy
196,23,57.1891,896.224,gen0196_theta_nd_0023.npy,gen0196_A_nd_0023.npy
196,24,59.2432,899.906,gen0196_theta_nd_0024.npy,gen0196_A_nd_0024.npy
196,25,60.1172,901.617,gen0196_theta_nd_0025.npy,gen0196_A_nd_0025.npy
196,26,59.5233,900.435,gen0196_theta_nd_0026.npy,gen0196_A_nd_0026.npy
196,27,47.8586,878.67,gen0196_theta_nd_0027.npy,gen0196_A_nd_0027.npy
196,28,63.4764,907.816,gen0196_theta_nd_0028.npy,gen0196_A_nd_0028.npy
196,29,61.8743,904.438,gen0196_theta_nd_0029.npy,gen0196_A_nd_0029.npy
196,30,62.3549,905.288,gen0196_theta_nd_0030.npy,gen0196_A_nd_0030.npy
196,31,54.8262,891.452,gen0196_theta_nd_0031.npy,gen0196_A_nd_0031.npy
196,32,50.1119,883.185,gen0196_theta_nd_0032.npy,gen0196_A_nd_0032.npy
196,33,47.3386,878.058,gen0196_theta_nd_0033.npy,gen0196_A_nd_0033.npy
196,34,62.6978,905.751,gen0196_theta_nd_0034.npy,gen0196_A_nd_0034.npy
196,35,48.6142,879.609,gen0196_theta_nd_0035.npy,gen0196_A_nd_0035.npy
196,36,54.585,890.857,gen0196_theta_nd_0036.npy,gen0196_A_nd_0036.npy
196,37,55.8785,893.514,gen0196_theta_nd_0037.npy,gen0196_A_nd_0037.npy
196,38,57.5271,896.731,gen0196_theta_nd_0038.npy,gen0196_A_nd_0038.npy
196,39,50.0723,882.689,gen0196_theta_nd_0039.npy,gen0196_A_nd_0039.npy
196,40,48.386,879.179,gen0196_theta_nd_0040.npy,gen0196_A_nd_0040.npy
196,41,49.3387,881.177,gen0196_theta_nd_0041.npy,gen0196_A_nd_0041.npy
196,42,54.1707,890.428,gen0196_theta_nd_0042.npy,gen0196_A_nd_0042.npy
196,43,61.3526,903.523,gen0196_theta_nd_0043.npy,gen0196_A_nd_0043.npy
196,44,60.8913,903.399,gen0196_theta_nd_0044.npy,gen0196_A_nd_0044.npy
196,45,61.5329,903.976,gen0196_theta_nd_0045.npy,gen0196_A_nd_0045.npy
196,46,55.3367,892.55,gen0196_theta_nd_0046.npy,gen0196_A_nd_0046.npy
196,47,58.0642,897.938,gen0196_theta_nd_0047.npy,gen0196_A_nd_0047.npy
196,48,64.3823,908.979,gen0196_theta_nd_0048.npy,gen0196_A_nd_0048.npy
196,49,58.9817,899.247,gen0196_theta_nd_0049.npy,gen0196_A_nd_0049.npy
196,50,64.0959,908.81,gen0196_theta_nd_0050.npy,gen0196_A_nd_0050.npy
196,51,52.4263,887.361,gen0196_theta_nd_0051.npy,gen0196_A_nd_0051.npy
196,52,62.2028,904.865,gen0196_theta_nd_0052.npy,gen0196_A_nd_0052.npy
196,53,55.0695,891.837,gen0196_theta_nd_0053.npy,gen0196_A_nd_0053.npy
196,54,48.9008,880.212,gen0196_theta_nd_0054.npy,gen0196_A_nd_0054.npy
196,55,49.6122,881.651,gen0196_theta_nd_0055.npy,gen0196_A_nd_0055.npy
196,56,58.6146,898.768,gen0196_theta_nd_0056.npy,gen0196_A_nd_0056.npy
196,57,59.8011,900.976,gen0196_theta_nd_0057.npy,gen0196_A_nd_0057.npy
196,58,50.4894,883.61,gen0196_theta_nd_0058.npy,gen0196_A_nd_0058.npy
196,59,52.8768,888.515,gen0196_theta_nd_0059.npy,gen0196_A_nd_0059.npy
196,60,53.1061,888.973,gen0196_theta_nd_0060.npy,gen0196_A_nd_0060.npy
197,0,58.4754,898.36,gen0197_theta_nd_0000.npy,gen0197_A_nd_0000.npy
197,1,61.5329,903.976,gen0197_theta_nd_0001.npy,gen0197_A_nd_0001.npy
197,2,63.863,908.357,gen0197_theta_nd_0002.npy,gen0197_A_nd_0002.npy
197,3,58.9817,899.247,gen0197_theta_nd_0003.npy,gen0197_A_nd_0003.npy
197,4,48.386,879.179,gen0197_theta_nd_0004.npy,gen0197_A_nd_0004.npy
197,5,48.6142,879.609,gen0197_theta_nd_0005.npy,gen0197_A_nd_0005.npy
197,6,62.3549,905.288,gen0197_theta_nd_0006.npy,gen0197_A_nd_0006.npy
197,7,58.632,899.03,gen0197_theta_nd_0007.npy,gen0197_A_nd_0007.npy
197,8,52.4263,887.361,gen0197_theta_nd_0008.npy,gen0197_A_nd_0008.npy
197,9,49.6122,881.651,gen0197_theta_nd_0009.npy,gen0197_A_nd_0009.npy
197,10,58.0642,897.938,gen0197_theta_nd_0010.npy,gen0197_A_nd_0010.npy
197,11,50.4894,883.61,gen0197_theta_nd_0011.npy,gen0197_A_nd_0011.npy
197,12,57.1891,896.224,gen0197_theta_nd_0012.npy,gen0197_A_nd_0012.npy
197,13,64.3823,908.979,gen0197_theta_nd_0013.npy,gen0197_A_nd_0013.npy
197,14,53.5303,889.47,gen0197_theta_nd_0014.npy,gen0197_A_nd_0014.npy
197,15,55.8785,893.514,gen0197_theta_nd_0015.npy,gen0197_A_nd_0015.npy
197,16,61.8743,904.438,gen0197_theta_nd_0016.npy,gen0197_A_nd_0016.npy
197,17,63.1996,906.596,gen0197_theta_nd_0017.npy,gen0197_A_nd_0017.npy
197,18,56.4159,894.627,gen0197_theta_nd_0018.npy,gen0197_A_nd_0018.npy
197,19,49.8968,882.067,gen0197_theta_nd_0019.npy,gen0197_A_nd_0019.npy
197,20,51.773,886.349,gen0197_theta_nd_0020.npy,gen0197_A_nd_0020.npy
197,21,55.5804,892.92,gen0197_theta_nd_0021.npy,gen0197_A_nd_0021.npy
197,22,50.0723,882.689,gen0197_theta_nd_0022.npy,gen0197_A_nd_0022.npy
197,23,47.5666,878.476,gen0197_theta_nd_0023.npy,gen0197_A_nd_0023.npy
197,24,49.3539,881.137,gen0197_theta_nd_0024.npy,gen0197_A_nd_0024.npy
197,25,60.1713,901.418,gen0197_theta_nd_0025.npy,gen0197_A_nd_0025.npy
197,26,53.1061,888.973,gen0197_theta_nd_0026.npy,gen0197_A_nd_0026.npy
197,27,54.585,890.857,gen0197_theta_nd_0027.npy,gen0197_A_nd_0027.npy
197,28,52.6723,887.898,gen0197_theta_nd_0028.npy,gen0197_A_nd_0028.npy
197,29,54.4239,890.4,gen0197_theta_nd_0029.npy,gen0197_A_nd_0029.npy
197,30,59.2432,899.906,gen0197_theta_nd_0030.npy,gen0197_A_nd_0030.npy
197,31,47.3386,878.058,gen0197_theta_nd_0031.npy,gen0197_A_nd_0031.npy
197,32,61.3526,903.523,gen0197_theta_nd_0032.npy,gen0197_A_nd_0032.npy
197,33,60.8913,903.399,gen0197_theta_nd_0033.npy,gen0197_A_nd_0033.npy
197,34,56.618,895.182,gen0197_theta_nd_0034.npy,gen0197_A_nd_0034.npy
197,35,63.4764,907.816,gen0197_theta_nd_0035.npy,gen0197_A_nd_0035.npy
197,36,50.727,884.254,gen0197_theta_nd_0036.npy,gen0197_A_nd_0036.npy
197,37,57.5271,896.731,gen0197_theta_nd_0037.npy,gen0197_A_nd_0037.npy
197,38,57.7783,897.192,gen0197_theta_nd_0038.npy,gen0197_A_nd_0038.npy
197,39,60.3561,901.96,gen0197_theta_nd_0039.npy,gen0197_A_nd_0039.npy
197,40,62.2028,904.865,gen0197_theta_nd_0040.npy,gen0197_A_nd_0040.npy
197,41,50.9651,884.886,gen0197_theta_nd_0041.npy,gen0197_A_nd_0041.npy
197,42,64.0959,908.81,gen0197_theta_nd_0042.npy,gen0197_A_nd_0042.npy
197,43,51.5082,885.842,gen0197_theta_nd_0043.npy,gen0197_A_nd_0043.npy
197,44,62.6978,905.751,gen0197_theta_nd_0044.npy,gen0197_A_nd_0044.npy
197,45,52.1029,886.823,gen0197_theta_nd_0045.npy,gen0197_A_nd_0045.npy
197,46,60.6355,902.601,gen0197_theta_nd_0046.npy,gen0197_A_nd_0046.npy
197,47,57.0206,895.865,gen0197_theta_nd_0047.npy,gen0197_A_nd_0047.npy
197,48,62.9587,906.476,gen0197_theta_nd_0048.npy,gen0197_A_nd_0048.npy
197,49,55.0695,891.837,gen0197_theta_nd_0049.npy,gen0197_A_nd_0049.npy
197,50,59.5233,900.435,gen0197_theta_nd_0050.npy,gen0197_A_nd_0050.npy
197,51,59.8011,900.976,gen0197_theta_nd_0051.npy,gen0197_A_nd_0051.npy
197,52,52.9726,888.406,gen0197_theta_nd_0052.npy,gen0197_A_nd_0052.npy
197,53,49.0113,880.533,gen0197_theta_nd_0053.npy,gen0197_A_nd_0053.npy
197,54,48.9008,880.212,gen0197_theta_nd_0054.npy,gen0197_A_nd_0054.npy
197,55,56.0824,894.148,gen0197_theta_nd_0055.npy,gen0197_A_nd_0055.npy
197,56,51.1815,885.195,gen0197_theta_nd_0056.npy,gen0197_A_nd_0056.npy
197,57,54.7301,891.332,gen0197_theta_nd_0057.npy,gen0197_A_nd_0057.npy
197,58,55.2282,892.303,gen0197_theta_nd_0058.npy,gen0197_A_nd_0058.npy
197,59,53.9373,889.792,gen0197_theta_nd_0059.npy,gen0197_A_nd_0059.npy
197,60,54.8262,891.452,gen0197_theta_nd_0060.npy,gen0197_A_nd_0060.npy
198,0,53.4771,889.295,gen0198_theta_nd_0000.npy,gen0198_A_nd_0000.npy
198,1,55.0695,891.837,gen0198_theta_nd_0001.npy,gen0198_A_nd_0001.npy
198,2,52.4263,887.361,gen0198_theta_nd_0002.npy,gen0198_A_nd_0002.npy
198,3,51.4914,885.593,gen0198_theta_nd_0003.npy,gen0198_A_nd_0003.npy
198,4,62.2028,904.865,gen0198_theta_nd_0004.npy,gen0198_A_nd_0004.npy
198,5,60.3561,901.96,gen0198_theta_nd_0005.npy,gen0198_A_nd_0005.npy
198,6,54.585,890.857,gen0198_theta_nd_0006.npy,gen0198_A_nd_0006.npy
198,7,63.4764,907.816,gen0198_theta_nd_0007.npy,gen0198_A_nd_0007.npy
198,8,59.8011,900.976,gen0198_theta_nd_0008.npy,gen0198_A_nd_0008.npy
198,9,52.6723,887.898,gen0198_theta_nd_0009.npy,gen0198_A_nd_0009.npy
198,10,60.0946,901.411,gen0198_theta_nd_0010.npy,gen0198_A_nd_0010.npy
198,11,50.2746,883.284,gen0198_theta_nd_0011.npy,gen0198_A_nd_0011.npy
198,12,55.7495,893.404,gen0198_theta_nd_0012.npy,gen0198_A_nd_0012.npy
198,13,49.0113,880.533,gen0198_theta_nd_0013.npy,gen0198_A_nd_0013.npy
198,14,64.0959,908.81,gen0198_theta_nd_0014.npy,gen0198_A_nd_0014.npy
198,15,49.6122,881.651,gen0198_theta_nd_0015.npy,gen0198_A_nd_0015.npy
198,16,55.2282,892.303,gen0198_theta_nd_0016.npy,gen0198_A_nd_0016.npy
198,17,64.3823,908.979,gen0198_theta_nd_0017.npy,gen0198_A_nd_0017.npy
198,18,57.7783,897.192,gen0198_theta_nd_0018.npy,gen0198_A_nd_0018.npy
198,19,56.341,894.606,gen0198_theta_nd_0019.npy,gen0198_A_nd_0019.npy
198,20,56.1491,893.94,gen0198_theta_nd_0020.npy,gen0198_A_nd_0020.npy
198,21,52.9726,888.406,gen0198_theta_nd_0021.npy,gen0198_A_nd_0021.npy
198,22,57.5271,896.731,gen0198_theta_nd_0022.npy,gen0198_A_nd_0022.npy
198,23,61.5329,903.976,gen0198_theta_nd_0023.npy,gen0198_A_nd_0023.npy
198,24,58.632,899.03,gen0198_theta_nd_0024.npy,gen0198_A_nd_0024.npy
198,25,62.9587,906.476,gen0198_theta_nd_0025.npy,gen0198_A_nd_0025.npy
198,26,59.5572,900.293,gen0198_theta_nd_0026.npy,gen0198_A_nd_0026.npy
198,27,58.4754,898.36,gen0198_theta_nd_0027.npy,gen0198_A_nd_0027.npy
198,28,50.4894,883.61,gen0198_theta_nd_0028.npy,gen0198_A_nd_0028.npy
198,29,50.9651,884.886,gen0198_theta_nd_0029.npy,gen0198_A_nd_0029.npy
198,30,57.0206,895.865,gen0198_theta_nd_0030.npy,gen0198_A_nd_0030.npy
198,31,62.4117,904.961,gen0198_theta_nd_0031.npy,gen0198_A_nd_0031.npy
198,32,53.9373,889.792,gen0198_theta_nd_0032.npy,gen0198_A_nd_0032.npy
198,33,61.7496,904.364,gen0198_theta_nd_0033.npy,gen0198_A_nd_0033.npy
198,34,54.7301,891.332,gen0198_theta_nd_0034.npy,gen0198_A_nd_0034.npy
198,35,62.6978,905.751,gen0198_theta_nd_0035.npy,gen0198_A_nd_0035.npy
198,36,61.3526,903.523,gen0198_theta_nd_0036.npy,gen0198_A_nd_0036.npy
198,37,47.2844,877.83,gen0198_theta_nd_0037.npy,gen0198_A_nd_0037.npy
198,38,52.1029,886.823,gen0198_theta_nd_0038.npy,gen0198_A_nd_0038.npy
198,39,47.5666,878.476,gen0198_theta_nd_0039.npy,gen0198_A_nd_0039.npy
198,40,63.1996,906.596,gen0198_theta_nd_0040.npy,gen0198_A_nd_0040.npy
198,41,48.386,879.179,gen0198_theta_nd_0041.npy,gen0198_A_nd_0041.npy
198,42,50.727,884.254,gen0198_theta_nd_0042.npy,gen0198_A_nd_0042.npy
198,43,60.8913,903.399,gen0198_theta_nd_0043.npy,gen0198_A_nd_0043.npy
198,44,58.9817,899.247,gen0198_theta_nd_0044.npy,gen0198_A_nd_0044.npy
198,45,59.2432,899.906,gen0198_theta_nd_0045.npy,gen0198_A_nd_0045.npy
198,46,60.6355,902.601,gen0198_theta_nd_0046.npy,gen0198_A_nd_0046.npy
198,47,49.3539,881.137,gen0198_theta_nd_0047.npy,gen0198_A_nd_0047.npy
198,48,57.1891,896.224,gen0198_theta_nd_0048.npy,gen0198_A_nd_0048.npy
198,49,63.9112,908.34,gen0198_theta_nd_0049.npy,gen0198_A_nd_0049.npy
198,50,56.618,895.182,gen0198_theta_nd_0050.npy,gen0198_A_nd_0050.npy
198,51,51.1815,885.195,gen0198_theta_nd_0051.npy,gen0198_A_nd_0051.npy
198,52,53.1061,888.973,gen0198_theta_nd_0052.npy,gen0198_A_nd_0052.npy
198,53,58.0642,897.938,gen0198_theta_nd_0053.npy,gen0198_A_nd_0053.npy
198,54,49.7934,881.983,gen0198_theta_nd_0054.npy,gen0198_A_nd_0054.npy
198,55,55.5309,892.868,gen0198_theta_nd_0055.npy,gen0198_A_nd_0055.npy
198,56,51.6628,886.347,gen0198_theta_nd_0056.npy,gen0198_A_nd_0056.npy
198,57,48.2576,878.913,gen0198_theta_nd_0057.npy,gen0198_A_nd_0057.npy
198,58,48.6749,879.816,gen0198_theta_nd_0058.npy,gen0198_A_nd_0058.npy
198,59,50.0928,882.647,gen0198_theta_nd_0059.npy,gen0198_A_nd_0059.npy
198,60,63.4497,907.656,gen0198_theta_nd_0060.npy,gen0198_A_nd_0060.npy
199,0,60.1899,901.391,gen0199_theta_nd_0000.npy,gen0199_A_nd_0000.npy
199,1,47.3468,877.765,gen0199_theta_nd_0001.npy,gen0199_A_nd_0001.npy
199,2,53.4771,889.295,gen0199_theta_nd_0002.npy,gen0199_A_nd_0002.npy
199,3,51.1815,885.195,gen0199_theta_nd_0003.npy,gen0199_A_nd_0003.npy
199,4,56.618,895.182,gen0199_theta_nd_0004.npy,gen0199_A_nd_0004.npy
199,5,50.0928,882.647,gen0199_theta_nd_0005.npy,gen0199_A_nd_0005.npy
199,6,58.6341,898.899,gen0199_theta_nd_0006.npy,gen0199_A_nd_0006.npy
199,7,60.8913,903.399,gen0199_theta_nd_0007.npy,gen0199_A_nd_0007.npy
199,8,58.0866,897.592,gen0199_theta_nd_0008.npy,gen0199_A_nd_0008.npy
199,9,61.5329,903.976,gen0199_theta_nd_0009.npy,gen0199_A_nd_0009.npy
199,10,55.5583,892.798,gen0199_theta_nd_0010.npy,gen0199_A_nd_0010.npy
199,11,60.3561,901.96,gen0199_theta_nd_0011.npy,gen0199_A_nd_0011.npy
199,12,52.9726,888.406,gen0199_theta_nd_0012.npy,gen0199_A_nd_0012.npy
199,13,64.0959,908.81,gen0199_theta_nd_0013.npy,gen0199_A_nd_0013.npy
199,14,54.7301,891.332,gen0199_theta_nd_0014.npy,gen0199_A_nd_0014.npy
199,15,52.4263,887.361,gen0199_theta_nd_0015.npy,gen0199_A_nd_0015.npy
199,16,49.7934,881.983,gen0199_theta_nd_0016.npy,gen0199_A_nd_0016.npy
199,17,50.727,884.254,gen0199_theta_nd_0017.npy,gen0199_A_nd_0017.npy
199,18,49.3539,881.137,gen0199_theta_nd_0018.npy,gen0199_A_nd_0018.npy
199,19,63.9112,908.34,gen0199_theta_nd_0019.npy,gen0199_A_nd_0019.npy
199,20,50.4536,883.439,gen0199_theta_nd_0020.npy,gen0199_A_nd_0020.npy
199,21,48.6749,879.816,gen0199_theta_nd_0021.npy,gen0199_A_nd_0021.npy
199,22,54.3313,890.731,gen0199_theta_nd_0022.npy,gen0199_A_nd_0022.npy
199,23,57.7783,897.192,gen0199_theta_nd_0023.npy,gen0199_A_nd_0023.npy
199,24,62.6978,905.751,gen0199_theta_nd_0024.npy,gen0199_A_nd_0024.npy
199,25,49.1507,880.526,gen0199_theta_nd_0025.npy,gen0199_A_nd_0025.npy
199,26,64.3823,908.979,gen0199_theta_nd_0026.npy,gen0199_A_nd_0026.npy
199,27,62.4117,904.961,gen0199_theta_nd_0027.npy,gen0199_A_nd_0027.npy
199,28,53.9373,889.792,gen0199_theta_nd_0028.npy,gen0199_A_nd_0028.npy
199,29,51.4914,885.593,gen0199_theta_nd_0029.npy,gen0199_A_nd_0029.npy
199,30,59.2432,899.906,gen0199_theta_nd_0030.npy,gen0199_A_nd_0030.npy
199,31,55.8503,893.366,gen0199_theta_nd_0031.npy,gen0199_A_nd_0031.npy
199,32,54.068,890.324,gen0199_theta_nd_0032.npy,gen0199_A_nd_0032.npy
199,33,51.6628,886.347,gen0199_theta_nd_0033.npy,gen0199_A_nd_0033.npy
199,34,50.8651,884.537,gen0199_theta_nd_0034.npy,gen0199_A_nd_0034.npy
199,35,58.3057,898.207,gen0199_theta_nd_0035.npy,gen0199_A_nd_0035.npy
199,36,57.0206,895.865,gen0199_theta_nd_0036.npy,gen0199_A_nd_0036.npy
199,37,61.3526,903.523,gen0199_theta_nd_0037.npy,gen0199_A_nd_0037.npy
199,38,63.1996,906.596,gen0199_theta_nd_0038.npy,gen0199_A_nd_0038.npy
199,39,59.8203,900.661,gen0199_theta_nd_0039.npy,gen0199_A_nd_0039.npy
199,40,48.386,879.179,gen0199_theta_nd_0040.npy,gen0199_A_nd_0040.npy
199,41,55.2282,892.303,gen0199_theta_nd_0041.npy,gen0199_A_nd_0041.npy
199,42,61.7496,904.364,gen0199_theta_nd_0042.npy,gen0199_A_nd_0042.npy
199,43,63.0773,906.365,gen0199_theta_nd_0043.npy,gen0199_A_nd_0043.npy
199,44,52.1029,886.823,gen0199_theta_nd_0044.npy,gen0199_A_nd_0044.npy
199,45,60.6355,902.601,gen0199_theta_nd_0045.npy,gen0199_A_nd_0045.npy
199,46,55.0695,891.837,gen0199_theta_nd_0046.npy,gen0199_A_nd_0046.npy
199,47,57.1891,896.224,gen0199_theta_nd_0047.npy,gen0199_A_nd_0047.npy
199,48,59.5572,900.293,gen0199_theta_nd_0048.npy,gen0199_A_nd_0048.npy
199,49,48.2576,878.913,gen0199_theta_nd_0049.npy,gen0199_A_nd_0049.npy
199,50,62.2183,904.788,gen0199_theta_nd_0050.npy,gen0199_A_nd_0050.npy
199,51,56.341,894.606,gen0199_theta_nd_0051.npy,gen0199_A_nd_0051.npy
199,52,57.5271,896.731,gen0199_theta_nd_0052.npy,gen0199_A_nd_0052.npy
199,53,53.1061,888.973,gen0199_theta_nd_0053.npy,gen0199_A_nd_0053.npy
199,54,56.1491,893.94,gen0199_theta_nd_0054.npy,gen0199_A_nd_0054.npy
199,55,63.4764,907.816,gen0199_theta_nd_0055.npy,gen0199_A_nd_0055.npy
199,56,52.6723,887.898,gen0199_theta_nd_0056.npy,gen0199_A_nd_0056.npy
199,57,47.5666,878.476,gen0199_theta_nd_0057.npy,gen0199_A_nd_0057.npy
199,58,58.9817,899.247,gen0199_theta_nd_0058.npy,gen0199_A_nd_0058.npy
199,59,49.8977,882.155,gen0199_theta_nd_0059.npy,gen0199_A_nd_0059.npy
199,60,58.162,897.98,gen0199_theta_nd_0060.npy,gen0199_A_nd_0060.npy
200,0,49.1507,880.526,gen0200_theta_nd_0000.npy,gen0200_A_nd_0000.npy
200,1,58.3057,898.207,gen0200_theta_nd_0001.npy,gen0200_A_nd_0001.npy
200,2,60.3561,901.96,gen0200_theta_nd_0002.npy,gen0200_A_nd_0002.npy
200,3,60.6355,902.601,gen0200_theta_nd_0003.npy,gen0200_A_nd_0003.npy
200,4,50.4536,883.439,gen0200_theta_nd_0004.npy,gen0200_A_nd_0004.npy
200,5,54.6459,891.201,gen0200_theta_nd_0005.npy,gen0200_A_nd_0005.npy
200,6,60.0607,901.078,gen0200_theta_nd_0006.npy,gen0200_A_nd_0006.npy
200,7,52.4263,887.361,gen0200_theta_nd_0007.npy,gen0200_A_nd_0007.npy
200,8,54.3313,890.731,gen0200_theta_nd_0008.npy,gen0200_A_nd_0008.npy
200,9,49.8977,882.155,gen0200_theta_nd_0009.npy,gen0200_A_nd_0009.npy
200,10,61.7496,904.364,gen0200_theta_nd_0010.npy,gen0200_A_nd_0010.npy
200,11,56.341,894.606,gen0200_theta_nd_0011.npy,gen0200_A_nd_0011.npy
200,12,55.2282,892.303,gen0200_theta_nd_0012.npy,gen0200_A_nd_0012.npy
200,13,58.0866,897.592,gen0200_theta_nd_0013.npy,gen0200_A_nd_0013.npy
200,14,61.5329,903.976,gen0200_theta_nd_0014.npy,gen0200_A_nd_0014.npy
200,15,63.4764,907.816,gen0200_theta_nd_0015.npy,gen0200_A_nd_0015.npy
200,16,48.6749,879.816,gen0200_theta_nd_0016.npy,gen0200_A_nd_0016.npy
200,17,59.5572,900.293,gen0200_theta_nd_0017.npy,gen0200_A_nd_0017.npy
200,18,57.5271,896.731,gen0200_theta_nd_0018.npy,gen0200_A_nd_0018.npy
200,19,50.0928,882.647,gen0200_theta_nd_0019.npy,gen0200_A_nd_0019.npy
200,20,53.0774,888.523,gen0200_theta_nd_0020.npy,gen0200_A_nd_0020.npy
200,21,58.6341,898.899,gen0200_theta_nd_0021.npy,gen0200_A_nd_0021.npy
200,22,53.3483,889.147,gen0200_theta_nd_0022.npy,gen0200_A_nd_0022.npy
200,23,57.7783,897.192,gen0200_theta_nd_0023.npy,gen0200_A_nd_0023.npy
200,24,48.6425,879.661,gen0200_theta_nd_0024.npy,gen0200_A_nd_0024.npy
200,25,64.3823,908.979,gen0200_theta_nd_0025.npy,gen0200_A_nd_0025.npy
200,26,47.3012,877.417,gen0200_theta_nd_0026.npy,gen0200_A_nd_0026.npy
200,27,52.1029,886.823,gen0200_theta_nd_0027.npy,gen0200_A_nd_0027.npy
200,28,53.9373,889.792,gen0200_theta_nd_0028.npy,gen0200_A_nd_0028.npy
200,29,63.9099,908.121,gen0200_theta_nd_0029.npy,gen0200_A_nd_0029.npy
200,30,52.8485,888.214,gen0200_theta_nd_0030.npy,gen0200_A_nd_0030.npy
200,31,55.8503,893.366,gen0200_theta_nd_0031.npy,gen0200_A_nd_0031.npy
200,32,57.1891,896.224,gen0200_theta_nd_0032.npy,gen0200_A_nd_0032.npy
200,33,59.2432,899.906,gen0200_theta_nd_0033.npy,gen0200_A_nd_0033.npy
200,34,58.9817,899.247,gen0200_theta_nd_0034.npy,gen0200_A_nd_0034.npy
200,35,62.0058,904.684,gen0200_theta_nd_0035.npy,gen0200_A_nd_0035.npy
200,36,63.1996,906.596,gen0200_theta_nd_0036.npy,gen0200_A_nd_0036.npy
200,37,59.8203,900.661,gen0200_theta_nd_0037.npy,gen0200_A_nd_0037.npy
200,38,61.3526,903.523,gen0200_theta_nd_0038.npy,gen0200_A_nd_0038.npy
200,39,49.3233,881.077,gen0200_theta_nd_0039.npy,gen0200_A_nd_0039.npy
200,40,54.8628,891.6,gen0200_theta_nd_0040.npy,gen0200_A_nd_0040.npy
200,41,56.1491,893.94,gen0200_theta_nd_0041.npy,gen0200_A_nd_0041.npy
200,42,54.0375,890.225,gen0200_theta_nd_0042.npy,gen0200_A_nd_0042.npy
200,43,56.618,895.182,gen0200_theta_nd_0043.npy,gen0200_A_nd_0043.npy
200,44,60.8913,903.399,gen0200_theta_nd_0044.npy,gen0200_A_nd_0044.npy
200,45,51.6628,886.347,gen0200_theta_nd_0045.npy,gen0200_A_nd_0045.npy
200,46,47.7576,877.843,gen0200_theta_nd_0046.npy,gen0200_A_nd_0046.npy
200,47,50.727,884.254,gen0200_theta_nd_0047.npy,gen0200_A_nd_0047.npy
200,48,62.9204,906.192,gen0200_theta_nd_0048.npy,gen0200_A_nd_0048.npy
200,49,62.6978,905.751,gen0200_theta_nd_0049.npy,gen0200_A_nd_0049.npy
200,50,55.5583,892.798,gen0200_theta_nd_0050.npy,gen0200_A_nd_0050.npy
200,51,64.0959,908.81,gen0200_theta_nd_0051.npy,gen0200_A_nd_0051.npy
200,52,51.4914,885.593,gen0200_theta_nd_0052.npy,gen0200_A_nd_0052.npy
200,53,56.6937,895.401,gen0200_theta_nd_0053.npy,gen0200_A_nd_0053.npy
200,54,62.4117,904.961,gen0200_theta_nd_0054.npy,gen0200_A_nd_0054.npy
200,55,48.2576,878.913,gen0200_theta_nd_0055.npy,gen0200_A_nd_0055.npy
200,56,59.4214,900.257,gen0200_theta_nd_0056.npy,gen0200_A_nd_0056.npy
200,57,55.166,892.129,gen0200_theta_nd_0057.npy,gen0200_A_nd_0057.npy
200,58,57.2379,896.281,gen0200_theta_nd_0058.npy,gen0200_A_nd_0058.npy
200,59,54.2504,890.612,gen0200_theta_nd_0059.npy,gen0200_A_nd_0059.npy
200,60,48.4649,879.173,gen0200_theta_nd_0060.npy,gen0200_A_nd_0060.npy
201,0,51.0667,884.684,gen0201_theta_nd_0000.npy,gen0201_A_nd_0000.npy
201,1,48.6425,879.661,gen0201_theta_nd_0001.npy,gen0201_A_nd_0001.npy
201,2,62.6978,905.751,gen0201_theta_nd_0002.npy,gen0201_A_nd_0002.npy
201,3,59.5572,900.293,gen0201_theta_nd_0003.npy,gen0201_A_nd_0003.npy
201,4,55.8503,893.366,gen0201_theta_nd_0004.npy,gen0201_A_nd_0004.npy
201,5,47.3012,877.417,gen0201_theta_nd_0005.npy,gen0201_A_nd_0005.npy
201,6,57.7783,897.192,gen0201_theta_nd_0006.npy,gen0201_A_nd_0006.npy
201,7,51.6628,886.347,gen0201_theta_nd_0007.npy,gen0201_A_nd_0007.npy
201,8,53.3483,889.147,gen0201_theta_nd_0008.npy,gen0201_A_nd_0008.npy
201,9,58.9817,899.247,gen0201_theta_nd_0009.npy,gen0201_A_nd_0009.npy
201,10,54.0375,890.225,gen0201_theta_nd_0010.npy,gen0201_A_nd_0010.npy
201,11,54.3313,890.731,gen0201_theta_nd_0011.npy,gen0201_A_nd_0011.npy
201,12,48.2576,878.913,gen0201_theta_nd_0012.npy,gen0201_A_nd_0012.npy
201,13,56.341,894.606,gen0201_theta_nd_0013.npy,gen0201_A_nd_0013.npy
201,14,52.1029,886.823,gen0201_theta_nd_0014.npy,gen0201_A_nd_0014.npy
201,15,49.3233,881.077,gen0201_theta_nd_0015.npy,gen0201_A_nd_0015.npy
201,16,63.4764,907.816,gen0201_theta_nd_0016.npy,gen0201_A_nd_0016.npy
201,17,55.5583,892.798,gen0201_theta_nd_0017.npy,gen0201_A_nd_0017.npy
201,18,54.8628,891.6,gen0201_theta_nd_0018.npy,gen0201_A_nd_0018.npy
201,19,56.4529,895.116,gen0201_theta_nd_0019.npy,gen0201_A_nd_0019.npy
201,20,49.1507,880.526,gen0201_theta_nd_0020.npy,gen0201_A_nd_0020.npy
201,21,60.0812,901.486,gen0201_theta_nd_0021.npy,gen0201_A_nd_0021.npy
201,22,63.9099,908.121,gen0201_theta_nd_0022.npy,gen0201_A_nd_0022.npy
201,23,59.8203,900.661,gen0201_theta_nd_0023.npy,gen0201_A_nd_0023.npy
201,24,50.4536,883.439,gen0201_theta_nd_0024.npy,gen0201_A_nd_0024.npy
201,25,61.7496,904.364,gen0201_theta_nd_0025.npy,gen0201_A_nd_0025.npy
201,26,53.0774,888.523,gen0201_theta_nd_0026.npy,gen0201_A_nd_0026.npy
201,27,48.806,879.905,gen0201_theta_nd_0027.npy,gen0201_A_nd_0027.npy
201,28,55.2282,892.303,gen0201_theta_nd_0028.npy,gen0201_A_nd_0028.npy
201,29,53.9373,889.792,gen0201_theta_nd_0029.npy,gen0201_A_nd_0029.npy
201,30,54.6459,891.201,gen0201_theta_nd_0030.npy,gen0201_A_nd_0030.npy
201,31,61.5329,903.976,gen0201_theta_nd_0031.npy,gen0201_A_nd_0031.npy
201,32,50.727,884.254,gen0201_theta_nd_0032.npy,gen0201_A_nd_0032.npy
201,33,62.1588,904.64,gen0201_theta_nd_0033.npy,gen0201_A_nd_0033.npy
201,34,52.4263,887.361,gen0201_theta_nd_0034.npy,gen0201_A_nd_0034.npy
201,35,57.5271,896.731,gen0201_theta_nd_0035.npy,gen0201_A_nd_0035.npy
201,36,59.2196,899.651,gen0201_theta_nd_0036.npy,gen0201_A_nd_0036.npy
201,37,52.8615,888.197,gen0201_theta_nd_0037.npy,gen0201_A_nd_0037.npy
201,38,58.3057,898.207,gen0201_theta_nd_0038.npy,gen0201_A_nd_0038.npy
201,39,58.0866,897.592,gen0201_theta_nd_0039.npy,gen0201_A_nd_0039.npy
201,40,47.7576,877.843,gen0201_theta_nd_0040.npy,gen0201_A_nd_0040.npy
201,41,49.8977,882.155,gen0201_theta_nd_0041.npy,gen0201_A_nd_0041.npy
201,42,61.3526,903.523,gen0201_theta_nd_0042.npy,gen0201_A_nd_0042.npy
201,43,62.4117,904.961,gen0201_theta_nd_0043.npy,gen0201_A_nd_0043.npy
201,44,57.1891,896.224,gen0201_theta_nd_0044.npy,gen0201_A_nd_0044.npy
201,45,51.4914,885.593,gen0201_theta_nd_0045.npy,gen0201_A_nd_0045.npy
201,46,50.0928,882.647,gen0201_theta_nd_0046.npy,gen0201_A_nd_0046.npy
201,47,64.3823,908.979,gen0201_theta_nd_0047.npy,gen0201_A_nd_0047.npy
201,48,63.1996,906.596,gen0201_theta_nd_0048.npy,gen0201_A_nd_0048.npy
201,49,56.9179,895.601,gen0201_theta_nd_0049.npy,gen0201_A_nd_0049.npy
201,50,56.1491,893.94,gen0201_theta_nd_0050.npy,gen0201_A_nd_0050.npy
201,51,60.9127,902.938,gen0201_theta_nd_0051.npy,gen0201_A_nd_0051.npy
201,52,64.126,908.695,gen0201_theta_nd_0052.npy,gen0201_A_nd_0052.npy
201,53,47.962,878.236,gen0201_theta_nd_0053.npy,gen0201_A_nd_0053.npy
201,54,58.6341,898.899,gen0201_theta_nd_0054.npy,gen0201_A_nd_0054.npy
201,55,60.6355,902.601,gen0201_theta_nd_0055.npy,gen0201_A_nd_0055.npy
201,56,62.9204,906.192,gen0201_theta_nd_0056.npy,gen0201_A_nd_0056.npy
201,57,60.3561,901.96,gen0201_theta_nd_0057.npy,gen0201_A_nd_0057.npy
201,58,61.3852,903.534,gen0201_theta_nd_0058.npy,gen0201_A_nd_0058.npy
201,59,62.077,904.523,gen0201_theta_nd_0059.npy,gen0201_A_nd_0059.npy
201,60,60.0607,901.078,gen0201_theta_nd_0060.npy,gen0201_A_nd_0060.npy
202,0,60.0812,901.486,gen0202_theta_nd_0000.npy,gen0202_A_nd_0000.npy
202,1,51.6628,886.347,gen0202_theta_nd_0001.npy,gen0202_A_nd_0001.npy
202,2,48.2576,878.913,gen0202_theta_nd_0002.npy,gen0202_A_nd_0002.npy
202,3,55.2282,892.303,gen0202_theta_nd_0003.npy,gen0202_A_nd_0003.npy
202,4,61.327,903.341,gen0202_theta_nd_0004.npy,gen0202_A_nd_0004.npy
202,5,62.1588,904.64,gen0202_theta_nd_0005.npy,gen0202_A_nd_0005.npy
202,6,52.2861,887.02,gen0202_theta_nd_0006.npy,gen0202_A_nd_0006.npy
202,7,50.6768,883.902,gen0202_theta_nd_0007.npy,gen0202_A_nd_0007.npy
202,8,62.4117,904.961,gen0202_theta_nd_0008.npy,gen0202_A_nd_0008.npy
202,9,57.1891,896.224,gen0202_theta_nd_0009.npy,gen0202_A_nd_0009.npy
202,10,58.6341,898.899,gen0202_theta_nd_0010.npy,gen0202_A_nd_0010.npy
202,11,59.8203,900.661,gen0202_theta_nd_0011.npy,gen0202_A_nd_0011.npy
202,12,53.9373,889.792,gen0202_theta_nd_0012.npy,gen0202_A_nd_0012.npy
202,13,47.7576,877.843,gen0202_theta_nd_0013.npy,gen0202_A_nd_0013.npy
202,14,49.7177,881.859,gen0202_theta_nd_0014.npy,gen0202_A_nd_0014.npy
202,15,58.3057,898.207,gen0202_theta_nd_0015.npy,gen0202_A_nd_0015.npy
202,16,56.341,894.606,gen0202_theta_nd_0016.npy,gen0202_A_nd_0016.npy
202,17,59.5288,900.229,gen0202_theta_nd_0017.npy,gen0202_A_nd_0017.npy
202,18,60.9127,902.938,gen0202_theta_nd_0018.npy,gen0202_A_nd_0018.npy
202,19,60.6355,902.601,gen0202_theta_nd_0019.npy,gen0202_A_nd_0019.npy
202,20,52.5234,887.565,gen0202_theta_nd_0020.npy,gen0202_A_nd_0020.npy
202,21,64.0665,908.603,gen0202_theta_nd_0021.npy,gen0202_A_nd_0021.npy
202,22,61.4659,903.784,gen0202_theta_nd_0022.npy,gen0202_A_nd_0022.npy
202,23,59.2196,899.651,gen0202_theta_nd_0023.npy,gen0202_A_nd_0023.npy
202,24,57.5271,896.731,gen0202_theta_nd_0024.npy,gen0202_A_nd_0024.npy
202,25,54.8821,891.554,gen0202_theta_nd_0025.npy,gen0202_A_nd_0025.npy
202,26,56.4783,894.996,gen0202_theta_nd_0026.npy,gen0202_A_nd_0026.npy
202,27,55.8503,893.366,gen0202_theta_nd_0027.npy,gen0202_A_nd_0027.npy
202,28,48.6425,879.661,gen0202_theta_nd_0028.npy,gen0202_A_nd_0028.npy
202,29,54.3313,890.731,gen0202_theta_nd_0029.npy,gen0202_A_nd_0029.npy
202,30,57.7783,897.192,gen0202_theta_nd_0030.npy,gen0202_A_nd_0030.npy
202,31,47.962,878.236,gen0202_theta_nd_0031.npy,gen0202_A_nd_0031.npy
202,32,51.0667,884.684,gen0202_theta_nd_0032.npy,gen0202_A_nd_0032.npy
202,33,50.727,884.254,gen0202_theta_nd_0033.npy,gen0202_A_nd_0033.npy
202,34,49.8977,882.155,gen0202_theta_nd_0034.npy,gen0202_A_nd_0034.npy
202,35,49.1507,880.526,gen0202_theta_nd_0035.npy,gen0202_A_nd_0035.npy
202,36,52.7987,888.139,gen0202_theta_nd_0036.npy,gen0202_A_nd_0036.npy
202,37,63.9099,908.121,gen0202_theta_nd_0037.npy,gen0202_A_nd_0037.npy
202,38,61.7496,904.364,gen0202_theta_nd_0038.npy,gen0202_A_nd_0038.npy
202,39,54.6459,891.201,gen0202_theta_nd_0039.npy,gen0202_A_nd_0039.npy
202,40,53.1342,888.735,gen0202_theta_nd_0040.npy,gen0202_A_nd_0040.npy
202,41,62.6978,905.751,gen0202_theta_nd_0041.npy,gen0202_A_nd_0041.npy
202,42,54.0375,890.225,gen0202_theta_nd_0042.npy,gen0202_A_nd_0042.npy
202,43,53.4024,889.173,gen0202_theta_nd_0043.npy,gen0202_A_nd_0043.npy
202,44,58.9817,899.247,gen0202_theta_nd_0044.npy,gen0202_A_nd_0044.npy
202,45,55.9553,893.862,gen0202_theta_nd_0045.npy,gen0202_A_nd_0045.npy
202,46,51.4619,885.413,gen0202_theta_nd_0046.npy,gen0202_A_nd_0046.npy
202,47,64.3823,908.979,gen0202_theta_nd_0047.npy,gen0202_A_nd_0047.npy
202,48,55.5583,892.798,gen0202_theta_nd_0048.npy,gen0202_A_nd_0048.npy
202,49,49.3233,881.077,gen0202_theta_nd_0049.npy,gen0202_A_nd_0049.npy
202,50,48.806,879.905,gen0202_theta_nd_0050.npy,gen0202_A_nd_0050.npy
202,51,56.9465,895.522,gen0202_theta_nd_0051.npy,gen0202_A_nd_0051.npy
202,52,50.4536,883.439,gen0202_theta_nd_0052.npy,gen0202_A_nd_0052.npy
202,53,47.3012,877.417,gen0202_theta_nd_0053.npy,gen0202_A_nd_0053.npy
202,54,63.4764,907.816,gen0202_theta_nd_0054.npy,gen0202_A_nd_0054.npy
202,55,50.1069,882.702,gen0202_theta_nd_0055.npy,gen0202_A_nd_0055.npy
202,56,58.0866,897.592,gen0202_theta_nd_0056.npy,gen0202_A_nd_0056.npy
202,57,63.1996,906.596,gen0202_theta_nd_0057.npy,gen0202_A_nd_0057.npy
202,58,62.9204,906.192,gen0202_theta_nd_0058.npy,gen0202_A_nd_0058.npy
202,59,60.3561,901.96,gen0202_theta_nd_0059.npy,gen0202_A_nd_0059.npy
202,60,51.4914,885.593,gen0202_theta_nd_0060.npy,gen0202_A_nd_0060.npy
203,0,53.4024,889.173,gen0203_theta_nd_0000.npy,gen0203_A_nd_0000.npy
203,1,60.3561,901.96,gen0203_theta_nd_0001.npy,gen0203_A_nd_0001.npy
203,2,49.1507,880.526,gen0203_theta_nd_0002.npy,gen0203_A_nd_0002.npy
203,3,51.4619,885.413,gen0203_theta_nd_0003.npy,gen0203_A_nd_0003.npy
203,4,62.4117,904.961,gen0203_theta_nd_0004.npy,gen0203_A_nd_0004.npy
203,5,64.3823,908.979,gen0203_theta_nd_0005.npy,gen0203_A_nd_0005.npy
203,6,47.7576,877.843,gen0203_theta_nd_0006.npy,gen0203_A_nd_0006.npy
203,7,58.0866,897.592,gen0203_theta_nd_0007.npy,gen0203_A_nd_0007.npy
203,8,57.1891,896.224,gen0203_theta_nd_0008.npy,gen0203_A_nd_0008.npy
203,9,59.2196,899.651,gen0203_theta_nd_0009.npy,gen0203_A_nd_0009.npy
203,10,64.0665,908.603,gen0203_theta_nd_0010.npy,gen0203_A_nd_0010.npy
203,11,58.3057,898.207,gen0203_theta_nd_0011.npy,gen0203_A_nd_0011.npy
203,12,49.7177,881.859,gen0203_theta_nd_0012.npy,gen0203_A_nd_0012.npy
203,13,62.6978,905.751,gen0203_theta_nd_0013.npy,gen0203_A_nd_0013.npy
203,14,55.2282,892.303,gen0203_theta_nd_0014.npy,gen0203_A_nd_0014.npy
203,15,54.8821,891.554,gen0203_theta_nd_0015.npy,gen0203_A_nd_0015.npy
203,16,55.9553,893.862,gen0203_theta_nd_0016.npy,gen0203_A_nd_0016.npy
203,17,53.1342,888.735,gen0203_theta_nd_0017.npy,gen0203_A_nd_0017.npy
203,18,61.7496,904.364,gen0203_theta_nd_0018.npy,gen0203_A_nd_0018.npy
203,19,59.5288,900.229,gen0203_theta_nd_0019.npy,gen0203_A_nd_0019.npy
203,20,57.5271,896.731,gen0203_theta_nd_0020.npy,gen0203_A_nd_0020.npy
203,21,63.4764,907.816,gen0203_theta_nd_0021.npy,gen0203_A_nd_0021.npy
203,22,63.1996,906.596,gen0203_theta_nd_0022.npy,gen0203_A_nd_0022.npy
203,23,57.7783,897.192,gen0203_theta_nd_0023.npy,gen0203_A_nd_0023.npy
203,24,52.7987,888.139,gen0203_theta_nd_0024.npy,gen0203_A_nd_0024.npy
203,25,63.9099,908.121,gen0203_theta_nd_0025.npy,gen0203_A_nd_0025.npy
203,26,58.6341,898.899,gen0203_theta_nd_0026.npy,gen0203_A_nd_0026.npy
203,27,50.1069,882.702,gen0203_theta_nd_0027.npy,gen0203_A_nd_0027.npy
203,28,54.6459,891.201,gen0203_theta_nd_0028.npy,gen0203_A_nd_0028.npy
203,29,51.0667,884.684,gen0203_theta_nd_0029.npy,gen0203_A_nd_0029.npy
203,30,49.8977,882.155,gen0203_theta_nd_0030.npy,gen0203_A_nd_0030.npy
203,31,52.2861,887.02,gen0203_theta_nd_0031.npy,gen0203_A_nd_0031.npy
203,32,60.9127,902.938,gen0203_theta_nd_0032.npy,gen0203_A_nd_0032.npy
203,33,50.8147,884.137,gen0203_theta_nd_0033.npy,gen0203_A_nd_0033.npy
203,34,59.0164,899.182,gen0203_theta_nd_0034.npy,gen0203_A_nd_0034.npy
203,35,50.6768,883.902,gen0203_theta_nd_0035.npy,gen0203_A_nd_0035.npy
203,36,60.0812,901.486,gen0203_theta_nd_0036.npy,gen0203_A_nd_0036.npy
203,37,52.5234,887.565,gen0203_theta_nd_0037.npy,gen0203_A_nd_0037.npy
203,38,62.9204,906.192,gen0203_theta_nd_0038.npy,gen0203_A_nd_0038.npy
203,39,59.8203,900.661,gen0203_theta_nd_0039.npy,gen0203_A_nd_0039.npy
203,40,61.3159,903.293,gen0203_theta_nd_0040.npy,gen0203_A_nd_0040.npy
203,41,54.0375,890.225,gen0203_theta_nd_0041.npy,gen0203_A_nd_0041.npy
203,42,47.962,878.236,gen0203_theta_nd_0042.npy,gen0203_A_nd_0042.npy
203,43,55.5583,892.798,gen0203_theta_nd_0043.npy,gen0203_A_nd_0043.npy
203,44,53.9373,889.792,gen0203_theta_nd_0044.npy,gen0203_A_nd_0044.npy
203,45,56.4783,894.996,gen0203_theta_nd_0045.npy,gen0203_A_nd_0045.npy
203,46,56.341,894.606,gen0203_theta_nd_0046.npy,gen0203_A_nd_0046.npy
203,47,48.6425,879.661,gen0203_theta_nd_0047.npy,gen0203_A_nd_0047.npy
203,48,48.2576,878.913,gen0203_theta_nd_0048.npy,gen0203_A_nd_0048.npy
203,49,56.9465,895.522,gen0203_theta_nd_0049.npy,gen0203_A_nd_0049.npy
203,50,50.4536,883.439,gen0203_theta_nd_0050.npy,gen0203_A_nd_0050.npy
203,51,49.329,881.081,gen0203_theta_nd_0051.npy,gen0203_A_nd_0051.npy
203,52,55.8503,893.366,gen0203_theta_nd_0052.npy,gen0203_A_nd_0052.npy
203,53,62.1588,904.64,gen0203_theta_nd_0053.npy,gen0203_A_nd_0053.npy
203,54,54.3193,890.702,gen0203_theta_nd_0054.npy,gen0203_A_nd_0054.npy
203,55,48.806,879.905,gen0203_theta_nd_0055.npy,gen0203_A_nd_0055.npy
203,56,47.3012,877.417,gen0203_theta_nd_0056.npy,gen0203_A_nd_0056.npy
203,57,52.0293,886.554,gen0203_theta_nd_0057.npy,gen0203_A_nd_0057.npy
203,58,60.6166,902.386,gen0203_theta_nd_0058.npy,gen0203_A_nd_0058.npy
203,59,61.5154,903.593,gen0203_theta_nd_0059.npy,gen0203_A_nd_0059.npy
203,60,52.5709,887.633,gen0203_theta_nd_0060.npy,gen0203_A_nd_0060.npy
204,0,52.2861,887.02,gen0204_theta_nd_0000.npy,gen0204_A_nd_0000.npy
204,1,49.329,881.081,gen0204_theta_nd_0001.npy,gen0204_A_nd_0001.npy
204,2,55.5583,892.798,gen0204_theta_nd_0002.npy,gen0204_A_nd_0002.npy
204,3,59.2196,899.651,gen0204_theta_nd_0003.npy,gen0204_A_nd_0003.npy
204,4,47.7576,877.843,gen0204_theta_nd_0004.npy,gen0204_A_nd_0004.npy
204,5,57.7369,897.027,gen0204_theta_nd_0005.npy,gen0204_A_nd_0005.npy
204,6,50.4536,883.439,gen0204_theta_nd_0006.npy,gen0204_A_nd_0006.npy
204,7,64.0665,908.603,gen0204_theta_nd_0007.npy,gen0204_A_nd_0007.npy
204,8,59.5288,900.229,gen0204_theta_nd_0008.npy,gen0204_A_nd_0008.npy
204,9,47.962,878.236,gen0204_theta_nd_0009.npy,gen0204_A_nd_0009.npy
204,10,61.3159,903.293,gen0204_theta_nd_0010.npy,gen0204_A_nd_0010.npy
204,11,62.9204,906.192,gen0204_theta_nd_0011.npy,gen0204_A_nd_0011.npy
204,12,56.341,894.606,gen0204_theta_nd_0012.npy,gen0204_A_nd_0012.npy
204,13,55.8503,893.366,gen0204_theta_nd_0013.npy,gen0204_A_nd_0013.npy
204,14,62.4117,904.961,gen0204_theta_nd_0014.npy,gen0204_A_nd_0014.npy
204,15,62.1588,904.64,gen0204_theta_nd_0015.npy,gen0204_A_nd_0015.npy
204,16,62.6978,905.751,gen0204_theta_nd_0016.npy,gen0204_A_nd_0016.npy
204,17,52.5234,887.565,gen0204_theta_nd_0017.npy,gen0204_A_nd_0017.npy
204,18,55.2282,892.303,gen0204_theta_nd_0018.npy,gen0204_A_nd_0018.npy
204,19,49.6464,881.68,gen0204_theta_nd_0019.npy,gen0204_A_nd_0019.npy
204,20,51.6997,886.172,gen0204_theta_nd_0020.npy,gen0204_A_nd_0020.npy
204,21,57.5271,896.731,gen0204_theta_nd_0021.npy,gen0204_A_nd_0021.npy
204,22,58.6341,898.899,gen0204_theta_nd_0022.npy,gen0204_A_nd_0022.npy
204,23,53.9373,889.792,gen0204_theta_nd_0023.npy,gen0204_A_nd_0023.npy
204,24,61.7496,904.364,gen0204_theta_nd_0024.npy,gen0204_A_nd_0024.npy
204,25,51.4619,885.413,gen0204_theta_nd_0025.npy,gen0204_A_nd_0025.npy
204,26,63.1996,906.596,gen0204_theta_nd_0026.npy,gen0204_A_nd_0026.npy
204,27,56.9465,895.522,gen0204_theta_nd_0027.npy,gen0204_A_nd_0027.npy
204,28,60.3561,901.96,gen0204_theta_nd_0028.npy,gen0204_A_nd_0028.npy
204,29,53.3426,888.665,gen0204_theta_nd_0029.npy,gen0204_A_nd_0029.npy
204,30,59.8203,900.661,gen0204_theta_nd_0030.npy,gen0204_A_nd_0030.npy
204,31,63.4764,907.816,gen0204_theta_nd_0031.npy,gen0204_A_nd_0031.npy
204,32,54.3559,890.476,gen0204_theta_nd_0032.npy,gen0204_A_nd_0032.npy
204,33,54.0375,890.225,gen0204_theta_nd_0033.npy,gen0204_A_nd_0033.npy
204,34,60.6166,902.386,gen0204_theta_nd_0034.npy,gen0204_A_nd_0034.npy
204,35,54.8881,891.603,gen0204_theta_nd_0035.npy,gen0204_A_nd_0035.npy
204,36,58.0866,897.592,gen0204_theta_nd_0036.npy,gen0204_A_nd_0036.npy
204,37,58.3057,898.207,gen0204_theta_nd_0037.npy,gen0204_A_nd_0037.npy
204,38,55.9553,893.862,gen0204_theta_nd_0038.npy,gen0204_A_nd_0038.npy
204,39,60.0588,901.454,gen0204_theta_nd_0039.npy,gen0204_A_nd_0039.npy
204,40,53.4024,889.173,gen0204_theta_nd_0040.npy,gen0204_A_nd_0040.npy
204,41,63.7644,908.109,gen0204_theta_nd_0041.npy,gen0204_A_nd_0041.npy
204,42,47.3012,877.417,gen0204_theta_nd_0042.npy,gen0204_A_nd_0042.npy
204,43,49.1507,880.526,gen0204_theta_nd_0043.npy,gen0204_A_nd_0043.npy
204,44,48.6425,879.661,gen0204_theta_nd_0044.npy,gen0204_A_nd_0044.npy
204,45,57.1891,896.224,gen0204_theta_nd_0045.npy,gen0204_A_nd_0045.npy
204,46,52.0293,886.554,gen0204_theta_nd_0046.npy,gen0204_A_nd_0046.npy
204,47,50.6768,883.902,gen0204_theta_nd_0047.npy,gen0204_A_nd_0047.npy
204,48,50.8147,884.137,gen0204_theta_nd_0048.npy,gen0204_A_nd_0048.npy
204,49,60.9127,902.938,gen0204_theta_nd_0049.npy,gen0204_A_nd_0049.npy
204,50,50.1069,882.702,gen0204_theta_nd_0050.npy,gen0204_A_nd_0050.npy
204,51,64.3823,908.979,gen0204_theta_nd_0051.npy,gen0204_A_nd_0051.npy
204,52,58.9145,899.074,gen0204_theta_nd_0052.npy,gen0204_A_nd_0052.npy
204,53,48.3449,878.913,gen0204_theta_nd_0053.npy,gen0204_A_nd_0053.npy
204,54,61.5154,903.593,gen0204_theta_nd_0054.npy,gen0204_A_nd_0054.npy
204,55,52.7987,888.139,gen0204_theta_nd_0055.npy,gen0204_A_nd_0055.npy
204,56,49.8977,882.155,gen0204_theta_nd_0056.npy,gen0204_A_nd_0056.npy
204,57,56.4783,894.996,gen0204_theta_nd_0057.npy,gen0204_A_nd_0057.npy
204,58,51.1269,884.849,gen0204_theta_nd_0058.npy,gen0204_A_nd_0058.npy
204,59,48.8844,880.023,gen0204_theta_nd_0059.npy,gen0204_A_nd_0059.npy
204,60,54.6459,891.201,gen0204_theta_nd_0060.npy,gen0204_A_nd_0060.npy
205,0,51.1269,884.849,gen0205_theta_nd_0000.npy,gen0205_A_nd_0000.npy
205,1,63.7644,908.109,gen0205_theta_nd_0001.npy,gen0205_A_nd_0001.npy
205,2,58.9145,899.074,gen0205_theta_nd_0002.npy,gen0205_A_nd_0002.npy
205,3,52.1816,886.819,gen0205_theta_nd_0003.npy,gen0205_A_nd_0003.npy
205,4,54.6459,891.201,gen0205_theta_nd_0004.npy,gen0205_A_nd_0004.npy
205,5,48.1265,878.559,gen0205_theta_nd_0005.npy,gen0205_A_nd_0005.npy
205,6,50.8147,884.137,gen0205_theta_nd_0006.npy,gen0205_A_nd_0006.npy
205,7,52.7796,888.111,gen0205_theta_nd_0007.npy,gen0205_A_nd_0007.npy
205,8,47.962,878.236,gen0205_theta_nd_0008.npy,gen0205_A_nd_0008.npy
205,9,58.6341,898.899,gen0205_theta_nd_0009.npy,gen0205_A_nd_0009.npy
205,10,55.2282,892.303,gen0205_theta_nd_0010.npy,gen0205_A_nd_0010.npy
205,11,59.5288,900.229,gen0205_theta_nd_0011.npy,gen0205_A_nd_0011.npy
205,12,61.3159,903.293,gen0205_theta_nd_0012.npy,gen0205_A_nd_0012.npy
205,13,51.7355,886.174,gen0205_theta_nd_0013.npy,gen0205_A_nd_0013.npy
205,14,56.4783,894.996,gen0205_theta_nd_0014.npy,gen0205_A_nd_0014.npy
205,15,47.195,877.092,gen0205_theta_nd_0015.npy,gen0205_A_nd_0015.npy
205,16,49.5245,881.314,gen0205_theta_nd_0016.npy,gen0205_A_nd_0016.npy
205,17,48.5161,879.441,gen0205_theta_nd_0017.npy,gen0205_A_nd_0017.npy
205,18,57.1891,896.224,gen0205_theta_nd_0018.npy,gen0205_A_nd_0018.npy
205,19,58.0866,897.592,gen0205_theta_nd_0019.npy,gen0205_A_nd_0019.npy
205,20,60.0588,901.454,gen0205_theta_nd_0020.npy,gen0205_A_nd_0020.npy
205,21,55.8503,893.366,gen0205_theta_nd_0021.npy,gen0205_A_nd_0021.npy
205,22,48.9225,880.401,gen0205_theta_nd_0022.npy,gen0205_A_nd_0022.npy
205,23,49.2306,880.981,gen0205_theta_nd_0023.npy,gen0205_A_nd_0023.npy
205,24,62.4117,904.961,gen0205_theta_nd_0024.npy,gen0205_A_nd_0024.npy
205,25,56.0295,894.512,gen0205_theta_nd_0025.npy,gen0205_A_nd_0025.npy
205,26,63.4764,907.816,gen0205_theta_nd_0026.npy,gen0205_A_nd_0026.npy
205,27,55.991,893.689,gen0205_theta_nd_0027.npy,gen0205_A_nd_0027.npy
205,28,62.9204,906.192,gen0205_theta_nd_0028.npy,gen0205_A_nd_0028.npy
205,29,50.4536,883.439,gen0205_theta_nd_0029.npy,gen0205_A_nd_0029.npy
205,30,60.9768,902.911,gen0205_theta_nd_0030.npy,gen0205_A_nd_0030.npy
205,31,60.6166,902.386,gen0205_theta_nd_0031.npy,gen0205_A_nd_0031.npy
205,32,53.432,888.791,gen0205_theta_nd_0032.npy,gen0205_A_nd_0032.npy
205,33,49.8977,882.155,gen0205_theta_nd_0033.npy,gen0205_A_nd_0033.npy
205,34,64.0665,908.603,gen0205_theta_nd_0034.npy,gen0205_A_nd_0034.npy
205,35,64.3823,908.979,gen0205_theta_nd_0035.npy,gen0205_A_nd_0035.npy
205,36,52.5234,887.565,gen0205_theta_nd_0036.npy,gen0205_A_nd_0036.npy
205,37,55.5259,892.643,gen0205_theta_nd_0037.npy,gen0205_A_nd_0037.npy
205,38,56.8236,895.32,gen0205_theta_nd_0038.npy,gen0205_A_nd_0038.npy
205,39,62.1588,904.64,gen0205_theta_nd_0039.npy,gen0205_A_nd_0039.npy
205,40,51.6487,886.029,gen0205_theta_nd_0040.npy,gen0205_A_nd_0040.npy
205,41,59.2196,899.651,gen0205_theta_nd_0041.npy,gen0205_A_nd_0041.npy
205,42,53.9373,889.792,gen0205_theta_nd_0042.npy,gen0205_A_nd_0042.npy
205,43,61.7496,904.364,gen0205_theta_nd_0043.npy,gen0205_A_nd_0043.npy
205,44,48.6425,879.661,gen0205_theta_nd_0044.npy,gen0205_A_nd_0044.npy
205,45,59.8203,900.661,gen0205_theta_nd_0045.npy,gen0205_A_nd_0045.npy
205,46,61.5154,903.593,gen0205_theta_nd_0046.npy,gen0205_A_nd_0046.npy
205,47,47.3012,877.417,gen0205_theta_nd_0047.npy,gen0205_A_nd_0047.npy
205,48,57.7369,897.027,gen0205_theta_nd_0048.npy,gen0205_A_nd_0048.npy
205,49,57.5271,896.731,gen0205_theta_nd_0049.npy,gen0205_A_nd_0049.npy
205,50,63.1996,906.596,gen0205_theta_nd_0050.npy,gen0205_A_nd_0050.npy
205,51,51.3405,885.229,gen0205_theta_nd_0051.npy,gen0205_A_nd_0051.npy
205,52,60.3561,901.96,gen0205_theta_nd_0052.npy,gen0205_A_nd_0052.npy
205,53,54.3559,890.476,gen0205_theta_nd_0053.npy,gen0205_A_nd_0053.npy
205,54,54.8881,891.603,gen0205_theta_nd_0054.npy,gen0205_A_nd_0054.npy
205,55,62.6978,905.751,gen0205_theta_nd_0055.npy,gen0205_A_nd_0055.npy
205,56,49.6981,881.706,gen0205_theta_nd_0056.npy,gen0205_A_nd_0056.npy
205,57,58.3057,898.207,gen0205_theta_nd_0057.npy,gen0205_A_nd_0057.npy
205,58,56.3947,894.639,gen0205_theta_nd_0058.npy,gen0205_A_nd_0058.npy
205,59,50.1069,882.702,gen0205_theta_nd_0059.npy,gen0205_A_nd_0059.npy
205,60,56.341,894.606,gen0205_theta_nd_0060.npy,gen0205_A_nd_0060.npy
206,0,62.4009,904.927,gen0206_theta_nd_0000.npy,gen0206_A_nd_0000.npy
206,1,54.3559,890.476,gen0206_theta_nd_0001.npy,gen0206_A_nd_0001.npy
206,2,62.6978,905.751,gen0206_theta_nd_0002.npy,gen0206_A_nd_0002.npy
206,3,54.6459,891.201,gen0206_theta_nd_0003.npy,gen0206_A_nd_0003.npy
206,4,60.0588,901.454,gen0206_theta_nd_0004.npy,gen0206_A_nd_0004.npy
206,5,54.8881,891.603,gen0206_theta_nd_0005.npy,gen0206_A_nd_0005.npy
206,6,57.1891,896.224,gen0206_theta_nd_0006.npy,gen0206_A_nd_0006.npy
206,7,57.3987,896.592,gen0206_theta_nd_0007.npy,gen0206_A_nd_0007.npy
206,8,49.9351,882.544,gen0206_theta_nd_0008.npy,gen0206_A_nd_0008.npy
206,9,52.1816,886.819,gen0206_theta_nd_0009.npy,gen0206_A_nd_0009.npy
206,10,59.8203,900.661,gen0206_theta_nd_0010.npy,gen0206_A_nd_0010.npy
206,11,48.1265,878.559,gen0206_theta_nd_0011.npy,gen0206_A_nd_0011.npy
206,12,56.1602,894.38,gen0206_theta_nd_0012.npy,gen0206_A_nd_0012.npy
206,13,53.432,888.791,gen0206_theta_nd_0013.npy,gen0206_A_nd_0013.npy
206,14,49.2663,880.874,gen0206_theta_nd_0014.npy,gen0206_A_nd_0014.npy
206,15,55.5259,892.643,gen0206_theta_nd_0015.npy,gen0206_A_nd_0015.npy
206,16,47.195,877.092,gen0206_theta_nd_0016.npy,gen0206_A_nd_0016.npy
206,17,62.1588,904.64,gen0206_theta_nd_0017.npy,gen0206_A_nd_0017.npy
206,18,60.9768,902.911,gen0206_theta_nd_0018.npy,gen0206_A_nd_0018.npy
206,19,57.7369,897.027,gen0206_theta_nd_0019.npy,gen0206_A_nd_0019.npy
206,20,61.3159,903.293,gen0206_theta_nd_0020.npy,gen0206_A_nd_0020.npy
206,21,59.2196,899.651,gen0206_theta_nd_0021.npy,gen0206_A_nd_0021.npy
206,22,51.4915,885.825,gen0206_theta_nd_0022.npy,gen0206_A_nd_0022.npy
206,23,58.9145,899.074,gen0206_theta_nd_0023.npy,gen0206_A_nd_0023.npy
206,24,52.5234,887.565,gen0206_theta_nd_0024.npy,gen0206_A_nd_0024.npy
206,25,58.3057,898.207,gen0206_theta_nd_0025.npy,gen0206_A_nd_0025.npy
206,26,49.5245,881.314,gen0206_theta_nd_0026.npy,gen0206_A_nd_0026.npy
206,27,61.7496,904.364,gen0206_theta_nd_0027.npy,gen0206_A_nd_0027.npy
206,28,52.7796,888.111,gen0206_theta_nd_0028.npy,gen0206_A_nd_0028.npy
206,29,47.3012,877.417,gen0206_theta_nd_0029.npy,gen0206_A_nd_0029.npy
206,30,60.3561,901.96,gen0206_theta_nd_0030.npy,gen0206_A_nd_0030.npy
206,31,59.5288,900.229,gen0206_theta_nd_0031.npy,gen0206_A_nd_0031.npy
206,32,51.8359,886.408,gen0206_theta_nd_0032.npy,gen0206_A_nd_0032.npy
206,33,49.6981,881.706,gen0206_theta_nd_0033.npy,gen0206_A_nd_0033.npy
206,34,48.5161,879.441,gen0206_theta_nd_0034.npy,gen0206_A_nd_0034.npy
206,35,64.3823,908.979,gen0206_theta_nd_0035.npy,gen0206_A_nd_0035.npy
206,36,61.5154,903.593,gen0206_theta_nd_0036.npy,gen0206_A_nd_0036.npy
206,37,63.7644,908.109,gen0206_theta_nd_0037.npy,gen0206_A_nd_0037.npy
206,38,55.2282,892.303,gen0206_theta_nd_0038.npy,gen0206_A_nd_0038.npy
206,39,55.991,893.689,gen0206_theta_nd_0039.npy,gen0206_A_nd_0039.npy
206,40,50.8147,884.137,gen0206_theta_nd_0040.npy,gen0206_A_nd_0040.npy
206,41,64.0665,908.603,gen0206_theta_nd_0041.npy,gen0206_A_nd_0041.npy
206,42,62.9239,906.425,gen0206_theta_nd_0042.npy,gen0206_A_nd_0042.npy
206,43,51.3405,885.229,gen0206_theta_nd_0043.npy,gen0206_A_nd_0043.npy
206,44,56.8236,895.32,gen0206_theta_nd_0044.npy,gen0206_A_nd_0044.npy
206,45,53.0032,888.486,gen0206_theta_nd_0045.npy,gen0206_A_nd_0045.npy
206,46,63.1996,906.596,gen0206_theta_nd_0046.npy,gen0206_A_nd_0046.npy
206,47,48.6425,879.661,gen0206_theta_nd_0047.npy,gen0206_A_nd_0047.npy
206,48,51.1269,884.849,gen0206_theta_nd_0048.npy,gen0206_A_nd_0048.npy
206,49,50.4536,883.439,gen0206_theta_nd_0049.npy,gen0206_A_nd_0049.npy
206,50,48.9225,880.401,gen0206_theta_nd_0050.npy,gen0206_A_nd_0050.npy
206,51,47.962,878.236,gen0206_theta_nd_0051.npy,gen0206_A_nd_0051.npy
206,52,56.6396,894.963,gen0206_theta_nd_0052.npy,gen0206_A_nd_0052.npy
206,53,58.0866,897.592,gen0206_theta_nd_0053.npy,gen0206_A_nd_0053.npy
206,54,55.8503,893.366,gen0206_theta_nd_0054.npy,gen0206_A_nd_0054.npy
206,55,58.5061,898.508,gen0206_theta_nd_0055.npy,gen0206_A_nd_0055.npy
206,56,63.4764,907.816,gen0206_theta_nd_0056.npy,gen0206_A_nd_0056.npy
206,57,60.6166,902.386,gen0206_theta_nd_0057.npy,gen0206_A_nd_0057.npy
206,58,53.9373,889.792,gen0206_theta_nd_0058.npy,gen0206_A_nd_0058.npy
206,59,62.4269,905.328,gen0206_theta_nd_0059.npy,gen0206_A_nd_0059.npy
206,60,63.4359,907.495,gen0206_theta_nd_0060.npy,gen0206_A_nd_0060.npy
207,0,59.5288,900.229,gen0207_theta_nd_0000.npy,gen0207_A_nd_0000.npy
207,1,57.1274,896.142,gen0207_theta_nd_0001.npy,gen0207_A_nd_0001.npy
207,2,50.8147,884.137,gen0207_theta_nd_0002.npy,gen0207_A_nd_0002.npy
207,3,58.5061,898.508,gen0207_theta_nd_0003.npy,gen0207_A_nd_0003.npy
207,4,62.6978,905.751,gen0207_theta_nd_0004.npy,gen0207_A_nd_0004.npy
207,5,61.7496,904.364,gen0207_theta_nd_0005.npy,gen0207_A_nd_0005.npy
207,6,49.6981,881.706,gen0207_theta_nd_0006.npy,gen0207_A_nd_0006.npy
207,7,52.69,887.781,gen0207_theta_nd_0007.npy,gen0207_A_nd_0007.npy
207,8,59.2196,899.651,gen0207_theta_nd_0008.npy,gen0207_A_nd_0008.npy
207,9,55.991,893.689,gen0207_theta_nd_0009.npy,gen0207_A_nd_0009.npy
207,10,49.2663,880.874,gen0207_theta_nd_0010.npy,gen0207_A_nd_0010.npy
207,11,47.962,878.236,gen0207_theta_nd_0011.npy,gen0207_A_nd_0011.npy
207,12,54.8912,891.592,gen0207_theta_nd_0012.npy,gen0207_A_nd_0012.npy
207,13,58.0866,897.592,gen0207_theta_nd_0013.npy,gen0207_A_nd_0013.npy
207,14,53.0032,888.486,gen0207_theta_nd_0014.npy,gen0207_A_nd_0014.npy
207,15,51.1269,884.849,gen0207_theta_nd_0015.npy,gen0207_A_nd_0015.npy
207,16,51.4915,885.825,gen0207_theta_nd_0016.npy,gen0207_A_nd_0016.npy
207,17,48.1265,878.559,gen0207_theta_nd_0017.npy,gen0207_A_nd_0017.npy
207,18,56.6396,894.963,gen0207_theta_nd_0018.npy,gen0207_A_nd_0018.npy
207,19,47.195,877.092,gen0207_theta_nd_0019.npy,gen0207_A_nd_0019.npy
207,20,48.5161,879.441,gen0207_theta_nd_0020.npy,gen0207_A_nd_0020.npy
207,21,52.1816,886.819,gen0207_theta_nd_0021.npy,gen0207_A_nd_0021.npy
207,22,48.9225,880.401,gen0207_theta_nd_0022.npy,gen0207_A_nd_0022.npy
207,23,51.3405,885.229,gen0207_theta_nd_0023.npy,gen0207_A_nd_0023.npy
207,24,61.3159,903.293,gen0207_theta_nd_0024.npy,gen0207_A_nd_0024.npy
207,25,47.3012,877.417,gen0207_theta_nd_0025.npy,gen0207_A_nd_0025.npy
207,26,55.5259,892.643,gen0207_theta_nd_0026.npy,gen0207_A_nd_0026.npy
207,27,53.432,888.791,gen0207_theta_nd_0027.npy,gen0207_A_nd_0027.npy
207,28,56.1602,894.38,gen0207_theta_nd_0028.npy,gen0207_A_nd_0028.npy
207,29,64.0665,908.603,gen0207_theta_nd_0029.npy,gen0207_A_nd_0029.npy
207,30,51.8359,886.408,gen0207_theta_nd_0030.npy,gen0207_A_nd_0030.npy
207,31,50.4536,883.439,gen0207_theta_nd_0031.npy,gen0207_A_nd_0031.npy
207,32,54.5087,891.157,gen0207_theta_nd_0032.npy,gen0207_A_nd_0032.npy
207,33,60.9768,902.911,gen0207_theta_nd_0033.npy,gen0207_A_nd_0033.npy
207,34,49.5245,881.314,gen0207_theta_nd_0034.npy,gen0207_A_nd_0034.npy
207,35,48.6526,879.674,gen0207_theta_nd_0035.npy,gen0207_A_nd_0035.npy
207,36,58.3057,898.207,gen0207_theta_nd_0036.npy,gen0207_A_nd_0036.npy
207,37,54.3559,890.476,gen0207_theta_nd_0037.npy,gen0207_A_nd_0037.npy
207,38,63.5189,907.82,gen0207_theta_nd_0038.npy,gen0207_A_nd_0038.npy
207,39,61.5154,903.593,gen0207_theta_nd_0039.npy,gen0207_A_nd_0039.npy
207,40,55.2282,892.303,gen0207_theta_nd_0040.npy,gen0207_A_nd_0040.npy
207,41,58.9145,899.074,gen0207_theta_nd_0041.npy,gen0207_A_nd_0041.npy
207,42,56.8236,895.32,gen0207_theta_nd_0042.npy,gen0207_A_nd_0042.npy
207,43,63.7679,908.195,gen0207_theta_nd_0043.npy,gen0207_A_nd_0043.npy
207,44,64.3823,908.979,gen0207_theta_nd_0044.npy,gen0207_A_nd_0044.npy
207,45,55.6782,893.114,gen0207_theta_nd_0045.npy,gen0207_A_nd_0045.npy
207,46,63.1996,906.596,gen0207_theta_nd_0046.npy,gen0207_A_nd_0046.npy
207,47,62.1226,904.403,gen0207_theta_nd_0047.npy,gen0207_A_nd_0047.npy
207,48,60.3561,901.96,gen0207_theta_nd_0048.npy,gen0207_A_nd_0048.npy
207,49,62.9239,906.425,gen0207_theta_nd_0049.npy,gen0207_A_nd_0049.npy
207,50,52.5104,887.384,gen0207_theta_nd_0050.npy,gen0207_A_nd_0050.npy
207,51,59.8203,900.661,gen0207_theta_nd_0051.npy,gen0207_A_nd_0051.npy
207,52,49.9351,882.544,gen0207_theta_nd_0052.npy,gen0207_A_nd_0052.npy
207,53,53.9373,889.792,gen0207_theta_nd_0053.npy,gen0207_A_nd_0053.npy
207,54,57.7369,897.027,gen0207_theta_nd_0054.npy,gen0207_A_nd_0054.npy
207,55,62.4009,904.927,gen0207_theta_nd_0055.npy,gen0207_A_nd_0055.npy
207,56,60.6166,902.386,gen0207_theta_nd_0056.npy,gen0207_A_nd_0056.npy
207,57,57.3987,896.592,gen0207_theta_nd_0057.npy,gen0207_A_nd_0057.npy
207,58,60.0146,901.409,gen0207_theta_nd_0058.npy,gen0207_A_nd_0058.npy
207,59,48.6425,879.661,gen0207_theta_nd_0059.npy,gen0207_A_nd_0059.npy
207,60,55.8503,893.366,gen0207_theta_nd_0060.npy,gen0207_A_nd_0060.npy
208,0,47.3012,877.417,gen0208_theta_nd_0000.npy,gen0208_A_nd_0000.npy
208,1,53.0032,888.486,gen0208_theta_nd_0001.npy,gen0208_A_nd_0001.npy
208,2,53.5166,889.527,gen0208_theta_nd_0002.npy,gen0208_A_nd_0002.npy
208,3,55.5259,892.643,gen0208_theta_nd_0003.npy,gen0208_A_nd_0003.npy
208,4,60.4609,901.9,gen0208_theta_nd_0004.npy,gen0208_A_nd_0004.npy
208,5,51.6397,885.754,gen0208_theta_nd_0005.npy,gen0208_A_nd_0005.npy
208,6,50.4536,883.439,gen0208_theta_nd_0006.npy,gen0208_A_nd_0006.npy
208,7,58.529,898.425,gen0208_theta_nd_0007.npy,gen0208_A_nd_0007.npy
208,8,55.6782,893.114,gen0208_theta_nd_0008.npy,gen0208_A_nd_0008.npy
208,9,52.1816,886.819,gen0208_theta_nd_0009.npy,gen0208_A_nd_0009.npy
208,10,48.9225,880.401,gen0208_theta_nd_0010.npy,gen0208_A_nd_0010.npy
208,11,62.6978,905.751,gen0208_theta_nd_0011.npy,gen0208_A_nd_0011.npy
208,12,48.1265,878.559,gen0208_theta_nd_0012.npy,gen0208_A_nd_0012.npy
208,13,53.432,888.791,gen0208_theta_nd_0013.npy,gen0208_A_nd_0013.npy
208,14,58.3057,898.207,gen0208_theta_nd_0014.npy,gen0208_A_nd_0014.npy
208,15,64.0665,908.603,gen0208_theta_nd_0015.npy,gen0208_A_nd_0015.npy
208,16,62.1226,904.403,gen0208_theta_nd_0016.npy,gen0208_A_nd_0016.npy
208,17,56.6396,894.963,gen0208_theta_nd_0017.npy,gen0208_A_nd_0017.npy
208,18,49.5245,881.314,gen0208_theta_nd_0018.npy,gen0208_A_nd_0018.npy
208,19,48.4402,879.058,gen0208_theta_nd_0019.npy,gen0208_A_nd_0019.npy
208,20,51.3405,885.229,gen0208_theta_nd_0020.npy,gen0208_A_nd_0020.npy
208,21,63.1996,906.596,gen0208_theta_nd_0021.npy,gen0208_A_nd_0021.npy
208,22,51.8359,886.408,gen0208_theta_nd_0022.npy,gen0208_A_nd_0022.npy
208,23,48.6526,879.674,gen0208_theta_nd_0023.npy,gen0208_A_nd_0023.npy
208,24,63.5189,907.82,gen0208_theta_nd_0024.npy,gen0208_A_nd_0024.npy
208,25,53.9373,889.792,gen0208_theta_nd_0025.npy,gen0208_A_nd_0025.npy
208,26,62.4009,904.927,gen0208_theta_nd_0026.npy,gen0208_A_nd_0026.npy
208,27,51.1269,884.849,gen0208_theta_nd_0027.npy,gen0208_A_nd_0027.npy
208,28,55.0672,891.901,gen0208_theta_nd_0028.npy,gen0208_A_nd_0028.npy
208,29,63.7679,908.195,gen0208_theta_nd_0029.npy,gen0208_A_nd_0029.npy
208,30,62.9239,906.425,gen0208_theta_nd_0030.npy,gen0208_A_nd_0030.npy
208,31,52.69,887.781,gen0208_theta_nd_0031.npy,gen0208_A_nd_0031.npy
208,32,60.9768,902.911,gen0208_theta_nd_0032.npy,gen0208_A_nd_0032.npy
208,33,57.0849,896.128,gen0208_theta_nd_0033.npy,gen0208_A_nd_0033.npy
208,34,58.9145,899.074,gen0208_theta_nd_0034.npy,gen0208_A_nd_0034.npy
208,35,57.3987,896.592,gen0208_theta_nd_0035.npy,gen0208_A_nd_0035.npy
208,36,49.6981,881.706,gen0208_theta_nd_0036.npy,gen0208_A_nd_0036.npy
208,37,49.9351,882.544,gen0208_theta_nd_0037.npy,gen0208_A_nd_0037.npy
208,38,54.5087,891.157,gen0208_theta_nd_0038.npy,gen0208_A_nd_0038.npy
208,39,60.0146,901.409,gen0208_theta_nd_0039.npy,gen0208_A_nd_0039.npy
208,40,47.195,877.092,gen0208_theta_nd_0040.npy,gen0208_A_nd_0040.npy
208,41,54.8912,891.592,gen0208_theta_nd_0041.npy,gen0208_A_nd_0041.npy
208,42,49.2663,880.874,gen0208_theta_nd_0042.npy,gen0208_A_nd_0042.npy
208,43,54.3559,890.476,gen0208_theta_nd_0043.npy,gen0208_A_nd_0043.npy
208,44,59.8203,900.661,gen0208_theta_nd_0044.npy,gen0208_A_nd_0044.npy
208,45,52.5104,887.384,gen0208_theta_nd_0045.npy,gen0208_A_nd_0045.npy
208,46,61.3159,903.293,gen0208_theta_nd_0046.npy,gen0208_A_nd_0046.npy
208,47,59.2196,899.651,gen0208_theta_nd_0047.npy,gen0208_A_nd_0047.npy
208,48,61.8687,904.338,gen0208_theta_nd_0048.npy,gen0208_A_nd_0048.npy
208,49,61.5154,903.593,gen0208_theta_nd_0049.npy,gen0208_A_nd_0049.npy
208,50,64.3823,908.979,gen0208_theta_nd_0050.npy,gen0208_A_nd_0050.npy
208,51,57.7369,897.027,gen0208_theta_nd_0051.npy,gen0208_A_nd_0051.npy
208,52,47.962,878.236,gen0208_theta_nd_0052.npy,gen0208_A_nd_0052.npy
208,53,56.1602,894.38,gen0208_theta_nd_0053.npy,gen0208_A_nd_0053.npy
208,54,56.8236,895.32,gen0208_theta_nd_0054.npy,gen0208_A_nd_0054.npy
208,55,60.6166,902.386,gen0208_theta_nd_0055.npy,gen0208_A_nd_0055.npy
208,56,50.8147,884.137,gen0208_theta_nd_0056.npy,gen0208_A_nd_0056.npy
208,57,55.991,893.689,gen0208_theta_nd_0057.npy,gen0208_A_nd_0057.npy
208,58,58.0866,897.592,gen0208_theta_nd_0058.npy,gen0208_A_nd_0058.npy
208,59,59.4104,900.072,gen0208_theta_nd_0059.npy,gen0208_A_nd_0059.npy
208,60,56.4478,894.745,gen0208_theta_nd_0060.npy,gen0208_A_nd_0060.npy
209,0,62.6978,905.751,gen0209_theta_nd_0000.npy,gen0209_A_nd_0000.npy
209,1,64.3823,908.979,gen0209_theta_nd_0001.npy,gen0209_A_nd_0001.npy
209,2,49.7062,882.068,gen0209_theta_nd_0002.npy,gen0209_A_nd_0002.npy
209,3,58.9145,899.074,gen0209_theta_nd_0003.npy,gen0209_A_nd_0003.npy
209,4,61.3159,903.293,gen0209_theta_nd_0004.npy,gen0209_A_nd_0004.npy
209,5,53.5166,889.527,gen0209_theta_nd_0005.npy,gen0209_A_nd_0005.npy
209,6,47.962,878.236,gen0209_theta_nd_0006.npy,gen0209_A_nd_0006.npy
209,7,58.6606,898.595,gen0209_theta_nd_0007.npy,gen0209_A_nd_0007.npy
209,8,58.0866,897.592,gen0209_theta_nd_0008.npy,gen0209_A_nd_0008.npy
209,9,54.3559,890.476,gen0209_theta_nd_0009.npy,gen0209_A_nd_0009.npy
209,10,54.8912,891.592,gen0209_theta_nd_0010.npy,gen0209_A_nd_0010.npy
209,11,56.1602,894.38,gen0209_theta_nd_0011.npy,gen0209_A_nd_0011.npy
209,12,50.8147,884.137,gen0209_theta_nd_0012.npy,gen0209_A_nd_0012.npy
209,13,60.0146,901.409,gen0209_theta_nd_0013.npy,gen0209_A_nd_0013.npy
209,14,59.2038,899.425,gen0209_theta_nd_0014.npy,gen0209_A_nd_0014.npy
209,15,63.5189,907.82,gen0209_theta_nd_0015.npy,gen0209_A_nd_0015.npy
209,16,63.072,906.202,gen0209_theta_nd_0016.npy,gen0209_A_nd_0016.npy
209,17,62.4009,904.927,gen0209_theta_nd_0017.npy,gen0209_A_nd_0017.npy
209,18,56.51,894.775,gen0209_theta_nd_0018.npy,gen0209_A_nd_0018.npy
209,19,48.4402,879.058,gen0209_theta_nd_0019.npy,gen0209_A_nd_0019.npy
209,20,55.5259,892.643,gen0209_theta_nd_0020.npy,gen0209_A_nd_0020.npy
209,21,48.9225,880.401,gen0209_theta_nd_0021.npy,gen0209_A_nd_0021.npy
209,22,60.4609,901.9,gen0209_theta_nd_0022.npy,gen0209_A_nd_0022.npy
209,23,56.8236,895.32,gen0209_theta_nd_0023.npy,gen0209_A_nd_0023.npy
209,24,64.0665,908.603,gen0209_theta_nd_0024.npy,gen0209_A_nd_0024.npy
209,25,63.1996,906.596,gen0209_theta_nd_0025.npy,gen0209_A_nd_0025.npy
209,26,47.3012,877.417,gen0209_theta_nd_0026.npy,gen0209_A_nd_0026.npy
209,27,53.432,888.791,gen0209_theta_nd_0027.npy,gen0209_A_nd_0027.npy
209,28,51.8359,886.408,gen0209_theta_nd_0028.npy,gen0209_A_nd_0028.npy
209,29,61.8687,904.338,gen0209_theta_nd_0029.npy,gen0209_A_nd_0029.npy
209,30,58.2958,898.074,gen0209_theta_nd_0030.npy,gen0209_A_nd_0030.npy
209,31,53.0032,888.486,gen0209_theta_nd_0031.npy,gen0209_A_nd_0031.npy
209,32,57.3987,896.592,gen0209_theta_nd_0032.npy,gen0209_A_nd_0032.npy
209,33,48.6526,879.674,gen0209_theta_nd_0033.npy,gen0209_A_nd_0033.npy
209,34,55.1638,892.107,gen0209_theta_nd_0034.npy,gen0209_A_nd_0034.npy
209,35,51.6397,885.754,gen0209_theta_nd_0035.npy,gen0209_A_nd_0035.npy
209,36,48.1265,878.559,gen0209_theta_nd_0036.npy,gen0209_A_nd_0036.npy
209,37,57.7369,897.027,gen0209_theta_nd_0037.npy,gen0209_A_nd_0037.npy
209,38,50.3008,883.107,gen0209_theta_nd_0038.npy,gen0209_A_nd_0038.npy
209,39,51.3405,885.229,gen0209_theta_nd_0039.npy,gen0209_A_nd_0039.npy
209,40,60.9768,902.911,gen0209_theta_nd_0040.npy,gen0209_A_nd_0040.npy
209,41,52.1816,886.819,gen0209_theta_nd_0041.npy,gen0209_A_nd_0041.npy
209,42,59.8203,900.661,gen0209_theta_nd_0042.npy,gen0209_A_nd_0042.npy
209,43,49.5245,881.314,gen0209_theta_nd_0043.npy,gen0209_A_nd_0043.npy
209,44,59.4104,900.072,gen0209_theta_nd_0044.npy,gen0209_A_nd_0044.npy
209,45,55.6782,893.114,gen0209_theta_nd_0045.npy,gen0209_A_nd_0045.npy
209,46,61.5216,903.654,gen0209_theta_nd_0046.npy,gen0209_A_nd_0046.npy
209,47,50.4536,883.439,gen0209_theta_nd_0047.npy,gen0209_A_nd_0047.npy
209,48,57.0849,896.128,gen0209_theta_nd_0048.npy,gen0209_A_nd_0048.npy
209,49,52.5104,887.384,gen0209_theta_nd_0049.npy,gen0209_A_nd_0049.npy
209,50,55.991,893.689,gen0209_theta_nd_0050.npy,gen0209_A_nd_0050.npy
209,51,54.5087,891.157,gen0209_theta_nd_0051.npy,gen0209_A_nd_0051.npy
209,52,51.1276,884.69,gen0209_theta_nd_0052.npy,gen0209_A_nd_0052.npy
209,53,60.6166,902.386,gen0209_theta_nd_0053.npy,gen0209_A_nd_0053.npy
209,54,63.7726,908.102,gen0209_theta_nd_0054.npy,gen0209_A_nd_0054.npy
209,55,52.69,887.781,gen0209_theta_nd_0055.npy,gen0209_A_nd_0055.npy
209,56,47.195,877.092,gen0209_theta_nd_0056.npy,gen0209_A_nd_0056.npy
209,57,62.1917,904.402,gen0209_theta_nd_0057.npy,gen0209_A_nd_0057.npy
209,58,49.2663,880.874,gen0209_theta_nd_0058.npy,gen0209_A_nd_0058.npy
209,59,53.9702,889.654,gen0209_theta_nd_0059.npy,gen0209_A_nd_0059.npy
209,60,48.0471,878.326,gen0209_theta_nd_0060.npy,gen0209_A_nd_0060.npy
210,0,52.4072,887.317,gen0210_theta_nd_0000.npy,gen0210_A_nd_0000.npy
210,1,60.6166,902.386,gen0210_theta_nd_0001.npy,gen0210_A_nd_0001.npy
210,2,58.0866,897.592,gen0210_theta_nd_0002.npy,gen0210_A_nd_0002.npy
210,3,47.962,878.236,gen0210_theta_nd_0003.npy,gen0210_A_nd_0003.npy
210,4,59.7187,900.648,gen0210_theta_nd_0004.npy,gen0210_A_nd_0004.npy
210,5,51.1276,884.69,gen0210_theta_nd_0005.npy,gen0210_A_nd_0005.npy
210,6,63.2485,907.332,gen0210_theta_nd_0006.npy,gen0210_A_nd_0006.npy
210,7,64.0665,908.603,gen0210_theta_nd_0007.npy,gen0210_A_nd_0007.npy
210,8,60.4609,901.9,gen0210_theta_nd_0008.npy,gen0210_A_nd_0008.npy
210,9,60.9768,902.911,gen0210_theta_nd_0009.npy,gen0210_A_nd_0009.npy
210,10,55.1638,892.107,gen0210_theta_nd_0010.npy,gen0210_A_nd_0010.npy
210,11,56.1602,894.38,gen0210_theta_nd_0011.npy,gen0210_A_nd_0011.npy
210,12,49.9118,882.208,gen0210_theta_nd_0012.npy,gen0210_A_nd_0012.npy
210,13,47.195,877.092,gen0210_theta_nd_0013.npy,gen0210_A_nd_0013.npy
210,14,58.6606,898.595,gen0210_theta_nd_0014.npy,gen0210_A_nd_0014.npy
210,15,57.0849,896.128,gen0210_theta_nd_0015.npy,gen0210_A_nd_0015.npy
210,16,64.3823,908.979,gen0210_theta_nd_0016.npy,gen0210_A_nd_0016.npy
210,17,59.4104,900.072,gen0210_theta_nd_0017.npy,gen0210_A_nd_0017.npy
210,18,61.5216,903.654,gen0210_theta_nd_0018.npy,gen0210_A_nd_0018.npy
210,19,49.5245,881.314,gen0210_theta_nd_0019.npy,gen0210_A_nd_0019.npy
210,20,53.432,888.791,gen0210_theta_nd_0020.npy,gen0210_A_nd_0020.npy
210,21,57.3987,896.592,gen0210_theta_nd_0021.npy,gen0210_A_nd_0021.npy
210,22,62.4009,904.927,gen0210_theta_nd_0022.npy,gen0210_A_nd_0022.npy
210,23,55.5259,892.643,gen0210_theta_nd_0023.npy,gen0210_A_nd_0023.npy
210,24,63.7726,908.102,gen0210_theta_nd_0024.npy,gen0210_A_nd_0024.npy
210,25,60.0146,901.409,gen0210_theta_nd_0025.npy,gen0210_A_nd_0025.npy
210,26,58.9145,899.074,gen0210_theta_nd_0026.npy,gen0210_A_nd_0026.npy
210,27,56.5124,894.72,gen0210_theta_nd_0027.npy,gen0210_A_nd_0027.npy
210,28,50.4536,883.439,gen0210_theta_nd_0028.npy,gen0210_A_nd_0028.npy
210,29,58.2958,898.074,gen0210_theta_nd_0029.npy,gen0210_A_nd_0029.npy
210,30,48.6526,879.674,gen0210_theta_nd_0030.npy,gen0210_A_nd_0030.npy
210,31,52.1816,886.819,gen0210_theta_nd_0031.npy,gen0210_A_nd_0031.npy
210,32,62.1456,904.32,gen0210_theta_nd_0032.npy,gen0210_A_nd_0032.npy
210,33,59.2038,899.425,gen0210_theta_nd_0033.npy,gen0210_A_nd_0033.npy
210,34,62.9897,906.124,gen0210_theta_nd_0034.npy,gen0210_A_nd_0034.npy
210,35,54.5852,890.853,gen0210_theta_nd_0035.npy,gen0210_A_nd_0035.npy
210,36,50.8147,884.137,gen0210_theta_nd_0036.npy,gen0210_A_nd_0036.npy
210,37,49.2663,880.874,gen0210_theta_nd_0037.npy,gen0210_A_nd_0037.npy
210,38,55.7608,893.108,gen0210_theta_nd_0038.npy,gen0210_A_nd_0038.npy
210,39,53.0032,888.486,gen0210_theta_nd_0039.npy,gen0210_A_nd_0039.npy
210,40,48.4402,879.058,gen0210_theta_nd_0040.npy,gen0210_A_nd_0040.npy
210,41,51.3405,885.229,gen0210_theta_nd_0041.npy,gen0210_A_nd_0041.npy
210,42,48.9225,880.401,gen0210_theta_nd_0042.npy,gen0210_A_nd_0042.npy
210,43,55.991,893.689,gen0210_theta_nd_0043.npy,gen0210_A_nd_0043.npy
210,44,54.8912,891.592,gen0210_theta_nd_0044.npy,gen0210_A_nd_0044.npy
210,45,47.3012,877.417,gen0210_theta_nd_0045.npy,gen0210_A_nd_0045.npy
210,46,52.69,887.781,gen0210_theta_nd_0046.npy,gen0210_A_nd_0046.npy
210,47,50.3008,883.107,gen0210_theta_nd_0047.npy,gen0210_A_nd_0047.npy
210,48,62.6978,905.751,gen0210_theta_nd_0048.npy,gen0210_A_nd_0048.npy
210,49,49.7062,882.068,gen0210_theta_nd_0049.npy,gen0210_A_nd_0049.npy
210,50,53.9702,889.654,gen0210_theta_nd_0050.npy,gen0210_A_nd_0050.npy
210,51,54.3559,890.476,gen0210_theta_nd_0051.npy,gen0210_A_nd_0051.npy
210,52,51.6397,885.754,gen0210_theta_nd_0052.npy,gen0210_A_nd_0052.npy
210,53,63.5189,907.82,gen0210_theta_nd_0053.npy,gen0210_A_nd_0053.npy
210,54,51.8359,886.408,gen0210_theta_nd_0054.npy,gen0210_A_nd_0054.npy
210,55,61.3159,903.293,gen0210_theta_nd_0055.npy,gen0210_A_nd_0055.npy
210,56,57.7369,897.027,gen0210_theta_nd_0056.npy,gen0210_A_nd_0056.npy
210,57,48.1265,878.559,gen0210_theta_nd_0057.npy,gen0210_A_nd_0057.npy
210,58,56.8236,895.32,gen0210_theta_nd_0058.npy,gen0210_A_nd_0058.npy
210,59,59.9383,901.112,gen0210_theta_nd_0059.npy,gen0210_A_nd_0059.npy
210,60,55.8443,893.463,gen0210_theta_nd_0060.npy,gen0210_A_nd_0060.npy
211,0,59.4104,900.072,gen0211_theta_nd_0000.npy,gen0211_A_nd_0000.npy
211,1,52.4182,887.291,gen0211_theta_nd_0001.npy,gen0211_A_nd_0001.npy
211,2,62.1456,904.32,gen0211_theta_nd_0002.npy,gen0211_A_nd_0002.npy
211,3,51.8359,886.408,gen0211_theta_nd_0003.npy,gen0211_A_nd_0003.npy
211,4,62.6978,905.751,gen0211_theta_nd_0004.npy,gen0211_A_nd_0004.npy
211,5,50.5032,883.569,gen0211_theta_nd_0005.npy,gen0211_A_nd_0005.npy
211,6,49.2663,880.874,gen0211_theta_nd_0006.npy,gen0211_A_nd_0006.npy
211,7,62.9848,906.012,gen0211_theta_nd_0007.npy,gen0211_A_nd_0007.npy
211,8,47.3012,877.417,gen0211_theta_nd_0008.npy,gen0211_A_nd_0008.npy
211,9,58.0866,897.592,gen0211_theta_nd_0009.npy,gen0211_A_nd_0009.npy
211,10,51.1276,884.69,gen0211_theta_nd_0010.npy,gen0211_A_nd_0010.npy
211,11,53.432,888.791,gen0211_theta_nd_0011.npy,gen0211_A_nd_0011.npy
211,12,55.4736,892.568,gen0211_theta_nd_0012.npy,gen0211_A_nd_0012.npy
211,13,60.9768,902.911,gen0211_theta_nd_0013.npy,gen0211_A_nd_0013.npy
211,14,55.7608,893.108,gen0211_theta_nd_0014.npy,gen0211_A_nd_0014.npy
211,15,54.3559,890.476,gen0211_theta_nd_0015.npy,gen0211_A_nd_0015.npy
211,16,60.6166,902.386,gen0211_theta_nd_0016.npy,gen0211_A_nd_0016.npy
211,17,47.962,878.236,gen0211_theta_nd_0017.npy,gen0211_A_nd_0017.npy
211,18,55.991,893.689,gen0211_theta_nd_0018.npy,gen0211_A_nd_0018.npy
211,19,48.1303,878.59,gen0211_theta_nd_0019.npy,gen0211_A_nd_0019.npy
211,20,50.8147,884.137,gen0211_theta_nd_0020.npy,gen0211_A_nd_0020.npy
211,21,48.9221,880.398,gen0211_theta_nd_0021.npy,gen0211_A_nd_0021.npy
211,22,51.3405,885.229,gen0211_theta_nd_0022.npy,gen0211_A_nd_0022.npy
211,23,48.6526,879.674,gen0211_theta_nd_0023.npy,gen0211_A_nd_0023.npy
211,24,56.8236,895.32,gen0211_theta_nd_0024.npy,gen0211_A_nd_0024.npy
211,25,60.0942,901.304,gen0211_theta_nd_0025.npy,gen0211_A_nd_0025.npy
211,26,64.3823,908.979,gen0211_theta_nd_0026.npy,gen0211_A_nd_0026.npy
211,27,56.3158,894.321,gen0211_theta_nd_0027.npy,gen0211_A_nd_0027.npy
211,28,54.8912,891.592,gen0211_theta_nd_0028.npy,gen0211_A_nd_0028.npy
211,29,58.6606,898.595,gen0211_theta_nd_0029.npy,gen0211_A_nd_0029.npy
211,30,49.5245,881.314,gen0211_theta_nd_0030.npy,gen0211_A_nd_0030.npy
211,31,58.2958,898.074,gen0211_theta_nd_0031.npy,gen0211_A_nd_0031.npy
211,32,62.4009,904.927,gen0211_theta_nd_0032.npy,gen0211_A_nd_0032.npy
211,33,54.5852,890.853,gen0211_theta_nd_0033.npy,gen0211_A_nd_0033.npy
211,34,59.7187,900.648,gen0211_theta_nd_0034.npy,gen0211_A_nd_0034.npy
211,35,50.2778,882.924,gen0211_theta_nd_0035.npy,gen0211_A_nd_0035.npy
211,36,56.5124,894.72,gen0211_theta_nd_0036.npy,gen0211_A_nd_0036.npy
211,37,49.9831,882.361,gen0211_theta_nd_0037.npy,gen0211_A_nd_0037.npy
211,38,63.5189,907.82,gen0211_theta_nd_0038.npy,gen0211_A_nd_0038.npy
211,39,47.195,877.092,gen0211_theta_nd_0039.npy,gen0211_A_nd_0039.npy
211,40,57.3987,896.592,gen0211_theta_nd_0040.npy,gen0211_A_nd_0040.npy
211,41,60.4609,901.9,gen0211_theta_nd_0041.npy,gen0211_A_nd_0041.npy
211,42,64.0665,908.603,gen0211_theta_nd_0042.npy,gen0211_A_nd_0042.npy
211,43,57.0849,896.128,gen0211_theta_nd_0043.npy,gen0211_A_nd_0043.npy
211,44,61.5216,903.654,gen0211_theta_nd_0044.npy,gen0211_A_nd_0044.npy
211,45,58.9145,899.074,gen0211_theta_nd_0045.npy,gen0211_A_nd_0045.npy
211,46,52.1816,886.819,gen0211_theta_nd_0046.npy,gen0211_A_nd_0046.npy
211,47,48.4402,879.058,gen0211_theta_nd_0047.npy,gen0211_A_nd_0047.npy
211,48,51.6397,885.754,gen0211_theta_nd_0048.npy,gen0211_A_nd_0048.npy
211,49,57.7369,897.027,gen0211_theta_nd_0049.npy,gen0211_A_nd_0049.npy
211,50,61.3159,903.293,gen0211_theta_nd_0050.npy,gen0211_A_nd_0050.npy
211,51,52.69,887.781,gen0211_theta_nd_0051.npy,gen0211_A_nd_0051.npy
211,52,59.2172,899.423,gen0211_theta_nd_0052.npy,gen0211_A_nd_0052.npy
211,53,63.7726,908.102,gen0211_theta_nd_0053.npy,gen0211_A_nd_0053.npy
211,54,49.7062,882.068,gen0211_theta_nd_0054.npy,gen0211_A_nd_0054.npy
211,55,53.0032,888.486,gen0211_theta_nd_0055.npy,gen0211_A_nd_0055.npy
211,56,53.9702,889.654,gen0211_theta_nd_0056.npy,gen0211_A_nd_0056.npy
211,57,63.2485,907.332,gen0211_theta_nd_0057.npy,gen0211_A_nd_0057.npy
211,58,55.1758,892.024,gen0211_theta_nd_0058.npy,gen0211_A_nd_0058.npy
211,59,54.7421,891.257,gen0211_theta_nd_0059.npy,gen0211_A_nd_0059.npy
211,60,49.9118,882.208,gen0211_theta_nd_0060.npy,gen0211_A_nd_0060.npy
212,0,52.7664,887.758,gen0212_theta_nd_0000.npy,gen0212_A_nd_0000.npy
212,1,51.1276,884.69,gen0212_theta_nd_0001.npy,gen0212_A_nd_0001.npy
212,2,47.195,877.092,gen0212_theta_nd_0002.npy,gen0212_A_nd_0002.npy
212,3,51.6397,885.754,gen0212_theta_nd_0003.npy,gen0212_A_nd_0003.npy
212,4,52.4182,887.291,gen0212_theta_nd_0004.npy,gen0212_A_nd_0004.npy
212,5,62.9848,906.012,gen0212_theta_nd_0005.npy,gen0212_A_nd_0005.npy
212,6,60.0463,901.25,gen0212_theta_nd_0006.npy,gen0212_A_nd_0006.npy
212,7,54.3559,890.476,gen0212_theta_nd_0007.npy,gen0212_A_nd_0007.npy
212,8,55.4736,892.568,gen0212_theta_nd_0008.npy,gen0212_A_nd_0008.npy
212,9,63.2485,907.332,gen0212_theta_nd_0009.npy,gen0212_A_nd_0009.npy
212,10,49.5245,881.314,gen0212_theta_nd_0010.npy,gen0212_A_nd_0010.npy
212,11,51.9563,886.154,gen0212_theta_nd_0011.npy,gen0212_A_nd_0011.npy
212,12,54.0487,890.082,gen0212_theta_nd_0012.npy,gen0212_A_nd_0012.npy
212,13,54.6613,890.993,gen0212_theta_nd_0013.npy,gen0212_A_nd_0013.npy
212,14,61.3273,903.275,gen0212_theta_nd_0014.npy,gen0212_A_nd_0014.npy
212,15,56.5124,894.72,gen0212_theta_nd_0015.npy,gen0212_A_nd_0015.npy
212,16,57.3987,896.592,gen0212_theta_nd_0016.npy,gen0212_A_nd_0016.npy
212,17,58.3026,897.872,gen0212_theta_nd_0017.npy,gen0212_A_nd_0017.npy
212,18,52.1816,886.819,gen0212_theta_nd_0018.npy,gen0212_A_nd_0018.npy
212,19,47.962,878.236,gen0212_theta_nd_0019.npy,gen0212_A_nd_0019.npy
212,20,62.4009,904.927,gen0212_theta_nd_0020.npy,gen0212_A_nd_0020.npy
212,21,59.4104,900.072,gen0212_theta_nd_0021.npy,gen0212_A_nd_0021.npy
212,22,58.9145,899.074,gen0212_theta_nd_0022.npy,gen0212_A_nd_0022.npy
212,23,64.3823,908.979,gen0212_theta_nd_0023.npy,gen0212_A_nd_0023.npy
212,24,55.7608,893.108,gen0212_theta_nd_0024.npy,gen0212_A_nd_0024.npy
212,25,56.3158,894.321,gen0212_theta_nd_0025.npy,gen0212_A_nd_0025.npy
212,26,62.1456,904.32,gen0212_theta_nd_0026.npy,gen0212_A_nd_0026.npy
212,27,48.9221,880.398,gen0212_theta_nd_0027.npy,gen0212_A_nd_0027.npy
212,28,58.0866,897.592,gen0212_theta_nd_0028.npy,gen0212_A_nd_0028.npy
212,29,53.0032,888.486,gen0212_theta_nd_0029.npy,gen0212_A_nd_0029.npy
212,30,60.21,901.714,gen0212_theta_nd_0030.npy,gen0212_A_nd_0030.npy
212,31,51.3405,885.229,gen0212_theta_nd_0031.npy,gen0212_A_nd_0031.npy
212,32,60.9768,902.911,gen0212_theta_nd_0032.npy,gen0212_A_nd_0032.npy
212,33,49.9831,882.361,gen0212_theta_nd_0033.npy,gen0212_A_nd_0033.npy
212,34,64.0665,908.603,gen0212_theta_nd_0034.npy,gen0212_A_nd_0034.npy
212,35,60.6166,902.386,gen0212_theta_nd_0035.npy,gen0212_A_nd_0035.npy
212,36,48.1303,878.59,gen0212_theta_nd_0036.npy,gen0212_A_nd_0036.npy
212,37,49.7062,882.068,gen0212_theta_nd_0037.npy,gen0212_A_nd_0037.npy
212,38,59.7187,900.648,gen0212_theta_nd_0038.npy,gen0212_A_nd_0038.npy
212,39,58.6606,898.595,gen0212_theta_nd_0039.npy,gen0212_A_nd_0039.npy
212,40,48.5024,879.138,gen0212_theta_nd_0040.npy,gen0212_A_nd_0040.npy
212,41,50.5032,883.569,gen0212_theta_nd_0041.npy,gen0212_A_nd_0041.npy
212,42,63.7726,908.102,gen0212_theta_nd_0042.npy,gen0212_A_nd_0042.npy
212,43,47.3012,877.417,gen0212_theta_nd_0043.npy,gen0212_A_nd_0043.npy
212,44,56.8236,895.32,gen0212_theta_nd_0044.npy,gen0212_A_nd_0044.npy
212,45,50.8147,884.137,gen0212_theta_nd_0045.npy,gen0212_A_nd_0045.npy
212,46,55.991,893.689,gen0212_theta_nd_0046.npy,gen0212_A_nd_0046.npy
212,47,57.0849,896.128,gen0212_theta_nd_0047.npy,gen0212_A_nd_0047.npy
212,48,59.2172,899.423,gen0212_theta_nd_0048.npy,gen0212_A_nd_0048.npy
212,49,54.8912,891.592,gen0212_theta_nd_0049.npy,gen0212_A_nd_0049.npy
212,50,48.6526,879.674,gen0212_theta_nd_0050.npy,gen0212_A_nd_0050.npy
212,51,61.5216,903.654,gen0212_theta_nd_0051.npy,gen0212_A_nd_0051.npy
212,52,55.1758,892.024,gen0212_theta_nd_0052.npy,gen0212_A_nd_0052.npy
212,53,53.432,888.791,gen0212_theta_nd_0053.npy,gen0212_A_nd_0053.npy
212,54,62.6978,905.751,gen0212_theta_nd_0054.npy,gen0212_A_nd_0054.npy
212,55,49.2375,880.818,gen0212_theta_nd_0055.npy,gen0212_A_nd_0055.npy
212,56,50.2778,882.924,gen0212_theta_nd_0056.npy,gen0212_A_nd_0056.npy
212,57,57.7369,897.027,gen0212_theta_nd_0057.npy,gen0212_A_nd_0057.npy
212,58,63.5189,907.82,gen0212_theta_nd_0058.npy,gen0212_A_nd_0058.npy
212,59,62.7895,905.937,gen0212_theta_nd_0059.npy,gen0212_A_nd_0059.npy
212,60,61.4542,903.514,gen0212_theta_nd_0060.npy,gen0212_A_nd_0060.npy
213,0,63.7954,908.246,gen0213_theta_nd_0000.npy,gen0213_A_nd_0000.npy
213,1,51.7046,886.0,gen0213_theta_nd_0001.npy,gen0213_A_nd_0001.npy
213,2,54.7601,891.261,gen0213_theta_nd_0002.npy,gen0213_A_nd_0002.npy
213,3,48.9221,880.398,gen0213_theta_nd_0003.npy,gen0213_A_nd_0003.npy
213,4,57.3987,896.592,gen0213_theta_nd_0004.npy,gen0213_A_nd_0004.npy
213,5,57.0849,896.128,gen0213_theta_nd_0005.npy,gen0213_A_nd_0005.npy
213,6,58.6606,898.595,gen0213_theta_nd_0006.npy,gen0213_A_nd_0006.npy
213,7,50.2778,882.924,gen0213_theta_nd_0007.npy,gen0213_A_nd_0007.npy
213,8,50.6395,883.662,gen0213_theta_nd_0008.npy,gen0213_A_nd_0008.npy
213,9,51.1276,884.69,gen0213_theta_nd_0009.npy,gen0213_A_nd_0009.npy
213,10,55.5996,893.102,gen0213_theta_nd_0010.npy,gen0213_A_nd_0010.npy
213,11,52.7713,888.204,gen0213_theta_nd_0011.npy,gen0213_A_nd_0011.npy
213,12,62.6978,905.751,gen0213_theta_nd_0012.npy,gen0213_A_nd_0012.npy
213,13,50.8147,884.137,gen0213_theta_nd_0013.npy,gen0213_A_nd_0013.npy
213,14,57.8664,897.12,gen0213_theta_nd_0014.npy,gen0213_A_nd_0014.npy
213,15,49.2375,880.818,gen0213_theta_nd_0015.npy,gen0213_A_nd_0015.npy
213,16,58.3026,897.872,gen0213_theta_nd_0016.npy,gen0213_A_nd_0016.npy
213,17,55.4736,892.568,gen0213_theta_nd_0017.npy,gen0213_A_nd_0017.npy
213,18,52.7664,887.758,gen0213_theta_nd_0018.npy,gen0213_A_nd_0018.npy
213,19,47.0438,876.738,gen0213_theta_nd_0019.npy,gen0213_A_nd_0019.npy
213,20,63.0005,906.003,gen0213_theta_nd_0020.npy,gen0213_A_nd_0020.npy
213,21,59.7187,900.648,gen0213_theta_nd_0021.npy,gen0213_A_nd_0021.npy
213,22,53.432,888.791,gen0213_theta_nd_0022.npy,gen0213_A_nd_0022.npy
213,23,60.2149,902.135,gen0213_theta_nd_0023.npy,gen0213_A_nd_0023.npy
213,24,48.7642,879.538,gen0213_theta_nd_0024.npy,gen0213_A_nd_0024.npy
213,25,55.991,893.689,gen0213_theta_nd_0025.npy,gen0213_A_nd_0025.npy
213,26,56.5124,894.72,gen0213_theta_nd_0026.npy,gen0213_A_nd_0026.npy
213,27,52.3625,887.169,gen0213_theta_nd_0027.npy,gen0213_A_nd_0027.npy
213,28,56.1533,893.876,gen0213_theta_nd_0028.npy,gen0213_A_nd_0028.npy
213,29,64.3823,908.979,gen0213_theta_nd_0029.npy,gen0213_A_nd_0029.npy
213,30,56.7319,895.28,gen0213_theta_nd_0030.npy,gen0213_A_nd_0030.npy
213,31,63.2485,907.332,gen0213_theta_nd_0031.npy,gen0213_A_nd_0031.npy
213,32,64.0665,908.603,gen0213_theta_nd_0032.npy,gen0213_A_nd_0032.npy
213,33,60.9768,902.911,gen0213_theta_nd_0033.npy,gen0213_A_nd_0033.npy
213,34,55.1758,892.024,gen0213_theta_nd_0034.npy,gen0213_A_nd_0034.npy
213,35,51.3405,885.229,gen0213_theta_nd_0035.npy,gen0213_A_nd_0035.npy
213,36,53.6963,889.363,gen0213_theta_nd_0036.npy,gen0213_A_nd_0036.npy
213,37,52.1816,886.819,gen0213_theta_nd_0037.npy,gen0213_A_nd_0037.npy
213,38,61.8762,904.159,gen0213_theta_nd_0038.npy,gen0213_A_nd_0038.npy
213,39,47.3012,877.417,gen0213_theta_nd_0039.npy,gen0213_A_nd_0039.npy
213,40,58.9145,899.074,gen0213_theta_nd_0040.npy,gen0213_A_nd_0040.npy
213,41,61.5216,903.654,gen0213_theta_nd_0041.npy,gen0213_A_nd_0041.npy
213,42,49.7628,881.925,gen0213_theta_nd_0042.npy,gen0213_A_nd_0042.npy
213,43,59.2172,899.423,gen0213_theta_nd_0043.npy,gen0213_A_nd_0043.npy
213,44,61.3273,903.275,gen0213_theta_nd_0044.npy,gen0213_A_nd_0044.npy
213,45,60.0463,901.25,gen0213_theta_nd_0045.npy,gen0213_A_nd_0045.npy
213,46,57.7369,897.027,gen0213_theta_nd_0046.npy,gen0213_A_nd_0046.npy
213,47,62.1456,904.32,gen0213_theta_nd_0047.npy,gen0213_A_nd_0047.npy
213,48,54.6613,890.993,gen0213_theta_nd_0048.npy,gen0213_A_nd_0048.npy
213,49,62.4009,904.927,gen0213_theta_nd_0049.npy,gen0213_A_nd_0049.npy
213,50,54.2143,890.287,gen0213_theta_nd_0050.npy,gen0213_A_nd_0050.npy
213,51,50.5499,883.382,gen0213_theta_nd_0051.npy,gen0213_A_nd_0051.npy
213,52,47.962,878.236,gen0213_theta_nd_0052.npy,gen0213_A_nd_0052.npy
213,53,59.4104,900.072,gen0213_theta_nd_0053.npy,gen0213_A_nd_0053.npy
213,54,49.5245,881.314,gen0213_theta_nd_0054.npy,gen0213_A_nd_0054.npy
213,55,60.6166,902.386,gen0213_theta_nd_0055.npy,gen0213_A_nd_0055.npy
213,56,63.5189,907.82,gen0213_theta_nd_0056.npy,gen0213_A_nd_0056.npy
213,57,48.5024,879.138,gen0213_theta_nd_0057.npy,gen0213_A_nd_0057.npy
213,58,56.9017,895.327,gen0213_theta_nd_0058.npy,gen0213_A_nd_0058.npy
213,59,62.7895,905.937,gen0213_theta_nd_0059.npy,gen0213_A_nd_0059.npy
213,60,62.2887,904.832,gen0213_theta_nd_0060.npy,gen0213_A_nd_0060.npy
214,0,55.304,892.338,gen0214_theta_nd_0000.npy,gen0214_A_nd_0000.npy
214,1,59.2172,899.423,gen0214_theta_nd_0001.npy,gen0214_A_nd_0001.npy
214,2,60.0463,901.25,gen0214_theta_nd_0002.npy,gen0214_A_nd_0002.npy
214,3,47.0438,876.738,gen0214_theta_nd_0003.npy,gen0214_A_nd_0003.npy
214,4,58.3026,897.872,gen0214_theta_nd_0004.npy,gen0214_A_nd_0004.npy
214,5,57.873,897.505,gen0214_theta_nd_0005.npy,gen0214_A_nd_0005.npy
214,6,64.3823,908.979,gen0214_theta_nd_0006.npy,gen0214_A_nd_0006.npy
214,7,58.9145,899.074,gen0214_theta_nd_0007.npy,gen0214_A_nd_0007.npy
214,8,53.6517,889.142,gen0214_theta_nd_0008.npy,gen0214_A_nd_0008.npy
214,9,54.6613,890.993,gen0214_theta_nd_0009.npy,gen0214_A_nd_0009.npy
214,10,63.5189,907.82,gen0214_theta_nd_0010.npy,gen0214_A_nd_0010.npy
214,11,48.5452,879.122,gen0214_theta_nd_0011.npy,gen0214_A_nd_0011.npy
214,12,51.4951,885.674,gen0214_theta_nd_0012.npy,gen0214_A_nd_0012.npy
214,13,55.991,893.689,gen0214_theta_nd_0013.npy,gen0214_A_nd_0013.npy
214,14,63.1924,907.08,gen0214_theta_nd_0014.npy,gen0214_A_nd_0014.npy
214,15,47.5968,878.021,gen0214_theta_nd_0015.npy,gen0214_A_nd_0015.npy
214,16,63.7954,908.246,gen0214_theta_nd_0016.npy,gen0214_A_nd_0016.npy
214,17,51.9288,886.535,gen0214_theta_nd_0017.npy,gen0214_A_nd_0017.npy
214,18,52.3625,887.169,gen0214_theta_nd_0018.npy,gen0214_A_nd_0018.npy
214,19,60.368,901.69,gen0214_theta_nd_0019.npy,gen0214_A_nd_0019.npy
214,20,62.1456,904.32,gen0214_theta_nd_0020.npy,gen0214_A_nd_0020.npy
214,21,47.3012,877.417,gen0214_theta_nd_0021.npy,gen0214_A_nd_0021.npy
214,22,64.0665,908.603,gen0214_theta_nd_0022.npy,gen0214_A_nd_0022.npy
214,23,49.2535,880.812,gen0214_theta_nd_0023.npy,gen0214_A_nd_0023.npy
214,24,53.432,888.791,gen0214_theta_nd_0024.npy,gen0214_A_nd_0024.npy
214,25,62.6978,905.751,gen0214_theta_nd_0025.npy,gen0214_A_nd_0025.npy
214,26,57.0849,896.128,gen0214_theta_nd_0026.npy,gen0214_A_nd_0026.npy
214,27,48.9221,880.398,gen0214_theta_nd_0027.npy,gen0214_A_nd_0027.npy
214,28,50.2873,882.87,gen0214_theta_nd_0028.npy,gen0214_A_nd_0028.npy
214,29,50.9537,884.448,gen0214_theta_nd_0029.npy,gen0214_A_nd_0029.npy
214,30,61.3273,903.275,gen0214_theta_nd_0030.npy,gen0214_A_nd_0030.npy
214,31,55.1993,891.965,gen0214_theta_nd_0031.npy,gen0214_A_nd_0031.npy
214,32,55.5996,893.102,gen0214_theta_nd_0032.npy,gen0214_A_nd_0032.npy
214,33,62.4009,904.927,gen0214_theta_nd_0033.npy,gen0214_A_nd_0033.npy
214,34,56.1533,893.876,gen0214_theta_nd_0034.npy,gen0214_A_nd_0034.npy
214,35,54.7601,891.261,gen0214_theta_nd_0035.npy,gen0214_A_nd_0035.npy
214,36,47.962,878.236,gen0214_theta_nd_0036.npy,gen0214_A_nd_0036.npy
214,37,51.7046,886.0,gen0214_theta_nd_0037.npy,gen0214_A_nd_0037.npy
214,38,61.5216,903.654,gen0214_theta_nd_0038.npy,gen0214_A_nd_0038.npy
214,39,50.4578,883.325,gen0214_theta_nd_0039.npy,gen0214_A_nd_0039.npy
214,40,59.7187,900.648,gen0214_theta_nd_0040.npy,gen0214_A_nd_0040.npy
214,41,60.6166,902.386,gen0214_theta_nd_0041.npy,gen0214_A_nd_0041.npy
214,42,48.6104,879.248,gen0214_theta_nd_0042.npy,gen0214_A_nd_0042.npy
214,43,63.0005,906.003,gen0214_theta_nd_0043.npy,gen0214_A_nd_0043.npy
214,44,59.4276,899.775,gen0214_theta_nd_0044.npy,gen0214_A_nd_0044.npy
214,45,54.2143,890.287,gen0214_theta_nd_0045.npy,gen0214_A_nd_0045.npy
214,46,56.7319,895.28,gen0214_theta_nd_0046.npy,gen0214_A_nd_0046.npy
214,47,57.3987,896.592,gen0214_theta_nd_0047.npy,gen0214_A_nd_0047.npy
214,48,57.7369,897.027,gen0214_theta_nd_0048.npy,gen0214_A_nd_0048.npy
214,49,52.7713,888.204,gen0214_theta_nd_0049.npy,gen0214_A_nd_0049.npy
214,50,51.1276,884.69,gen0214_theta_nd_0050.npy,gen0214_A_nd_0050.npy
214,51,58.5331,898.387,gen0214_theta_nd_0051.npy,gen0214_A_nd_0051.npy
214,52,52.7664,887.758,gen0214_theta_nd_0052.npy,gen0214_A_nd_0052.npy
214,53,61.8762,904.159,gen0214_theta_nd_0053.npy,gen0214_A_nd_0053.npy
214,54,56.5124,894.72,gen0214_theta_nd_0054.npy,gen0214_A_nd_0054.npy
214,55,60.9768,902.911,gen0214_theta_nd_0055.npy,gen0214_A_nd_0055.npy
214,56,49.8286,882.251,gen0214_theta_nd_0056.npy,gen0214_A_nd_0056.npy
214,57,50.6395,883.662,gen0214_theta_nd_0057.npy,gen0214_A_nd_0057.npy
214,58,49.7112,881.464,gen0214_theta_nd_0058.npy,gen0214_A_nd_0058.npy
214,59,59.9295,901.134,gen0214_theta_nd_0059.npy,gen0214_A_nd_0059.npy
214,60,55.4736,892.568,gen0214_theta_nd_0060.npy,gen0214_A_nd_0060.npy
215,0,51.9288,886.535,gen0215_theta_nd_0000.npy,gen0215_A_nd_0000.npy
215,1,63.5317,907.402,gen0215_theta_nd_0001.npy,gen0215_A_nd_0001.npy
215,2,56.5124,894.72,gen0215_theta_nd_0002.npy,gen0215_A_nd_0002.npy
215,3,60.368,901.69,gen0215_theta_nd_0003.npy,gen0215_A_nd_0003.npy
215,4,61.7945,903.97,gen0215_theta_nd_0004.npy,gen0215_A_nd_0004.npy
215,5,50.2873,882.87,gen0215_theta_nd_0005.npy,gen0215_A_nd_0005.npy
215,6,48.8235,879.74,gen0215_theta_nd_0006.npy,gen0215_A_nd_0006.npy
215,7,58.3026,897.872,gen0215_theta_nd_0007.npy,gen0215_A_nd_0007.npy
215,8,50.9537,884.448,gen0215_theta_nd_0008.npy,gen0215_A_nd_0008.npy
215,9,56.1937,894.433,gen0215_theta_nd_0009.npy,gen0215_A_nd_0009.npy
215,10,48.5452,879.122,gen0215_theta_nd_0010.npy,gen0215_A_nd_0010.npy
215,11,51.529,885.671,gen0215_theta_nd_0011.npy,gen0215_A_nd_0011.npy
215,12,62.4009,904.927,gen0215_theta_nd_0012.npy,gen0215_A_nd_0012.npy
215,13,55.5996,893.102,gen0215_theta_nd_0013.npy,gen0215_A_nd_0013.npy
215,14,57.3987,896.592,gen0215_theta_nd_0014.npy,gen0215_A_nd_0014.npy
215,15,52.7713,888.204,gen0215_theta_nd_0015.npy,gen0215_A_nd_0015.npy
215,16,53.6517,889.142,gen0215_theta_nd_0016.npy,gen0215_A_nd_0016.npy
215,17,50.6395,883.662,gen0215_theta_nd_0017.npy,gen0215_A_nd_0017.npy
215,18,55.1206,891.955,gen0215_theta_nd_0018.npy,gen0215_A_nd_0018.npy
215,19,58.9145,899.074,gen0215_theta_nd_0019.npy,gen0215_A_nd_0019.npy
215,20,60.0077,901.132,gen0215_theta_nd_0020.npy,gen0215_A_nd_0020.npy
215,21,48.6104,879.248,gen0215_theta_nd_0021.npy,gen0215_A_nd_0021.npy
215,22,64.0665,908.603,gen0215_theta_nd_0022.npy,gen0215_A_nd_0022.npy
215,23,58.5641,898.196,gen0215_theta_nd_0023.npy,gen0215_A_nd_0023.npy
215,24,47.3012,877.417,gen0215_theta_nd_0024.npy,gen0215_A_nd_0024.npy
215,25,60.6166,902.386,gen0215_theta_nd_0025.npy,gen0215_A_nd_0025.npy
215,26,59.7187,900.648,gen0215_theta_nd_0026.npy,gen0215_A_nd_0026.npy
215,27,61.3273,903.275,gen0215_theta_nd_0027.npy,gen0215_A_nd_0027.npy
215,28,57.873,897.505,gen0215_theta_nd_0028.npy,gen0215_A_nd_0028.npy
215,29,49.8286,882.251,gen0215_theta_nd_0029.npy,gen0215_A_nd_0029.npy
215,30,52.3625,887.169,gen0215_theta_nd_0030.npy,gen0215_A_nd_0030.npy
215,31,53.7987,889.482,gen0215_theta_nd_0031.npy,gen0215_A_nd_0031.npy
215,32,51.7046,886.0,gen0215_theta_nd_0032.npy,gen0215_A_nd_0032.npy
215,33,51.1891,884.886,gen0215_theta_nd_0033.npy,gen0215_A_nd_0033.npy
215,34,54.7601,891.261,gen0215_theta_nd_0034.npy,gen0215_A_nd_0034.npy
215,35,50.3495,883.307,gen0215_theta_nd_0035.npy,gen0215_A_nd_0035.npy
215,36,60.9768,902.911,gen0215_theta_nd_0036.npy,gen0215_A_nd_0036.npy
215,37,61.5216,903.654,gen0215_theta_nd_0037.npy,gen0215_A_nd_0037.npy
215,38,59.2172,899.423,gen0215_theta_nd_0038.npy,gen0215_A_nd_0038.npy
215,39,56.7319,895.28,gen0215_theta_nd_0039.npy,gen0215_A_nd_0039.npy
215,40,49.7112,881.464,gen0215_theta_nd_0040.npy,gen0215_A_nd_0040.npy
215,41,47.962,878.236,gen0215_theta_nd_0041.npy,gen0215_A_nd_0041.npy
215,42,49.2535,880.812,gen0215_theta_nd_0042.npy,gen0215_A_nd_0042.npy
215,43,59.4276,899.775,gen0215_theta_nd_0043.npy,gen0215_A_nd_0043.npy
215,44,63.1924,907.08,gen0215_theta_nd_0044.npy,gen0215_A_nd_0044.npy
215,45,62.6978,905.751,gen0215_theta_nd_0045.npy,gen0215_A_nd_0045.npy
215,46,63.0005,906.003,gen0215_theta_nd_0046.npy,gen0215_A_nd_0046.npy
215,47,64.3823,908.979,gen0215_theta_nd_0047.npy,gen0215_A_nd_0047.npy
215,48,47.0438,876.738,gen0215_theta_nd_0048.npy,gen0215_A_nd_0048.npy
215,49,52.7664,887.758,gen0215_theta_nd_0049.npy,gen0215_A_nd_0049.npy
215,50,62.1456,904.32,gen0215_theta_nd_0050.npy,gen0215_A_nd_0050.npy
215,51,53.432,888.791,gen0215_theta_nd_0051.npy,gen0215_A_nd_0051.npy
215,52,63.7954,908.246,gen0215_theta_nd_0052.npy,gen0215_A_nd_0052.npy
215,53,55.3624,892.404,gen0215_theta_nd_0053.npy,gen0215_A_nd_0053.npy
215,54,55.8514,893.428,gen0215_theta_nd_0054.npy,gen0215_A_nd_0054.npy
215,55,47.5968,878.021,gen0215_theta_nd_0055.npy,gen0215_A_nd_0055.npy
215,56,49.0436,880.301,gen0215_theta_nd_0056.npy,gen0215_A_nd_0056.npy
215,57,57.7369,897.027,gen0215_theta_nd_0057.npy,gen0215_A_nd_0057.npy
215,58,54.3549,890.968,gen0215_theta_nd_0058.npy,gen0215_A_nd_0058.npy
215,59,54.2143,890.287,gen0215_theta_nd_0059.npy,gen0215_A_nd_0059.npy
215,60,57.0849,896.128,gen0215_theta_nd_0060.npy,gen0215_A_nd_0060.npy
216,0,55.5996,893.102,gen0216_theta_nd_0000.npy,gen0216_A_nd_0000.npy
216,1,47.3012,877.417,gen0216_theta_nd_0001.npy,gen0216_A_nd_0001.npy
216,2,60.0077,901.132,gen0216_theta_nd_0002.npy,gen0216_A_nd_0002.npy
216,3,62.6978,905.751,gen0216_theta_nd_0003.npy,gen0216_A_nd_0003.npy
216,4,58.3026,897.872,gen0216_theta_nd_0004.npy,gen0216_A_nd_0004.npy
216,5,50.5105,883.233,gen0216_theta_nd_0005.npy,gen0216_A_nd_0005.npy
216,6,59.7187,900.648,gen0216_theta_nd_0006.npy,gen0216_A_nd_0006.npy
216,7,53.8338,889.609,gen0216_theta_nd_0007.npy,gen0216_A_nd_0007.npy
216,8,50.6395,883.662,gen0216_theta_nd_0008.npy,gen0216_A_nd_0008.npy
216,9,51.7046,886.0,gen0216_theta_nd_0009.npy,gen0216_A_nd_0009.npy
216,10,56.9797,895.732,gen0216_theta_nd_0010.npy,gen0216_A_nd_0010.npy
216,11,64.3823,908.979,gen0216_theta_nd_0011.npy,gen0216_A_nd_0011.npy
216,12,53.432,888.791,gen0216_theta_nd_0012.npy,gen0216_A_nd_0012.npy
216,13,47.0438,876.738,gen0216_theta_nd_0013.npy,gen0216_A_nd_0013.npy
216,14,51.529,885.671,gen0216_theta_nd_0014.npy,gen0216_A_nd_0014.npy
216,15,63.5317,907.402,gen0216_theta_nd_0015.npy,gen0216_A_nd_0015.npy
216,16,50.9678,884.354,gen0216_theta_nd_0016.npy,gen0216_A_nd_0016.npy
216,17,52.7664,887.758,gen0216_theta_nd_0017.npy,gen0216_A_nd_0017.npy
216,18,59.4276,899.775,gen0216_theta_nd_0018.npy,gen0216_A_nd_0018.npy
216,19,56.1937,894.433,gen0216_theta_nd_0019.npy,gen0216_A_nd_0019.npy
216,20,52.7713,888.204,gen0216_theta_nd_0020.npy,gen0216_A_nd_0020.npy
216,21,62.1456,904.32,gen0216_theta_nd_0021.npy,gen0216_A_nd_0021.npy
216,22,49.0241,880.095,gen0216_theta_nd_0022.npy,gen0216_A_nd_0022.npy
216,23,61.7945,903.97,gen0216_theta_nd_0023.npy,gen0216_A_nd_0023.npy
216,24,63.7954,908.246,gen0216_theta_nd_0024.npy,gen0216_A_nd_0024.npy
216,25,48.6205,879.455,gen0216_theta_nd_0025.npy,gen0216_A_nd_0025.npy
216,26,57.3987,896.592,gen0216_theta_nd_0026.npy,gen0216_A_nd_0026.npy
216,27,63.0005,906.003,gen0216_theta_nd_0027.npy,gen0216_A_nd_0027.npy
216,28,48.5452,879.122,gen0216_theta_nd_0028.npy,gen0216_A_nd_0028.npy
216,29,58.5921,898.435,gen0216_theta_nd_0029.npy,gen0216_A_nd_0029.npy
216,30,47.5223,877.812,gen0216_theta_nd_0030.npy,gen0216_A_nd_0030.npy
216,31,62.4009,904.927,gen0216_theta_nd_0031.npy,gen0216_A_nd_0031.npy
216,32,53.6517,889.142,gen0216_theta_nd_0032.npy,gen0216_A_nd_0032.npy
216,33,64.0665,908.603,gen0216_theta_nd_0033.npy,gen0216_A_nd_0033.npy
216,34,58.9145,899.074,gen0216_theta_nd_0034.npy,gen0216_A_nd_0034.npy
216,35,60.368,901.69,gen0216_theta_nd_0035.npy,gen0216_A_nd_0035.npy
216,36,55.3624,892.404,gen0216_theta_nd_0036.npy,gen0216_A_nd_0036.npy
216,37,49.4235,881.091,gen0216_theta_nd_0037.npy,gen0216_A_nd_0037.npy
216,38,52.3625,887.169,gen0216_theta_nd_0038.npy,gen0216_A_nd_0038.npy
216,39,56.7319,895.28,gen0216_theta_nd_0039.npy,gen0216_A_nd_0039.npy
216,40,56.5124,894.72,gen0216_theta_nd_0040.npy,gen0216_A_nd_0040.npy
216,41,59.2172,899.423,gen0216_theta_nd_0041.npy,gen0216_A_nd_0041.npy
216,42,54.7601,891.261,gen0216_theta_nd_0042.npy,gen0216_A_nd_0042.npy
216,43,50.2873,882.87,gen0216_theta_nd_0043.npy,gen0216_A_nd_0043.npy
216,44,54.2143,890.287,gen0216_theta_nd_0044.npy,gen0216_A_nd_0044.npy
216,45,49.1392,880.584,gen0216_theta_nd_0045.npy,gen0216_A_nd_0045.npy
216,46,63.1924,907.08,gen0216_theta_nd_0046.npy,gen0216_A_nd_0046.npy
216,47,60.6143,902.181,gen0216_theta_nd_0047.npy,gen0216_A_nd_0047.npy
216,48,60.8616,902.795,gen0216_theta_nd_0048.npy,gen0216_A_nd_0048.npy
216,49,61.5656,903.589,gen0216_theta_nd_0049.npy,gen0216_A_nd_0049.npy
216,50,61.3273,903.275,gen0216_theta_nd_0050.npy,gen0216_A_nd_0050.npy
216,51,48.0578,878.375,gen0216_theta_nd_0051.npy,gen0216_A_nd_0051.npy
216,52,55.9078,893.627,gen0216_theta_nd_0052.npy,gen0216_A_nd_0052.npy
216,53,49.7112,881.464,gen0216_theta_nd_0053.npy,gen0216_A_nd_0053.npy
216,54,49.7918,882.116,gen0216_theta_nd_0054.npy,gen0216_A_nd_0054.npy
216,55,57.873,897.505,gen0216_theta_nd_0055.npy,gen0216_A_nd_0055.npy
216,56,57.6588,897.012,gen0216_theta_nd_0056.npy,gen0216_A_nd_0056.npy
216,57,54.5212,890.761,gen0216_theta_nd_0057.npy,gen0216_A_nd_0057.npy
216,58,55.1747,891.773,gen0216_theta_nd_0058.npy,gen0216_A_nd_0058.npy
216,59,51.1891,884.886,gen0216_theta_nd_0059.npy,gen0216_A_nd_0059.npy
216,60,54.633,891.066,gen0216_theta_nd_0060.npy,gen0216_A_nd_0060.npy
217,0,55.5996,893.102,gen0217_theta_nd_0000.npy,gen0217_A_nd_0000.npy
217,1,58.3026,897.872,gen0217_theta_nd_0001.npy,gen0217_A_nd_0001.npy
217,2,56.7319,895.28,gen0217_theta_nd_0002.npy,gen0217_A_nd_0002.npy
217,3,62.6167,905.699,gen0217_theta_nd_0003.npy,gen0217_A_nd_0003.npy
217,4,53.8338,889.609,gen0217_theta_nd_0004.npy,gen0217_A_nd_0004.npy
217,5,55.1747,891.773,gen0217_theta_nd_0005.npy,gen0217_A_nd_0005.npy
217,6,55.3624,892.404,gen0217_theta_nd_0006.npy,gen0217_A_nd_0006.npy
217,7,62.1456,904.32,gen0217_theta_nd_0007.npy,gen0217_A_nd_0007.npy
217,8,52.7664,887.758,gen0217_theta_nd_0008.npy,gen0217_A_nd_0008.npy
217,9,50.9678,884.354,gen0217_theta_nd_0009.npy,gen0217_A_nd_0009.npy
217,10,60.2578,901.574,gen0217_theta_nd_0010.npy,gen0217_A_nd_0010.npy
217,11,49.4235,881.091,gen0217_theta_nd_0011.npy,gen0217_A_nd_0011.npy
217,12,53.432,888.791,gen0217_theta_nd_0012.npy,gen0217_A_nd_0012.npy
217,13,48.3532,878.843,gen0217_theta_nd_0013.npy,gen0217_A_nd_0013.npy
217,14,48.0578,878.375,gen0217_theta_nd_0014.npy,gen0217_A_nd_0014.npy
217,15,50.6395,883.662,gen0217_theta_nd_0015.npy,gen0217_A_nd_0015.npy
217,16,60.744,902.135,gen0217_theta_nd_0016.npy,gen0217_A_nd_0016.npy
217,17,54.7601,891.261,gen0217_theta_nd_0017.npy,gen0217_A_nd_0017.npy
217,18,56.9797,895.732,gen0217_theta_nd_0018.npy,gen0217_A_nd_0018.npy
217,19,56.5124,894.72,gen0217_theta_nd_0019.npy,gen0217_A_nd_0019.npy
217,20,49.7918,882.116,gen0217_theta_nd_0020.npy,gen0217_A_nd_0020.npy
217,21,47.0438,876.738,gen0217_theta_nd_0021.npy,gen0217_A_nd_0021.npy
217,22,63.3503,906.97,gen0217_theta_nd_0022.npy,gen0217_A_nd_0022.npy
217,23,64.0665,908.603,gen0217_theta_nd_0023.npy,gen0217_A_nd_0023.npy
217,24,48.6205,879.455,gen0217_theta_nd_0024.npy,gen0217_A_nd_0024.npy
217,25,54.2143,890.287,gen0217_theta_nd_0025.npy,gen0217_A_nd_0025.npy
217,26,61.3273,903.275,gen0217_theta_nd_0026.npy,gen0217_A_nd_0026.npy
217,27,47.5223,877.812,gen0217_theta_nd_0027.npy,gen0217_A_nd_0027.npy
217,28,53.6517,889.142,gen0217_theta_nd_0028.npy,gen0217_A_nd_0028.npy
217,29,59.4866,899.872,gen0217_theta_nd_0029.npy,gen0217_A_nd_0029.npy
217,30,57.3987,896.592,gen0217_theta_nd_0030.npy,gen0217_A_nd_0030.npy
217,31,51.7046,886.0,gen0217_theta_nd_0031.npy,gen0217_A_nd_0031.npy
217,32,49.1392,880.584,gen0217_theta_nd_0032.npy,gen0217_A_nd_0032.npy
217,33,59.7187,900.648,gen0217_theta_nd_0033.npy,gen0217_A_nd_0033.npy
217,34,47.3012,877.417,gen0217_theta_nd_0034.npy,gen0217_A_nd_0034.npy
217,35,63.0005,906.003,gen0217_theta_nd_0035.npy,gen0217_A_nd_0035.npy
217,36,50.5105,883.233,gen0217_theta_nd_0036.npy,gen0217_A_nd_0036.npy
217,37,55.9078,893.627,gen0217_theta_nd_0037.npy,gen0217_A_nd_0037.npy
217,38,48.8055,879.889,gen0217_theta_nd_0038.npy,gen0217_A_nd_0038.npy
217,39,50.2873,882.87,gen0217_theta_nd_0039.npy,gen0217_A_nd_0039.npy
217,40,51.529,885.671,gen0217_theta_nd_0040.npy,gen0217_A_nd_0040.npy
217,41,56.1937,894.433,gen0217_theta_nd_0041.npy,gen0217_A_nd_0041.npy
217,42,64.3823,908.979,gen0217_theta_nd_0042.npy,gen0217_A_nd_0042.npy
217,43,60.8783,902.507,gen0217_theta_nd_0043.npy,gen0217_A_nd_0043.npy
217,44,63.7954,908.246,gen0217_theta_nd_0044.npy,gen0217_A_nd_0044.npy
217,45,57.873,897.505,gen0217_theta_nd_0045.npy,gen0217_A_nd_0045.npy
217,46,61.5656,903.589,gen0217_theta_nd_0046.npy,gen0217_A_nd_0046.npy
217,47,61.7945,903.97,gen0217_theta_nd_0047.npy,gen0217_A_nd_0047.npy
217,48,54.5212,890.761,gen0217_theta_nd_0048.npy,gen0217_A_nd_0048.npy
217,49,52.3625,887.169,gen0217_theta_nd_0049.npy,gen0217_A_nd_0049.npy
217,50,62.4009,904.927,gen0217_theta_nd_0050.npy,gen0217_A_nd_0050.npy
217,51,52.0873,886.608,gen0217_theta_nd_0051.npy,gen0217_A_nd_0051.npy
217,52,52.889,888.35,gen0217_theta_nd_0052.npy,gen0217_A_nd_0052.npy
217,53,58.9145,899.074,gen0217_theta_nd_0053.npy,gen0217_A_nd_0053.npy
217,54,60.0665,901.121,gen0217_theta_nd_0054.npy,gen0217_A_nd_0054.npy
217,55,51.1891,884.886,gen0217_theta_nd_0055.npy,gen0217_A_nd_0055.npy
217,56,58.5921,898.435,gen0217_theta_nd_0056.npy,gen0217_A_nd_0056.npy
217,57,59.2172,899.423,gen0217_theta_nd_0057.npy,gen0217_A_nd_0057.npy
217,58,57.6588,897.012,gen0217_theta_nd_0058.npy,gen0217_A_nd_0058.npy
217,59,49.7112,881.464,gen0217_theta_nd_0059.npy,gen0217_A_nd_0059.npy
217,60,63.5317,907.402,gen0217_theta_nd_0060.npy,gen0217_A_nd_0060.npy
218,0,47.3408,877.237,gen0218_theta_nd_0000.npy,gen0218_A_nd_0000.npy
218,1,51.1891,884.886,gen0218_theta_nd_0001.npy,gen0218_A_nd_0001.npy
218,2,47.0438,876.738,gen0218_theta_nd_0002.npy,gen0218_A_nd_0002.npy
218,3,62.4009,904.927,gen0218_theta_nd_0003.npy,gen0218_A_nd_0003.npy
218,4,48.6205,879.455,gen0218_theta_nd_0004.npy,gen0218_A_nd_0004.npy
218,5,53.432,888.791,gen0218_theta_nd_0005.npy,gen0218_A_nd_0005.npy
218,6,53.8809,889.52,gen0218_theta_nd_0006.npy,gen0218_A_nd_0006.npy
218,7,56.7319,895.28,gen0218_theta_nd_0007.npy,gen0218_A_nd_0007.npy
218,8,47.845,877.808,gen0218_theta_nd_0008.npy,gen0218_A_nd_0008.npy
218,9,55.3624,892.404,gen0218_theta_nd_0009.npy,gen0218_A_nd_0009.npy
218,10,59.2172,899.423,gen0218_theta_nd_0010.npy,gen0218_A_nd_0010.npy
218,11,49.7112,881.464,gen0218_theta_nd_0011.npy,gen0218_A_nd_0011.npy
218,12,51.7085,885.932,gen0218_theta_nd_0012.npy,gen0218_A_nd_0012.npy
218,13,63.7954,908.246,gen0218_theta_nd_0013.npy,gen0218_A_nd_0013.npy
218,14,61.5259,903.541,gen0218_theta_nd_0014.npy,gen0218_A_nd_0014.npy
218,15,56.5124,894.72,gen0218_theta_nd_0015.npy,gen0218_A_nd_0015.npy
218,16,49.4235,881.091,gen0218_theta_nd_0016.npy,gen0218_A_nd_0016.npy
218,17,48.3532,878.843,gen0218_theta_nd_0017.npy,gen0218_A_nd_0017.npy
218,18,64.0665,908.603,gen0218_theta_nd_0018.npy,gen0218_A_nd_0018.npy
218,19,60.744,902.135,gen0218_theta_nd_0019.npy,gen0218_A_nd_0019.npy
218,20,54.2143,890.287,gen0218_theta_nd_0020.npy,gen0218_A_nd_0020.npy
218,21,60.2578,901.574,gen0218_theta_nd_0021.npy,gen0218_A_nd_0021.npy
218,22,58.3026,897.872,gen0218_theta_nd_0022.npy,gen0218_A_nd_0022.npy
218,23,58.5921,898.435,gen0218_theta_nd_0023.npy,gen0218_A_nd_0023.npy
218,24,49.2073,880.502,gen0218_theta_nd_0024.npy,gen0218_A_nd_0024.npy
218,25,63.0005,906.003,gen0218_theta_nd_0025.npy,gen0218_A_nd_0025.npy
218,26,56.9797,895.732,gen0218_theta_nd_0026.npy,gen0218_A_nd_0026.npy
218,27,55.9078,893.627,gen0218_theta_nd_0027.npy,gen0218_A_nd_0027.npy
218,28,50.5105,883.233,gen0218_theta_nd_0028.npy,gen0218_A_nd_0028.npy
218,29,52.889,888.35,gen0218_theta_nd_0029.npy,gen0218_A_nd_0029.npy
218,30,58.9145,899.074,gen0218_theta_nd_0030.npy,gen0218_A_nd_0030.npy
218,31,61.1079,903.132,gen0218_theta_nd_0031.npy,gen0218_A_nd_0031.npy
218,32,59.4866,899.872,gen0218_theta_nd_0032.npy,gen0218_A_nd_0032.npy
218,33,57.873,897.505,gen0218_theta_nd_0033.npy,gen0218_A_nd_0033.npy
218,34,50.1054,882.369,gen0218_theta_nd_0034.npy,gen0218_A_nd_0034.npy
218,35,57.3987,896.592,gen0218_theta_nd_0035.npy,gen0218_A_nd_0035.npy
218,36,54.5212,890.761,gen0218_theta_nd_0036.npy,gen0218_A_nd_0036.npy
218,37,63.3503,906.97,gen0218_theta_nd_0037.npy,gen0218_A_nd_0037.npy
218,38,51.529,885.671,gen0218_theta_nd_0038.npy,gen0218_A_nd_0038.npy
218,39,50.6395,883.662,gen0218_theta_nd_0039.npy,gen0218_A_nd_0039.npy
218,40,60.0665,901.121,gen0218_theta_nd_0040.npy,gen0218_A_nd_0040.npy
218,41,59.7498,900.583,gen0218_theta_nd_0041.npy,gen0218_A_nd_0041.npy
218,42,55.1747,891.773,gen0218_theta_nd_0042.npy,gen0218_A_nd_0042.npy
218,43,61.7945,903.97,gen0218_theta_nd_0043.npy,gen0218_A_nd_0043.npy
218,44,48.8055,879.889,gen0218_theta_nd_0044.npy,gen0218_A_nd_0044.npy
218,45,52.0873,886.608,gen0218_theta_nd_0045.npy,gen0218_A_nd_0045.npy
218,46,63.5317,907.402,gen0218_theta_nd_0046.npy,gen0218_A_nd_0046.npy
218,47,52.3625,887.169,gen0218_theta_nd_0047.npy,gen0218_A_nd_0047.npy
218,48,54.7601,891.261,gen0218_theta_nd_0048.npy,gen0218_A_nd_0048.npy
218,49,50.2606,882.708,gen0218_theta_nd_0049.npy,gen0218_A_nd_0049.npy
218,50,60.8783,902.507,gen0218_theta_nd_0050.npy,gen0218_A_nd_0050.npy
218,51,48.0578,878.375,gen0218_theta_nd_0051.npy,gen0218_A_nd_0051.npy
218,52,57.6032,896.975,gen0218_theta_nd_0052.npy,gen0218_A_nd_0052.npy
218,53,55.6624,892.886,gen0218_theta_nd_0053.npy,gen0218_A_nd_0053.npy
218,54,56.1937,894.433,gen0218_theta_nd_0054.npy,gen0218_A_nd_0054.npy
218,55,50.9678,884.354,gen0218_theta_nd_0055.npy,gen0218_A_nd_0055.npy
218,56,64.3823,908.979,gen0218_theta_nd_0056.npy,gen0218_A_nd_0056.npy
218,57,52.6064,887.703,gen0218_theta_nd_0057.npy,gen0218_A_nd_0057.npy
218,58,62.1456,904.32,gen0218_theta_nd_0058.npy,gen0218_A_nd_0058.npy
218,59,53.6517,889.142,gen0218_theta_nd_0059.npy,gen0218_A_nd_0059.npy
218,60,62.6167,905.699,gen0218_theta_nd_0060.npy,gen0218_A_nd_0060.npy
219,0,50.6395,883.662,gen0219_theta_nd_0000.npy,gen0219_A_nd_0000.npy
219,1,47.845,877.808,gen0219_theta_nd_0001.npy,gen0219_A_nd_0001.npy
219,2,60.744,902.135,gen0219_theta_nd_0002.npy,gen0219_A_nd_0002.npy
219,3,47.0438,876.738,gen0219_theta_nd_0003.npy,gen0219_A_nd_0003.npy
219,4,56.9797,895.732,gen0219_theta_nd_0004.npy,gen0219_A_nd_0004.npy
219,5,64.3823,908.979,gen0219_theta_nd_0005.npy,gen0219_A_nd_0005.npy
219,6,59.2172,899.423,gen0219_theta_nd_0006.npy,gen0219_A_nd_0006.npy
219,7,52.889,888.35,gen0219_theta_nd_0007.npy,gen0219_A_nd_0007.npy
219,8,61.4957,903.528,gen0219_theta_nd_0008.npy,gen0219_A_nd_0008.npy
219,9,59.4866,899.872,gen0219_theta_nd_0009.npy,gen0219_A_nd_0009.npy
219,10,63.0005,906.003,gen0219_theta_nd_0010.npy,gen0219_A_nd_0010.npy
219,11,49.2073,880.502,gen0219_theta_nd_0011.npy,gen0219_A_nd_0011.npy
219,12,51.1891,884.886,gen0219_theta_nd_0012.npy,gen0219_A_nd_0012.npy
219,13,61.1079,903.132,gen0219_theta_nd_0013.npy,gen0219_A_nd_0013.npy
219,14,56.5124,894.72,gen0219_theta_nd_0014.npy,gen0219_A_nd_0014.npy
219,15,55.3624,892.404,gen0219_theta_nd_0015.npy,gen0219_A_nd_0015.npy
219,16,61.7945,903.97,gen0219_theta_nd_0016.npy,gen0219_A_nd_0016.npy
219,17,58.9145,899.074,gen0219_theta_nd_0017.npy,gen0219_A_nd_0017.npy
219,18,48.3532,878.843,gen0219_theta_nd_0018.npy,gen0219_A_nd_0018.npy
219,19,50.5105,883.233,gen0219_theta_nd_0019.npy,gen0219_A_nd_0019.npy
219,20,60.2578,901.574,gen0219_theta_nd_0020.npy,gen0219_A_nd_0020.npy
219,21,47.3408,877.237,gen0219_theta_nd_0021.npy,gen0219_A_nd_0021.npy
219,22,57.3987,896.592,gen0219_theta_nd_0022.npy,gen0219_A_nd_0022.npy
219,23,56.3399,894.34,gen0219_theta_nd_0023.npy,gen0219_A_nd_0023.npy
219,24,55.9078,893.627,gen0219_theta_nd_0024.npy,gen0219_A_nd_0024.npy
219,25,63.7954,908.246,gen0219_theta_nd_0025.npy,gen0219_A_nd_0025.npy
219,26,51.7891,886.093,gen0219_theta_nd_0026.npy,gen0219_A_nd_0026.npy
219,27,48.0578,878.375,gen0219_theta_nd_0027.npy,gen0219_A_nd_0027.npy
219,28,55.6624,892.886,gen0219_theta_nd_0028.npy,gen0219_A_nd_0028.npy
219,29,64.0665,908.603,gen0219_theta_nd_0029.npy,gen0219_A_nd_0029.npy
219,30,53.6517,889.142,gen0219_theta_nd_0030.npy,gen0219_A_nd_0030.npy
219,31,52.611,887.617,gen0219_theta_nd_0031.npy,gen0219_A_nd_0031.npy
219,32,49.4235,881.091,gen0219_theta_nd_0032.npy,gen0219_A_nd_0032.npy
219,33,57.873,897.505,gen0219_theta_nd_0033.npy,gen0219_A_nd_0033.npy
219,34,54.7601,891.261,gen0219_theta_nd_0034.npy,gen0219_A_nd_0034.npy
219,35,62.4009,904.927,gen0219_theta_nd_0035.npy,gen0219_A_nd_0035.npy
219,36,54.5212,890.761,gen0219_theta_nd_0036.npy,gen0219_A_nd_0036.npy
219,37,59.7498,900.583,gen0219_theta_nd_0037.npy,gen0219_A_nd_0037.npy
219,38,58.5921,898.435,gen0219_theta_nd_0038.npy,gen0219_A_nd_0038.npy
219,39,53.8809,889.52,gen0219_theta_nd_0039.npy,gen0219_A_nd_0039.npy
219,40,62.6167,905.699,gen0219_theta_nd_0040.npy,gen0219_A_nd_0040.npy
219,41,54.2143,890.287,gen0219_theta_nd_0041.npy,gen0219_A_nd_0041.npy
219,42,58.3026,897.872,gen0219_theta_nd_0042.npy,gen0219_A_nd_0042.npy
219,43,50.9678,884.354,gen0219_theta_nd_0043.npy,gen0219_A_nd_0043.npy
219,44,48.6205,879.455,gen0219_theta_nd_0044.npy,gen0219_A_nd_0044.npy
219,45,52.0873,886.608,gen0219_theta_nd_0045.npy,gen0219_A_nd_0045.npy
219,46,55.1747,891.773,gen0219_theta_nd_0046.npy,gen0219_A_nd_0046.npy
219,47,60.8783,902.507,gen0219_theta_nd_0047.npy,gen0219_A_nd_0047.npy
219,48,63.5317,907.402,gen0219_theta_nd_0048.npy,gen0219_A_nd_0048.npy
219,49,51.4486,885.335,gen0219_theta_nd_0049.npy,gen0219_A_nd_0049.npy
219,50,53.4611,888.763,gen0219_theta_nd_0050.npy,gen0219_A_nd_0050.npy
219,51,63.1212,906.375,gen0219_theta_nd_0051.npy,gen0219_A_nd_0051.npy
219,52,50.0255,882.219,gen0219_theta_nd_0052.npy,gen0219_A_nd_0052.npy
219,53,48.8055,879.889,gen0219_theta_nd_0053.npy,gen0219_A_nd_0053.npy
219,54,62.1456,904.32,gen0219_theta_nd_0054.npy,gen0219_A_nd_0054.npy
219,55,52.3625,887.169,gen0219_theta_nd_0055.npy,gen0219_A_nd_0055.npy
219,56,49.7112,881.464,gen0219_theta_nd_0056.npy,gen0219_A_nd_0056.npy
219,57,50.2606,882.708,gen0219_theta_nd_0057.npy,gen0219_A_nd_0057.npy
219,58,57.6032,896.975,gen0219_theta_nd_0058.npy,gen0219_A_nd_0058.npy
219,59,56.7319,895.28,gen0219_theta_nd_0059.npy,gen0219_A_nd_0059.npy
219,60,60.0665,901.121,gen0219_theta_nd_0060.npy,gen0219_A_nd_0060.npy
220,0,52.3625,887.169,gen0220_theta_nd_0000.npy,gen0220_A_nd_0000.npy
220,1,62.6167,905.699,gen0220_theta_nd_0001.npy,gen0220_A_nd_0001.npy
220,2,50.5105,883.233,gen0220_theta_nd_0002.npy,gen0220_A_nd_0002.npy
220,3,61.4957,903.528,gen0220_theta_nd_0003.npy,gen0220_A_nd_0003.npy
220,4,49.7112,881.464,gen0220_theta_nd_0004.npy,gen0220_A_nd_0004.npy
220,5,55.6624,892.886,gen0220_theta_nd_0005.npy,gen0220_A_nd_0005.npy
220,6,53.4611,888.763,gen0220_theta_nd_0006.npy,gen0220_A_nd_0006.npy
220,7,59.2172,899.423,gen0220_theta_nd_0007.npy,gen0220_A_nd_0007.npy
220,8,63.0005,906.003,gen0220_theta_nd_0008.npy,gen0220_A_nd_0008.npy
220,9,63.1212,906.375,gen0220_theta_nd_0009.npy,gen0220_A_nd_0009.npy
220,10,61.7945,903.97,gen0220_theta_nd_0010.npy,gen0220_A_nd_0010.npy
220,11,58.9145,899.074,gen0220_theta_nd_0011.npy,gen0220_A_nd_0011.npy
220,12,51.4486,885.335,gen0220_theta_nd_0012.npy,gen0220_A_nd_0012.npy
220,13,54.5212,890.761,gen0220_theta_nd_0013.npy,gen0220_A_nd_0013.npy
220,14,60.744,902.135,gen0220_theta_nd_0014.npy,gen0220_A_nd_0014.npy
220,15,51.7891,886.093,gen0220_theta_nd_0015.npy,gen0220_A_nd_0015.npy
220,16,47.3408,877.237,gen0220_theta_nd_0016.npy,gen0220_A_nd_0016.npy
220,17,57.3987,896.592,gen0220_theta_nd_0017.npy,gen0220_A_nd_0017.npy
220,18,51.1891,884.886,gen0220_theta_nd_0018.npy,gen0220_A_nd_0018.npy
220,19,56.3399,894.34,gen0220_theta_nd_0019.npy,gen0220_A_nd_0019.npy
220,20,62.4009,904.927,gen0220_theta_nd_0020.npy,gen0220_A_nd_0020.npy
220,21,48.6205,879.455,gen0220_theta_nd_0021.npy,gen0220_A_nd_0021.npy
220,22,64.3823,908.979,gen0220_theta_nd_0022.npy,gen0220_A_nd_0022.npy
220,23,47.845,877.808,gen0220_theta_nd_0023.npy,gen0220_A_nd_0023.npy
220,24,61.1079,903.132,gen0220_theta_nd_0024.npy,gen0220_A_nd_0024.npy
220,25,49.499,880.798,gen0220_theta_nd_0025.npy,gen0220_A_nd_0025.npy
220,26,48.0578,878.375,gen0220_theta_nd_0026.npy,gen0220_A_nd_0026.npy
220,27,52.0873,886.608,gen0220_theta_nd_0027.npy,gen0220_A_nd_0027.npy
220,28,56.7319,895.28,gen0220_theta_nd_0028.npy,gen0220_A_nd_0028.npy
220,29,58.5921,898.435,gen0220_theta_nd_0029.npy,gen0220_A_nd_0029.npy
220,30,63.7954,908.246,gen0220_theta_nd_0030.npy,gen0220_A_nd_0030.npy
220,31,50.9678,884.354,gen0220_theta_nd_0031.npy,gen0220_A_nd_0031.npy
220,32,60.2906,901.278,gen0220_theta_nd_0032.npy,gen0220_A_nd_0032.npy
220,33,58.3026,897.872,gen0220_theta_nd_0033.npy,gen0220_A_nd_0033.npy
220,34,55.3624,892.404,gen0220_theta_nd_0034.npy,gen0220_A_nd_0034.npy
220,35,57.0607,895.827,gen0220_theta_nd_0035.npy,gen0220_A_nd_0035.npy
220,36,47.0438,876.738,gen0220_theta_nd_0036.npy,gen0220_A_nd_0036.npy
220,37,62.1456,904.32,gen0220_theta_nd_0037.npy,gen0220_A_nd_0037.npy
220,38,50.0255,882.219,gen0220_theta_nd_0038.npy,gen0220_A_nd_0038.npy
220,39,56.5037,894.651,gen0220_theta_nd_0039.npy,gen0220_A_nd_0039.npy
220,40,57.873,897.505,gen0220_theta_nd_0040.npy,gen0220_A_nd_0040.npy
220,41,53.6517,889.142,gen0220_theta_nd_0041.npy,gen0220_A_nd_0041.npy
220,42,50.6395,883.662,gen0220_theta_nd_0042.npy,gen0220_A_nd_0042.npy
220,43,57.6032,896.975,gen0220_theta_nd_0043.npy,gen0220_A_nd_0043.npy
220,44,59.7498,900.583,gen0220_theta_nd_0044.npy,gen0220_A_nd_0044.npy
220,45,49.2073,880.502,gen0220_theta_nd_0045.npy,gen0220_A_nd_0045.npy
220,46,48.8055,879.889,gen0220_theta_nd_0046.npy,gen0220_A_nd_0046.npy
220,47,54.2143,890.287,gen0220_theta_nd_0047.npy,gen0220_A_nd_0047.npy
220,48,63.5317,907.402,gen0220_theta_nd_0048.npy,gen0220_A_nd_0048.npy
220,49,55.9078,893.627,gen0220_theta_nd_0049.npy,gen0220_A_nd_0049.npy
220,50,52.889,888.35,gen0220_theta_nd_0050.npy,gen0220_A_nd_0050.npy
220,51,50.2606,882.708,gen0220_theta_nd_0051.npy,gen0220_A_nd_0051.npy
220,52,54.7601,891.261,gen0220_theta_nd_0052.npy,gen0220_A_nd_0052.npy
220,53,48.3532,878.843,gen0220_theta_nd_0053.npy,gen0220_A_nd_0053.npy
220,54,60.8783,902.507,gen0220_theta_nd_0054.npy,gen0220_A_nd_0054.npy
220,55,64.0665,908.603,gen0220_theta_nd_0055.npy,gen0220_A_nd_0055.npy
220,56,53.8809,889.52,gen0220_theta_nd_0056.npy,gen0220_A_nd_0056.npy
220,57,52.611,887.617,gen0220_theta_nd_0057.npy,gen0220_A_nd_0057.npy
220,58,55.1747,891.773,gen0220_theta_nd_0058.npy,gen0220_A_nd_0058.npy
220,59,60.0665,901.121,gen0220_theta_nd_0059.npy,gen0220_A_nd_0059.npy
220,60,59.4866,899.872,gen0220_theta_nd_0060.npy,gen0220_A_nd_0060.npy
221,0,51.7891,886.093,gen0221_theta_nd_0000.npy,gen0221_A_nd_0000.npy
221,1,53.3757,888.613,gen0221_theta_nd_0001.npy,gen0221_A_nd_0001.npy
221,2,63.0005,906.003,gen0221_theta_nd_0002.npy,gen0221_A_nd_0002.npy
221,3,57.6032,896.975,gen0221_theta_nd_0003.npy,gen0221_A_nd_0003.npy
221,4,57.3987,896.592,gen0221_theta_nd_0004.npy,gen0221_A_nd_0004.npy
221,5,64.4559,909.028,gen0221_theta_nd_0005.npy,gen0221_A_nd_0005.npy
221,6,54.2143,890.287,gen0221_theta_nd_0006.npy,gen0221_A_nd_0006.npy
221,7,48.3532,878.843,gen0221_theta_nd_0007.npy,gen0221_A_nd_0007.npy
221,8,61.5389,903.789,gen0221_theta_nd_0008.npy,gen0221_A_nd_0008.npy
221,9,52.0873,886.608,gen0221_theta_nd_0009.npy,gen0221_A_nd_0009.npy
221,10,48.8278,879.83,gen0221_theta_nd_0010.npy,gen0221_A_nd_0010.npy
221,11,59.4866,899.872,gen0221_theta_nd_0011.npy,gen0221_A_nd_0011.npy
221,12,61.1859,903.182,gen0221_theta_nd_0012.npy,gen0221_A_nd_0012.npy
221,13,47.3408,877.237,gen0221_theta_nd_0013.npy,gen0221_A_nd_0013.npy
221,14,54.5212,890.761,gen0221_theta_nd_0014.npy,gen0221_A_nd_0014.npy
221,15,52.611,887.617,gen0221_theta_nd_0015.npy,gen0221_A_nd_0015.npy
221,16,57.0607,895.827,gen0221_theta_nd_0016.npy,gen0221_A_nd_0016.npy
221,17,49.7112,881.464,gen0221_theta_nd_0017.npy,gen0221_A_nd_0017.npy
221,18,56.5576,894.662,gen0221_theta_nd_0018.npy,gen0221_A_nd_0018.npy
221,19,63.3001,907.093,gen0221_theta_nd_0019.npy,gen0221_A_nd_0019.npy
221,20,56.199,893.973,gen0221_theta_nd_0020.npy,gen0221_A_nd_0020.npy
221,21,53.6517,889.142,gen0221_theta_nd_0021.npy,gen0221_A_nd_0021.npy
221,22,52.889,888.35,gen0221_theta_nd_0022.npy,gen0221_A_nd_0022.npy
221,23,47.0438,876.738,gen0221_theta_nd_0023.npy,gen0221_A_nd_0023.npy
221,24,60.2906,901.278,gen0221_theta_nd_0024.npy,gen0221_A_nd_0024.npy
221,25,55.9078,893.627,gen0221_theta_nd_0025.npy,gen0221_A_nd_0025.npy
221,26,53.9656,889.672,gen0221_theta_nd_0026.npy,gen0221_A_nd_0026.npy
221,27,58.8817,899.025,gen0221_theta_nd_0027.npy,gen0221_A_nd_0027.npy
221,28,63.5494,907.842,gen0221_theta_nd_0028.npy,gen0221_A_nd_0028.npy
221,29,63.7954,908.246,gen0221_theta_nd_0029.npy,gen0221_A_nd_0029.npy
221,30,50.2606,882.708,gen0221_theta_nd_0030.npy,gen0221_A_nd_0030.npy
221,31,55.1747,891.773,gen0221_theta_nd_0031.npy,gen0221_A_nd_0031.npy
221,32,50.0201,882.124,gen0221_theta_nd_0032.npy,gen0221_A_nd_0032.npy
221,33,57.873,897.505,gen0221_theta_nd_0033.npy,gen0221_A_nd_0033.npy
221,34,60.163,901.05,gen0221_theta_nd_0034.npy,gen0221_A_nd_0034.npy
221,35,62.6167,905.699,gen0221_theta_nd_0035.npy,gen0221_A_nd_0035.npy
221,36,50.9678,884.354,gen0221_theta_nd_0036.npy,gen0221_A_nd_0036.npy
221,37,48.6205,879.455,gen0221_theta_nd_0037.npy,gen0221_A_nd_0037.npy
221,38,51.4486,885.335,gen0221_theta_nd_0038.npy,gen0221_A_nd_0038.npy
221,39,60.9176,902.627,gen0221_theta_nd_0039.npy,gen0221_A_nd_0039.npy
221,40,48.0578,878.375,gen0221_theta_nd_0040.npy,gen0221_A_nd_0040.npy
221,41,49.2073,880.502,gen0221_theta_nd_0041.npy,gen0221_A_nd_0041.npy
221,42,64.2416,908.687,gen0221_theta_nd_0042.npy,gen0221_A_nd_0042.npy
221,43,49.499,880.798,gen0221_theta_nd_0043.npy,gen0221_A_nd_0043.npy
221,44,60.744,902.135,gen0221_theta_nd_0044.npy,gen0221_A_nd_0044.npy
221,45,59.7711,900.543,gen0221_theta_nd_0045.npy,gen0221_A_nd_0045.npy
221,46,62.4009,904.927,gen0221_theta_nd_0046.npy,gen0221_A_nd_0046.npy
221,47,56.7319,895.28,gen0221_theta_nd_0047.npy,gen0221_A_nd_0047.npy
221,48,51.2007,884.954,gen0221_theta_nd_0048.npy,gen0221_A_nd_0048.npy
221,49,55.3624,892.404,gen0221_theta_nd_0049.npy,gen0221_A_nd_0049.npy
221,50,59.2172,899.423,gen0221_theta_nd_0050.npy,gen0221_A_nd_0050.npy
221,51,50.5105,883.233,gen0221_theta_nd_0051.npy,gen0221_A_nd_0051.npy
221,52,55.6624,892.886,gen0221_theta_nd_0052.npy,gen0221_A_nd_0052.npy
221,53,61.7945,903.97,gen0221_theta_nd_0053.npy,gen0221_A_nd_0053.npy
221,54,62.1456,904.32,gen0221_theta_nd_0054.npy,gen0221_A_nd_0054.npy
221,55,58.6696,898.418,gen0221_theta_nd_0055.npy,gen0221_A_nd_0055.npy
221,56,54.7601,891.261,gen0221_theta_nd_0056.npy,gen0221_A_nd_0056.npy
221,57,50.7558,883.854,gen0221_theta_nd_0057.npy,gen0221_A_nd_0057.npy
221,58,58.3026,897.872,gen0221_theta_nd_0058.npy,gen0221_A_nd_0058.npy
221,59,52.3625,887.169,gen0221_theta_nd_0059.npy,gen0221_A_nd_0059.npy
221,60,47.845,877.808,gen0221_theta_nd_0060.npy,gen0221_A_nd_0060.npy
222,0,51.4486,885.335,gen0222_theta_nd_0000.npy,gen0222_A_nd_0000.npy
222,1,60.744,902.135,gen0222_theta_nd_0001.npy,gen0222_A_nd_0001.npy
222,2,50.0201,882.124,gen0222_theta_nd_0002.npy,gen0222_A_nd_0002.npy
222,3,48.0578,878.375,gen0222_theta_nd_0003.npy,gen0222_A_nd_0003.npy
222,4,57.6032,896.975,gen0222_theta_nd_0004.npy,gen0222_A_nd_0004.npy
222,5,64.4559,909.028,gen0222_theta_nd_0005.npy,gen0222_A_nd_0005.npy
222,6,58.8817,899.025,gen0222_theta_nd_0006.npy,gen0222_A_nd_0006.npy
222,7,59.2172,899.423,gen0222_theta_nd_0007.npy,gen0222_A_nd_0007.npy
222,8,57.3987,896.592,gen0222_theta_nd_0008.npy,gen0222_A_nd_0008.npy
222,9,61.7945,903.97,gen0222_theta_nd_0009.npy,gen0222_A_nd_0009.npy
222,10,55.723,893.05,gen0222_theta_nd_0010.npy,gen0222_A_nd_0010.npy
222,11,54.2143,890.287,gen0222_theta_nd_0011.npy,gen0222_A_nd_0011.npy
222,12,56.7834,895.153,gen0222_theta_nd_0012.npy,gen0222_A_nd_0012.npy
222,13,60.9176,902.627,gen0222_theta_nd_0013.npy,gen0222_A_nd_0013.npy
222,14,58.3026,897.872,gen0222_theta_nd_0014.npy,gen0222_A_nd_0014.npy
222,15,50.5105,883.233,gen0222_theta_nd_0015.npy,gen0222_A_nd_0015.npy
222,16,59.7711,900.543,gen0222_theta_nd_0016.npy,gen0222_A_nd_0016.npy
222,17,63.7954,908.246,gen0222_theta_nd_0017.npy,gen0222_A_nd_0017.npy
222,18,62.1456,904.32,gen0222_theta_nd_0018.npy,gen0222_A_nd_0018.npy
222,19,52.6942,887.706,gen0222_theta_nd_0019.npy,gen0222_A_nd_0019.npy
222,20,48.8278,879.83,gen0222_theta_nd_0020.npy,gen0222_A_nd_0020.npy
222,21,52.889,888.35,gen0222_theta_nd_0021.npy,gen0222_A_nd_0021.npy
222,22,52.0873,886.608,gen0222_theta_nd_0022.npy,gen0222_A_nd_0022.npy
222,23,53.3757,888.613,gen0222_theta_nd_0023.npy,gen0222_A_nd_0023.npy
222,24,55.9344,893.635,gen0222_theta_nd_0024.npy,gen0222_A_nd_0024.npy
222,25,58.5815,898.334,gen0222_theta_nd_0025.npy,gen0222_A_nd_0025.npy
222,26,56.199,893.973,gen0222_theta_nd_0026.npy,gen0222_A_nd_0026.npy
222,27,61.298,903.288,gen0222_theta_nd_0027.npy,gen0222_A_nd_0027.npy
222,28,53.6517,889.142,gen0222_theta_nd_0028.npy,gen0222_A_nd_0028.npy
222,29,54.8277,891.069,gen0222_theta_nd_0029.npy,gen0222_A_nd_0029.npy
222,30,57.0607,895.827,gen0222_theta_nd_0030.npy,gen0222_A_nd_0030.npy
222,31,47.0438,876.738,gen0222_theta_nd_0031.npy,gen0222_A_nd_0031.npy
222,32,47.3408,877.237,gen0222_theta_nd_0032.npy,gen0222_A_nd_0032.npy
222,33,48.6205,879.455,gen0222_theta_nd_0033.npy,gen0222_A_nd_0033.npy
222,34,51.7891,886.093,gen0222_theta_nd_0034.npy,gen0222_A_nd_0034.npy
222,35,53.9656,889.672,gen0222_theta_nd_0035.npy,gen0222_A_nd_0035.npy
222,36,49.499,880.798,gen0222_theta_nd_0036.npy,gen0222_A_nd_0036.npy
222,37,55.1747,891.773,gen0222_theta_nd_0037.npy,gen0222_A_nd_0037.npy
222,38,51.2007,884.954,gen0222_theta_nd_0038.npy,gen0222_A_nd_0038.npy
222,39,61.5389,903.789,gen0222_theta_nd_0039.npy,gen0222_A_nd_0039.npy
222,40,64.2416,908.687,gen0222_theta_nd_0040.npy,gen0222_A_nd_0040.npy
222,41,60.163,901.05,gen0222_theta_nd_0041.npy,gen0222_A_nd_0041.npy
222,42,52.4349,887.121,gen0222_theta_nd_0042.npy,gen0222_A_nd_0042.npy
222,43,50.7558,883.854,gen0222_theta_nd_0043.npy,gen0222_A_nd_0043.npy
222,44,57.873,897.505,gen0222_theta_nd_0044.npy,gen0222_A_nd_0044.npy
222,45,59.4866,899.872,gen0222_theta_nd_0045.npy,gen0222_A_nd_0045.npy
222,46,62.4806,904.932,gen0222_theta_nd_0046.npy,gen0222_A_nd_0046.npy
222,47,54.5212,890.761,gen0222_theta_nd_0047.npy,gen0222_A_nd_0047.npy
222,48,55.3624,892.404,gen0222_theta_nd_0048.npy,gen0222_A_nd_0048.npy
222,49,49.2073,880.502,gen0222_theta_nd_0049.npy,gen0222_A_nd_0049.npy
222,50,49.7112,881.464,gen0222_theta_nd_0050.npy,gen0222_A_nd_0050.npy
222,51,63.3001,907.093,gen0222_theta_nd_0051.npy,gen0222_A_nd_0051.npy
222,52,63.5494,907.842,gen0222_theta_nd_0052.npy,gen0222_A_nd_0052.npy
222,53,60.4084,901.712,gen0222_theta_nd_0053.npy,gen0222_A_nd_0053.npy
222,54,50.9678,884.354,gen0222_theta_nd_0054.npy,gen0222_A_nd_0054.npy
222,55,50.2606,882.708,gen0222_theta_nd_0055.npy,gen0222_A_nd_0055.npy
222,56,62.6167,905.699,gen0222_theta_nd_0056.npy,gen0222_A_nd_0056.npy
222,57,47.845,877.808,gen0222_theta_nd_0057.npy,gen0222_A_nd_0057.npy
222,58,56.624,894.651,gen0222_theta_nd_0058.npy,gen0222_A_nd_0058.npy
222,59,63.0005,906.003,gen0222_theta_nd_0059.npy,gen0222_A_nd_0059.npy
222,60,48.3532,878.843,gen0222_theta_nd_0060.npy,gen0222_A_nd_0060.npy
223,0,49.499,880.798,gen0223_theta_nd_0000.npy,gen0223_A_nd_0000.npy
223,1,55.723,893.05,gen0223_theta_nd_0001.npy,gen0223_A_nd_0001.npy
223,2,50.7558,883.854,gen0223_theta_nd_0002.npy,gen0223_A_nd_0002.npy
223,3,49.7112,881.464,gen0223_theta_nd_0003.npy,gen0223_A_nd_0003.npy
223,4,61.2864,903.229,gen0223_theta_nd_0004.npy,gen0223_A_nd_0004.npy
223,5,55.3624,892.404,gen0223_theta_nd_0005.npy,gen0223_A_nd_0005.npy
223,6,60.744,902.135,gen0223_theta_nd_0006.npy,gen0223_A_nd_0006.npy
223,7,54.8277,891.069,gen0223_theta_nd_0007.npy,gen0223_A_nd_0007.npy
223,8,57.873,897.505,gen0223_theta_nd_0008.npy,gen0223_A_nd_0008.npy
223,9,64.4559,909.028,gen0223_theta_nd_0009.npy,gen0223_A_nd_0009.npy
223,10,54.5212,890.761,gen0223_theta_nd_0010.npy,gen0223_A_nd_0010.npy
223,11,48.6205,879.455,gen0223_theta_nd_0011.npy,gen0223_A_nd_0011.npy
223,12,57.0607,895.827,gen0223_theta_nd_0012.npy,gen0223_A_nd_0012.npy
223,13,56.624,894.651,gen0223_theta_nd_0013.npy,gen0223_A_nd_0013.npy
223,14,57.3643,896.242,gen0223_theta_nd_0014.npy,gen0223_A_nd_0014.npy
223,15,56.798,895.344,gen0223_theta_nd_0015.npy,gen0223_A_nd_0015.npy
223,16,60.9176,902.627,gen0223_theta_nd_0016.npy,gen0223_A_nd_0016.npy
223,17,50.9678,884.354,gen0223_theta_nd_0017.npy,gen0223_A_nd_0017.npy
223,18,53.3757,888.613,gen0223_theta_nd_0018.npy,gen0223_A_nd_0018.npy
223,19,63.0005,906.003,gen0223_theta_nd_0019.npy,gen0223_A_nd_0019.npy
223,20,53.9656,889.672,gen0223_theta_nd_0020.npy,gen0223_A_nd_0020.npy
223,21,63.7954,908.246,gen0223_theta_nd_0021.npy,gen0223_A_nd_0021.npy
223,22,53.0989,888.332,gen0223_theta_nd_0022.npy,gen0223_A_nd_0022.npy
223,23,56.2251,894.053,gen0223_theta_nd_0023.npy,gen0223_A_nd_0023.npy
223,24,61.6233,903.693,gen0223_theta_nd_0024.npy,gen0223_A_nd_0024.npy
223,25,51.1812,884.938,gen0223_theta_nd_0025.npy,gen0223_A_nd_0025.npy
223,26,48.8278,879.83,gen0223_theta_nd_0026.npy,gen0223_A_nd_0026.npy
223,27,63.6747,907.807,gen0223_theta_nd_0027.npy,gen0223_A_nd_0027.npy
223,28,48.0578,878.375,gen0223_theta_nd_0028.npy,gen0223_A_nd_0028.npy
223,29,51.5094,885.535,gen0223_theta_nd_0029.npy,gen0223_A_nd_0029.npy
223,30,59.4866,899.872,gen0223_theta_nd_0030.npy,gen0223_A_nd_0030.npy
223,31,53.6517,889.142,gen0223_theta_nd_0031.npy,gen0223_A_nd_0031.npy
223,32,58.8817,899.025,gen0223_theta_nd_0032.npy,gen0223_A_nd_0032.npy
223,33,47.3408,877.237,gen0223_theta_nd_0033.npy,gen0223_A_nd_0033.npy
223,34,47.0438,876.738,gen0223_theta_nd_0034.npy,gen0223_A_nd_0034.npy
223,35,49.2073,880.502,gen0223_theta_nd_0035.npy,gen0223_A_nd_0035.npy
223,36,52.0873,886.608,gen0223_theta_nd_0036.npy,gen0223_A_nd_0036.npy
223,37,64.2416,908.687,gen0223_theta_nd_0037.npy,gen0223_A_nd_0037.npy
223,38,47.845,877.808,gen0223_theta_nd_0038.npy,gen0223_A_nd_0038.npy
223,39,50.5105,883.233,gen0223_theta_nd_0039.npy,gen0223_A_nd_0039.npy
223,40,62.4806,904.932,gen0223_theta_nd_0040.npy,gen0223_A_nd_0040.npy
223,41,60.4084,901.712,gen0223_theta_nd_0041.npy,gen0223_A_nd_0041.npy
223,42,57.6032,896.975,gen0223_theta_nd_0042.npy,gen0223_A_nd_0042.npy
223,43,58.5815,898.334,gen0223_theta_nd_0043.npy,gen0223_A_nd_0043.npy
223,44,48.4058,878.755,gen0223_theta_nd_0044.npy,gen0223_A_nd_0044.npy
223,45,50.2701,882.54,gen0223_theta_nd_0045.npy,gen0223_A_nd_0045.npy
223,46,58.3026,897.872,gen0223_theta_nd_0046.npy,gen0223_A_nd_0046.npy
223,47,62.7807,905.699,gen0223_theta_nd_0047.npy,gen0223_A_nd_0047.npy
223,48,52.6942,887.706,gen0223_theta_nd_0048.npy,gen0223_A_nd_0048.npy
223,49,62.1456,904.32,gen0223_theta_nd_0049.npy,gen0223_A_nd_0049.npy
223,50,52.4349,887.121,gen0223_theta_nd_0050.npy,gen0223_A_nd_0050.npy
223,51,63.3001,907.093,gen0223_theta_nd_0051.npy,gen0223_A_nd_0051.npy
223,52,60.1848,901.021,gen0223_theta_nd_0052.npy,gen0223_A_nd_0052.npy
223,53,55.9558,893.525,gen0223_theta_nd_0053.npy,gen0223_A_nd_0053.npy
223,54,51.7891,886.093,gen0223_theta_nd_0054.npy,gen0223_A_nd_0054.npy
223,55,59.2172,899.423,gen0223_theta_nd_0055.npy,gen0223_A_nd_0055.npy
223,56,54.2143,890.287,gen0223_theta_nd_0056.npy,gen0223_A_nd_0056.npy
223,57,55.1908,891.758,gen0223_theta_nd_0057.npy,gen0223_A_nd_0057.npy
223,58,59.7711,900.543,gen0223_theta_nd_0058.npy,gen0223_A_nd_0058.npy
223,59,50.0201,882.124,gen0223_theta_nd_0059.npy,gen0223_A_nd_0059.npy
223,60,61.9005,904.248,gen0223_theta_nd_0060.npy,gen0223_A_nd_0060.npy
224,0,61.2864,903.229,gen0224_theta_nd_0000.npy,gen0224_A_nd_0000.npy
224,1,60.9176,902.627,gen0224_theta_nd_0001.npy,gen0224_A_nd_0001.npy
224,2,63.7954,908.246,gen0224_theta_nd_0002.npy,gen0224_A_nd_0002.npy
224,3,57.3643,896.242,gen0224_theta_nd_0003.npy,gen0224_A_nd_0003.npy
224,4,53.9656,889.672,gen0224_theta_nd_0004.npy,gen0224_A_nd_0004.npy
224,5,51.185,884.868,gen0224_theta_nd_0005.npy,gen0224_A_nd_0005.npy
224,6,64.4559,909.028,gen0224_theta_nd_0006.npy,gen0224_A_nd_0006.npy
224,7,53.3757,888.613,gen0224_theta_nd_0007.npy,gen0224_A_nd_0007.npy
224,8,51.7891,886.093,gen0224_theta_nd_0008.npy,gen0224_A_nd_0008.npy
224,9,64.2416,908.687,gen0224_theta_nd_0009.npy,gen0224_A_nd_0009.npy
224,10,50.0201,882.124,gen0224_theta_nd_0010.npy,gen0224_A_nd_0010.npy
224,11,57.9442,897.684,gen0224_theta_nd_0011.npy,gen0224_A_nd_0011.npy
224,12,63.6747,907.807,gen0224_theta_nd_0012.npy,gen0224_A_nd_0012.npy
224,13,60.8018,901.997,gen0224_theta_nd_0013.npy,gen0224_A_nd_0013.npy
224,14,63.0005,906.003,gen0224_theta_nd_0014.npy,gen0224_A_nd_0014.npy
224,15,53.0989,888.332,gen0224_theta_nd_0015.npy,gen0224_A_nd_0015.npy
224,16,50.7558,883.854,gen0224_theta_nd_0016.npy,gen0224_A_nd_0016.npy
224,17,50.5105,883.233,gen0224_theta_nd_0017.npy,gen0224_A_nd_0017.npy
224,18,59.2172,899.423,gen0224_theta_nd_0018.npy,gen0224_A_nd_0018.npy
224,19,52.0873,886.608,gen0224_theta_nd_0019.npy,gen0224_A_nd_0019.npy
224,20,56.798,895.344,gen0224_theta_nd_0020.npy,gen0224_A_nd_0020.npy
224,21,57.6379,897.044,gen0224_theta_nd_0021.npy,gen0224_A_nd_0021.npy
224,22,52.4349,887.121,gen0224_theta_nd_0022.npy,gen0224_A_nd_0022.npy
224,23,50.2701,882.54,gen0224_theta_nd_0023.npy,gen0224_A_nd_0023.npy
224,24,49.499,880.798,gen0224_theta_nd_0024.npy,gen0224_A_nd_0024.npy
224,25,56.2939,894.142,gen0224_theta_nd_0025.npy,gen0224_A_nd_0025.npy
224,26,60.1848,901.021,gen0224_theta_nd_0026.npy,gen0224_A_nd_0026.npy
224,27,52.6942,887.706,gen0224_theta_nd_0027.npy,gen0224_A_nd_0027.npy
224,28,48.6525,879.428,gen0224_theta_nd_0028.npy,gen0224_A_nd_0028.npy
224,29,59.4866,899.872,gen0224_theta_nd_0029.npy,gen0224_A_nd_0029.npy
224,30,59.7711,900.543,gen0224_theta_nd_0030.npy,gen0224_A_nd_0030.npy
224,31,58.5815,898.334,gen0224_theta_nd_0031.npy,gen0224_A_nd_0031.npy
224,32,62.7807,905.699,gen0224_theta_nd_0032.npy,gen0224_A_nd_0032.npy
224,33,58.8817,899.025,gen0224_theta_nd_0033.npy,gen0224_A_nd_0033.npy
224,34,58.3026,897.872,gen0224_theta_nd_0034.npy,gen0224_A_nd_0034.npy
224,35,61.6233,903.693,gen0224_theta_nd_0035.npy,gen0224_A_nd_0035.npy
224,36,55.1908,891.758,gen0224_theta_nd_0036.npy,gen0224_A_nd_0036.npy
224,37,57.0871,895.672,gen0224_theta_nd_0037.npy,gen0224_A_nd_0037.npy
224,38,48.4058,878.755,gen0224_theta_nd_0038.npy,gen0224_A_nd_0038.npy
224,39,49.2073,880.502,gen0224_theta_nd_0039.npy,gen0224_A_nd_0039.npy
224,40,49.7112,881.464,gen0224_theta_nd_0040.npy,gen0224_A_nd_0040.npy
224,41,63.3001,907.093,gen0224_theta_nd_0041.npy,gen0224_A_nd_0041.npy
224,42,50.9678,884.354,gen0224_theta_nd_0042.npy,gen0224_A_nd_0042.npy
224,43,47.845,877.808,gen0224_theta_nd_0043.npy,gen0224_A_nd_0043.npy
224,44,48.8278,879.83,gen0224_theta_nd_0044.npy,gen0224_A_nd_0044.npy
224,45,56.624,894.651,gen0224_theta_nd_0045.npy,gen0224_A_nd_0045.npy
224,46,54.9516,891.354,gen0224_theta_nd_0046.npy,gen0224_A_nd_0046.npy
224,47,54.2456,890.17,gen0224_theta_nd_0047.npy,gen0224_A_nd_0047.npy
224,48,48.0578,878.375,gen0224_theta_nd_0048.npy,gen0224_A_nd_0048.npy
224,49,61.9005,904.248,gen0224_theta_nd_0049.npy,gen0224_A_nd_0049.npy
224,50,55.9558,893.525,gen0224_theta_nd_0050.npy,gen0224_A_nd_0050.npy
224,51,51.5094,885.535,gen0224_theta_nd_0051.npy,gen0224_A_nd_0051.npy
224,52,54.5212,890.761,gen0224_theta_nd_0052.npy,gen0224_A_nd_0052.npy
224,53,62.4806,904.932,gen0224_theta_nd_0053.npy,gen0224_A_nd_0053.npy
224,54,55.3624,892.404,gen0224_theta_nd_0054.npy,gen0224_A_nd_0054.npy
224,55,55.723,893.05,gen0224_theta_nd_0055.npy,gen0224_A_nd_0055.npy
224,56,60.4762,901.547,gen0224_theta_nd_0056.npy,gen0224_A_nd_0056.npy
224,57,47.3408,877.237,gen0224_theta_nd_0057.npy,gen0224_A_nd_0057.npy
224,58,62.1456,904.32,gen0224_theta_nd_0058.npy,gen0224_A_nd_0058.npy
224,59,47.0438,876.738,gen0224_theta_nd_0059.npy,gen0224_A_nd_0059.npy
224,60,53.6517,889.142,gen0224_theta_nd_0060.npy,gen0224_A_nd_0060.npy
225,0,50.9678,884.354,gen0225_theta_nd_0000.npy,gen0225_A_nd_0000.npy
225,1,60.1848,901.021,gen0225_theta_nd_0001.npy,gen0225_A_nd_0001.npy
225,2,61.6233,903.693,gen0225_theta_nd_0002.npy,gen0225_A_nd_0002.npy
225,3,63.6314,907.677,gen0225_theta_nd_0003.npy,gen0225_A_nd_0003.npy
225,4,54.8701,891.207,gen0225_theta_nd_0004.npy,gen0225_A_nd_0004.npy
225,5,50.705,883.777,gen0225_theta_nd_0005.npy,gen0225_A_nd_0005.npy
225,6,51.2206,884.859,gen0225_theta_nd_0006.npy,gen0225_A_nd_0006.npy
225,7,56.798,895.344,gen0225_theta_nd_0007.npy,gen0225_A_nd_0007.npy
225,8,56.2939,894.142,gen0225_theta_nd_0008.npy,gen0225_A_nd_0008.npy
225,9,59.4866,899.872,gen0225_theta_nd_0009.npy,gen0225_A_nd_0009.npy
225,10,55.3624,892.404,gen0225_theta_nd_0010.npy,gen0225_A_nd_0010.npy
225,11,49.7112,881.464,gen0225_theta_nd_0011.npy,gen0225_A_nd_0011.npy
225,12,57.0871,895.672,gen0225_theta_nd_0012.npy,gen0225_A_nd_0012.npy
225,13,51.5094,885.535,gen0225_theta_nd_0013.npy,gen0225_A_nd_0013.npy
225,14,58.8817,899.025,gen0225_theta_nd_0014.npy,gen0225_A_nd_0014.npy
225,15,55.1908,891.758,gen0225_theta_nd_0015.npy,gen0225_A_nd_0015.npy
225,16,47.3408,877.237,gen0225_theta_nd_0016.npy,gen0225_A_nd_0016.npy
225,17,59.7711,900.543,gen0225_theta_nd_0017.npy,gen0225_A_nd_0017.npy
225,18,49.2073,880.502,gen0225_theta_nd_0018.npy,gen0225_A_nd_0018.npy
225,19,54.5343,890.803,gen0225_theta_nd_0019.npy,gen0225_A_nd_0019.npy
225,20,61.9005,904.248,gen0225_theta_nd_0020.npy,gen0225_A_nd_0020.npy
225,21,57.9442,897.684,gen0225_theta_nd_0021.npy,gen0225_A_nd_0021.npy
225,22,55.9558,893.525,gen0225_theta_nd_0022.npy,gen0225_A_nd_0022.npy
225,23,50.5105,883.233,gen0225_theta_nd_0023.npy,gen0225_A_nd_0023.npy
225,24,53.6517,889.142,gen0225_theta_nd_0024.npy,gen0225_A_nd_0024.npy
225,25,60.6279,901.913,gen0225_theta_nd_0025.npy,gen0225_A_nd_0025.npy
225,26,53.0989,888.332,gen0225_theta_nd_0026.npy,gen0225_A_nd_0026.npy
225,27,57.3643,896.242,gen0225_theta_nd_0027.npy,gen0225_A_nd_0027.npy
225,28,52.6621,887.661,gen0225_theta_nd_0028.npy,gen0225_A_nd_0028.npy
225,29,61.0216,902.374,gen0225_theta_nd_0029.npy,gen0225_A_nd_0029.npy
225,30,49.499,880.798,gen0225_theta_nd_0030.npy,gen0225_A_nd_0030.npy
225,31,61.2864,903.229,gen0225_theta_nd_0031.npy,gen0225_A_nd_0031.npy
225,32,53.3757,888.613,gen0225_theta_nd_0032.npy,gen0225_A_nd_0032.npy
225,33,50.1254,882.082,gen0225_theta_nd_0033.npy,gen0225_A_nd_0033.npy
225,34,58.3295,897.846,gen0225_theta_nd_0034.npy,gen0225_A_nd_0034.npy
225,35,47.0438,876.738,gen0225_theta_nd_0035.npy,gen0225_A_nd_0035.npy
225,36,47.845,877.808,gen0225_theta_nd_0036.npy,gen0225_A_nd_0036.npy
225,37,64.4559,909.028,gen0225_theta_nd_0037.npy,gen0225_A_nd_0037.npy
225,38,62.1456,904.32,gen0225_theta_nd_0038.npy,gen0225_A_nd_0038.npy
225,39,64.2416,908.687,gen0225_theta_nd_0039.npy,gen0225_A_nd_0039.npy
225,40,56.624,894.651,gen0225_theta_nd_0040.npy,gen0225_A_nd_0040.npy
225,41,52.0873,886.608,gen0225_theta_nd_0041.npy,gen0225_A_nd_0041.npy
225,42,63.3256,907.083,gen0225_theta_nd_0042.npy,gen0225_A_nd_0042.npy
225,43,48.8278,879.83,gen0225_theta_nd_0043.npy,gen0225_A_nd_0043.npy
225,44,55.723,893.05,gen0225_theta_nd_0044.npy,gen0225_A_nd_0044.npy
225,45,54.2456,890.17,gen0225_theta_nd_0045.npy,gen0225_A_nd_0045.npy
225,46,48.6525,879.428,gen0225_theta_nd_0046.npy,gen0225_A_nd_0046.npy
225,47,63.7954,908.246,gen0225_theta_nd_0047.npy,gen0225_A_nd_0047.npy
225,48,52.4349,887.121,gen0225_theta_nd_0048.npy,gen0225_A_nd_0048.npy
225,49,62.4806,904.932,gen0225_theta_nd_0049.npy,gen0225_A_nd_0049.npy
225,50,50.2701,882.54,gen0225_theta_nd_0050.npy,gen0225_A_nd_0050.npy
225,51,63.0005,906.003,gen0225_theta_nd_0051.npy,gen0225_A_nd_0051.npy
225,52,53.9656,889.672,gen0225_theta_nd_0052.npy,gen0225_A_nd_0052.npy
225,53,58.5815,898.334,gen0225_theta_nd_0053.npy,gen0225_A_nd_0053.npy
225,54,62.7201,905.319,gen0225_theta_nd_0054.npy,gen0225_A_nd_0054.npy
225,55,48.4362,878.732,gen0225_theta_nd_0055.npy,gen0225_A_nd_0055.npy
225,56,59.2172,899.423,gen0225_theta_nd_0056.npy,gen0225_A_nd_0056.npy
225,57,60.4762,901.547,gen0225_theta_nd_0057.npy,gen0225_A_nd_0057.npy
225,58,48.0578,878.375,gen0225_theta_nd_0058.npy,gen0225_A_nd_0058.npy
225,59,57.6379,897.044,gen0225_theta_nd_0059.npy,gen0225_A_nd_0059.npy
225,60,51.7891,886.093,gen0225_theta_nd_0060.npy,gen0225_A_nd_0060.npy
226,0,50.5105,883.233,gen0226_theta_nd_0000.npy,gen0226_A_nd_0000.npy
226,1,52.4349,887.121,gen0226_theta_nd_0001.npy,gen0226_A_nd_0001.npy
226,2,51.5094,885.535,gen0226_theta_nd_0002.npy,gen0226_A_nd_0002.npy
226,3,63.3256,907.083,gen0226_theta_nd_0003.npy,gen0226_A_nd_0003.npy
226,4,55.723,893.05,gen0226_theta_nd_0004.npy,gen0226_A_nd_0004.npy
226,5,53.3757,888.613,gen0226_theta_nd_0005.npy,gen0226_A_nd_0005.npy
226,6,48.6525,879.428,gen0226_theta_nd_0006.npy,gen0226_A_nd_0006.npy
226,7,47.3408,877.237,gen0226_theta_nd_0007.npy,gen0226_A_nd_0007.npy
226,8,62.4806,904.932,gen0226_theta_nd_0008.npy,gen0226_A_nd_0008.npy
226,9,54.8701,891.207,gen0226_theta_nd_0009.npy,gen0226_A_nd_0009.npy
226,10,53.9656,889.672,gen0226_theta_nd_0010.npy,gen0226_A_nd_0010.npy
226,11,53.0989,888.332,gen0226_theta_nd_0011.npy,gen0226_A_nd_0011.npy
226,12,57.9442,897.684,gen0226_theta_nd_0012.npy,gen0226_A_nd_0012.npy
226,13,63.6314,907.677,gen0226_theta_nd_0013.npy,gen0226_A_nd_0013.npy
226,14,59.4866,899.872,gen0226_theta_nd_0014.npy,gen0226_A_nd_0014.npy
226,15,59.2172,899.423,gen0226_theta_nd_0015.npy,gen0226_A_nd_0015.npy
226,16,47.0438,876.738,gen0226_theta_nd_0016.npy,gen0226_A_nd_0016.npy
226,17,63.0005,906.003,gen0226_theta_nd_0017.npy,gen0226_A_nd_0017.npy
226,18,54.2456,890.17,gen0226_theta_nd_0018.npy,gen0226_A_nd_0018.npy
226,19,61.2864,903.229,gen0226_theta_nd_0019.npy,gen0226_A_nd_0019.npy
226,20,50.1254,882.082,gen0226_theta_nd_0020.npy,gen0226_A_nd_0020.npy
226,21,58.5815,898.334,gen0226_theta_nd_0021.npy,gen0226_A_nd_0021.npy
226,22,55.1908,891.758,gen0226_theta_nd_0022.npy,gen0226_A_nd_0022.npy
226,23,51.2206,884.859,gen0226_theta_nd_0023.npy,gen0226_A_nd_0023.npy
226,24,57.3643,896.242,gen0226_theta_nd_0024.npy,gen0226_A_nd_0024.npy
226,25,64.2416,908.687,gen0226_theta_nd_0025.npy,gen0226_A_nd_0025.npy
226,26,55.4069,892.405,gen0226_theta_nd_0026.npy,gen0226_A_nd_0026.npy
226,27,52.0873,886.608,gen0226_theta_nd_0027.npy,gen0226_A_nd_0027.npy
226,28,53.6517,889.142,gen0226_theta_nd_0028.npy,gen0226_A_nd_0028.npy
226,29,49.2073,880.502,gen0226_theta_nd_0029.npy,gen0226_A_nd_0029.npy
226,30,64.4559,909.028,gen0226_theta_nd_0030.npy,gen0226_A_nd_0030.npy
226,31,50.2701,882.54,gen0226_theta_nd_0031.npy,gen0226_A_nd_0031.npy
226,32,61.6233,903.693,gen0226_theta_nd_0032.npy,gen0226_A_nd_0032.npy
226,33,47.845,877.808,gen0226_theta_nd_0033.npy,gen0226_A_nd_0033.npy
226,34,60.6399,902.096,gen0226_theta_nd_0034.npy,gen0226_A_nd_0034.npy
226,35,58.3295,897.846,gen0226_theta_nd_0035.npy,gen0226_A_nd_0035.npy
226,36,50.705,883.777,gen0226_theta_nd_0036.npy,gen0226_A_nd_0036.npy
226,37,61.9005,904.248,gen0226_theta_nd_0037.npy,gen0226_A_nd_0037.npy
226,38,50.9678,884.354,gen0226_theta_nd_0038.npy,gen0226_A_nd_0038.npy
226,39,56.2939,894.142,gen0226_theta_nd_0039.npy,gen0226_A_nd_0039.npy
226,40,48.0578,878.375,gen0226_theta_nd_0040.npy,gen0226_A_nd_0040.npy
226,41,58.8817,899.025,gen0226_theta_nd_0041.npy,gen0226_A_nd_0041.npy
226,42,60.4762,901.547,gen0226_theta_nd_0042.npy,gen0226_A_nd_0042.npy
226,43,63.8354,908.025,gen0226_theta_nd_0043.npy,gen0226_A_nd_0043.npy
226,44,57.0871,895.672,gen0226_theta_nd_0044.npy,gen0226_A_nd_0044.npy
226,45,59.7807,900.471,gen0226_theta_nd_0045.npy,gen0226_A_nd_0045.npy
226,46,49.0704,879.96,gen0226_theta_nd_0046.npy,gen0226_A_nd_0046.npy
226,47,48.4362,878.732,gen0226_theta_nd_0047.npy,gen0226_A_nd_0047.npy
226,48,55.9558,893.525,gen0226_theta_nd_0048.npy,gen0226_A_nd_0048.npy
226,49,56.6502,894.613,gen0226_theta_nd_0049.npy,gen0226_A_nd_0049.npy
226,50,54.5343,890.803,gen0226_theta_nd_0050.npy,gen0226_A_nd_0050.npy
226,51,49.7112,881.464,gen0226_theta_nd_0051.npy,gen0226_A_nd_0051.npy
226,52,61.0216,902.374,gen0226_theta_nd_0052.npy,gen0226_A_nd_0052.npy
226,53,49.499,880.798,gen0226_theta_nd_0053.npy,gen0226_A_nd_0053.npy
226,54,51.8377,885.937,gen0226_theta_nd_0054.npy,gen0226_A_nd_0054.npy
226,55,57.6379,897.044,gen0226_theta_nd_0055.npy,gen0226_A_nd_0055.npy
226,56,60.1028,900.919,gen0226_theta_nd_0056.npy,gen0226_A_nd_0056.npy
226,57,52.6694,887.518,gen0226_theta_nd_0057.npy,gen0226_A_nd_0057.npy
226,58,62.1456,904.32,gen0226_theta_nd_0058.npy,gen0226_A_nd_0058.npy
226,59,62.7201,905.319,gen0226_theta_nd_0059.npy,gen0226_A_nd_0059.npy
226,60,56.798,895.344,gen0226_theta_nd_0060.npy,gen0226_A_nd_0060.npy
227,0,52.6694,887.518,gen0227_theta_nd_0000.npy,gen0227_A_nd_0000.npy
227,1,58.8817,899.025,gen0227_theta_nd_0001.npy,gen0227_A_nd_0001.npy
227,2,55.6532,893.035,gen0227_theta_nd_0002.npy,gen0227_A_nd_0002.npy
227,3,52.4349,887.121,gen0227_theta_nd_0003.npy,gen0227_A_nd_0003.npy
227,4,53.3757,888.613,gen0227_theta_nd_0004.npy,gen0227_A_nd_0004.npy
227,5,48.6525,879.428,gen0227_theta_nd_0005.npy,gen0227_A_nd_0005.npy
227,6,60.6399,902.096,gen0227_theta_nd_0006.npy,gen0227_A_nd_0006.npy
227,7,57.1833,895.555,gen0227_theta_nd_0007.npy,gen0227_A_nd_0007.npy
227,8,57.6379,897.044,gen0227_theta_nd_0008.npy,gen0227_A_nd_0008.npy
227,9,63.0005,906.003,gen0227_theta_nd_0009.npy,gen0227_A_nd_0009.npy
227,10,49.0704,879.96,gen0227_theta_nd_0010.npy,gen0227_A_nd_0010.npy
227,11,59.5249,899.947,gen0227_theta_nd_0011.npy,gen0227_A_nd_0011.npy
227,12,61.0216,902.374,gen0227_theta_nd_0012.npy,gen0227_A_nd_0012.npy
227,13,51.5094,885.535,gen0227_theta_nd_0013.npy,gen0227_A_nd_0013.npy
227,14,56.6502,894.613,gen0227_theta_nd_0014.npy,gen0227_A_nd_0014.npy
227,15,51.8377,885.937,gen0227_theta_nd_0015.npy,gen0227_A_nd_0015.npy
227,16,61.6233,903.693,gen0227_theta_nd_0016.npy,gen0227_A_nd_0016.npy
227,17,50.7486,883.701,gen0227_theta_nd_0017.npy,gen0227_A_nd_0017.npy
227,18,48.4362,878.732,gen0227_theta_nd_0018.npy,gen0227_A_nd_0018.npy
227,19,47.0438,876.738,gen0227_theta_nd_0019.npy,gen0227_A_nd_0019.npy
227,20,49.6257,881.062,gen0227_theta_nd_0020.npy,gen0227_A_nd_0020.npy
227,21,54.3071,890.242,gen0227_theta_nd_0021.npy,gen0227_A_nd_0021.npy
227,22,62.1456,904.32,gen0227_theta_nd_0022.npy,gen0227_A_nd_0022.npy
227,23,49.7112,881.464,gen0227_theta_nd_0023.npy,gen0227_A_nd_0023.npy
227,24,58.3295,897.846,gen0227_theta_nd_0024.npy,gen0227_A_nd_0024.npy
227,25,49.2626,880.492,gen0227_theta_nd_0025.npy,gen0227_A_nd_0025.npy
227,26,48.0578,878.375,gen0227_theta_nd_0026.npy,gen0227_A_nd_0026.npy
227,27,50.5105,883.233,gen0227_theta_nd_0027.npy,gen0227_A_nd_0027.npy
227,28,54.8701,891.207,gen0227_theta_nd_0028.npy,gen0227_A_nd_0028.npy
227,29,64.4559,909.028,gen0227_theta_nd_0029.npy,gen0227_A_nd_0029.npy
227,30,56.2939,894.142,gen0227_theta_nd_0030.npy,gen0227_A_nd_0030.npy
227,31,55.9558,893.525,gen0227_theta_nd_0031.npy,gen0227_A_nd_0031.npy
227,32,55.4069,892.405,gen0227_theta_nd_0032.npy,gen0227_A_nd_0032.npy
227,33,60.4762,901.547,gen0227_theta_nd_0033.npy,gen0227_A_nd_0033.npy
227,34,63.3256,907.083,gen0227_theta_nd_0034.npy,gen0227_A_nd_0034.npy
227,35,62.4806,904.932,gen0227_theta_nd_0035.npy,gen0227_A_nd_0035.npy
227,36,59.2172,899.423,gen0227_theta_nd_0036.npy,gen0227_A_nd_0036.npy
227,37,47.3408,877.237,gen0227_theta_nd_0037.npy,gen0227_A_nd_0037.npy
227,38,59.7807,900.471,gen0227_theta_nd_0038.npy,gen0227_A_nd_0038.npy
227,39,51.2206,884.859,gen0227_theta_nd_0039.npy,gen0227_A_nd_0039.npy
227,40,50.1254,882.082,gen0227_theta_nd_0040.npy,gen0227_A_nd_0040.npy
227,41,64.2416,908.687,gen0227_theta_nd_0041.npy,gen0227_A_nd_0041.npy
227,42,58.1143,897.616,gen0227_theta_nd_0042.npy,gen0227_A_nd_0042.npy
227,43,47.845,877.808,gen0227_theta_nd_0043.npy,gen0227_A_nd_0043.npy
227,44,63.8354,908.025,gen0227_theta_nd_0044.npy,gen0227_A_nd_0044.npy
227,45,54.5343,890.803,gen0227_theta_nd_0045.npy,gen0227_A_nd_0045.npy
227,46,53.0989,888.332,gen0227_theta_nd_0046.npy,gen0227_A_nd_0046.npy
227,47,50.9678,884.354,gen0227_theta_nd_0047.npy,gen0227_A_nd_0047.npy
227,48,53.6517,889.142,gen0227_theta_nd_0048.npy,gen0227_A_nd_0048.npy
227,49,55.1908,891.758,gen0227_theta_nd_0049.npy,gen0227_A_nd_0049.npy
227,50,61.2864,903.229,gen0227_theta_nd_0050.npy,gen0227_A_nd_0050.npy
227,51,53.974,889.598,gen0227_theta_nd_0051.npy,gen0227_A_nd_0051.npy
227,52,52.0873,886.608,gen0227_theta_nd_0052.npy,gen0227_A_nd_0052.npy
227,53,56.798,895.344,gen0227_theta_nd_0053.npy,gen0227_A_nd_0053.npy
227,54,58.5815,898.334,gen0227_theta_nd_0054.npy,gen0227_A_nd_0054.npy
227,55,61.9005,904.248,gen0227_theta_nd_0055.npy,gen0227_A_nd_0055.npy
227,56,60.1028,900.919,gen0227_theta_nd_0056.npy,gen0227_A_nd_0056.npy
227,57,62.7201,905.319,gen0227_theta_nd_0057.npy,gen0227_A_nd_0057.npy
227,58,50.2701,882.54,gen0227_theta_nd_0058.npy,gen0227_A_nd_0058.npy
227,59,57.3774,896.237,gen0227_theta_nd_0059.npy,gen0227_A_nd_0059.npy
227,60,63.6314,907.677,gen0227_theta_nd_0060.npy,gen0227_A_nd_0060.npy
228,0,60.6399,902.096,gen0228_theta_nd_0000.npy,gen0228_A_nd_0000.npy
228,1,53.6517,889.142,gen0228_theta_nd_0001.npy,gen0228_A_nd_0001.npy
228,2,47.845,877.808,gen0228_theta_nd_0002.npy,gen0228_A_nd_0002.npy
228,3,53.974,889.598,gen0228_theta_nd_0003.npy,gen0228_A_nd_0003.npy
228,4,58.8817,899.025,gen0228_theta_nd_0004.npy,gen0228_A_nd_0004.npy
228,5,56.2939,894.142,gen0228_theta_nd_0005.npy,gen0228_A_nd_0005.npy
228,6,47.0438,876.738,gen0228_theta_nd_0006.npy,gen0228_A_nd_0006.npy
228,7,50.5105,883.233,gen0228_theta_nd_0007.npy,gen0228_A_nd_0007.npy
228,8,57.6379,897.044,gen0228_theta_nd_0008.npy,gen0228_A_nd_0008.npy
228,9,61.9005,904.248,gen0228_theta_nd_0009.npy,gen0228_A_nd_0009.npy
228,10,62.4806,904.932,gen0228_theta_nd_0010.npy,gen0228_A_nd_0010.npy
228,11,60.1028,900.919,gen0228_theta_nd_0011.npy,gen0228_A_nd_0011.npy
228,12,54.8701,891.207,gen0228_theta_nd_0012.npy,gen0228_A_nd_0012.npy
228,13,64.4559,909.028,gen0228_theta_nd_0013.npy,gen0228_A_nd_0013.npy
228,14,47.3408,877.237,gen0228_theta_nd_0014.npy,gen0228_A_nd_0014.npy
228,15,55.6532,893.035,gen0228_theta_nd_0015.npy,gen0228_A_nd_0015.npy
228,16,57.3774,896.237,gen0228_theta_nd_0016.npy,gen0228_A_nd_0016.npy
228,17,59.2172,899.423,gen0228_theta_nd_0017.npy,gen0228_A_nd_0017.npy
228,18,57.1833,895.555,gen0228_theta_nd_0018.npy,gen0228_A_nd_0018.npy
228,19,63.3256,907.083,gen0228_theta_nd_0019.npy,gen0228_A_nd_0019.npy
228,20,63.8354,908.025,gen0228_theta_nd_0020.npy,gen0228_A_nd_0020.npy
228,21,56.6502,894.613,gen0228_theta_nd_0021.npy,gen0228_A_nd_0021.npy
228,22,61.2864,903.229,gen0228_theta_nd_0022.npy,gen0228_A_nd_0022.npy
228,23,63.6314,907.677,gen0228_theta_nd_0023.npy,gen0228_A_nd_0023.npy
228,24,58.5979,898.466,gen0228_theta_nd_0024.npy,gen0228_A_nd_0024.npy
228,25,56.798,895.344,gen0228_theta_nd_0025.npy,gen0228_A_nd_0025.npy
228,26,62.7201,905.319,gen0228_theta_nd_0026.npy,gen0228_A_nd_0026.npy
228,27,54.3071,890.242,gen0228_theta_nd_0027.npy,gen0228_A_nd_0027.npy
228,28,51.8377,885.937,gen0228_theta_nd_0028.npy,gen0228_A_nd_0028.npy
228,29,60.4762,901.547,gen0228_theta_nd_0029.npy,gen0228_A_nd_0029.npy
228,30,52.4349,887.121,gen0228_theta_nd_0030.npy,gen0228_A_nd_0030.npy
228,31,51.2206,884.859,gen0228_theta_nd_0031.npy,gen0228_A_nd_0031.npy
228,32,51.5492,885.441,gen0228_theta_nd_0032.npy,gen0228_A_nd_0032.npy
228,33,63.0005,906.003,gen0228_theta_nd_0033.npy,gen0228_A_nd_0033.npy
228,34,55.1908,891.758,gen0228_theta_nd_0034.npy,gen0228_A_nd_0034.npy
228,35,54.5343,890.803,gen0228_theta_nd_0035.npy,gen0228_A_nd_0035.npy
228,36,50.1254,882.082,gen0228_theta_nd_0036.npy,gen0228_A_nd_0036.npy
228,37,64.2416,908.687,gen0228_theta_nd_0037.npy,gen0228_A_nd_0037.npy
228,38,50.7486,883.701,gen0228_theta_nd_0038.npy,gen0228_A_nd_0038.npy
228,39,50.9678,884.354,gen0228_theta_nd_0039.npy,gen0228_A_nd_0039.npy
228,40,62.1456,904.32,gen0228_theta_nd_0040.npy,gen0228_A_nd_0040.npy
228,41,49.7112,881.464,gen0228_theta_nd_0041.npy,gen0228_A_nd_0041.npy
228,42,59.5249,899.947,gen0228_theta_nd_0042.npy,gen0228_A_nd_0042.npy
228,43,48.4362,878.732,gen0228_theta_nd_0043.npy,gen0228_A_nd_0043.npy
228,44,48.6525,879.428,gen0228_theta_nd_0044.npy,gen0228_A_nd_0044.npy
228,45,52.7298,887.693,gen0228_theta_nd_0045.npy,gen0228_A_nd_0045.npy
228,46,50.2701,882.54,gen0228_theta_nd_0046.npy,gen0228_A_nd_0046.npy
228,47,61.0216,902.374,gen0228_theta_nd_0047.npy,gen0228_A_nd_0047.npy
228,48,52.9926,888.149,gen0228_theta_nd_0048.npy,gen0228_A_nd_0048.npy
228,49,49.6257,881.062,gen0228_theta_nd_0049.npy,gen0228_A_nd_0049.npy
228,50,58.3295,897.846,gen0228_theta_nd_0050.npy,gen0228_A_nd_0050.npy
228,51,59.7807,900.471,gen0228_theta_nd_0051.npy,gen0228_A_nd_0051.npy
228,52,58.0658,897.399,gen0228_theta_nd_0052.npy,gen0228_A_nd_0052.npy
228,53,53.3757,888.613,gen0228_theta_nd_0053.npy,gen0228_A_nd_0053.npy
228,54,55.4069,892.405,gen0228_theta_nd_0054.npy,gen0228_A_nd_0054.npy
228,55,49.2626,880.492,gen0228_theta_nd_0055.npy,gen0228_A_nd_0055.npy
228,56,52.1527,886.42,gen0228_theta_nd_0056.npy,gen0228_A_nd_0056.npy
228,57,48.0578,878.375,gen0228_theta_nd_0057.npy,gen0228_A_nd_0057.npy
228,58,61.5231,903.576,gen0228_theta_nd_0058.npy,gen0228_A_nd_0058.npy
228,59,55.9558,893.525,gen0228_theta_nd_0059.npy,gen0228_A_nd_0059.npy
228,60,49.0704,879.96,gen0228_theta_nd_0060.npy,gen0228_A_nd_0060.npy
229,0,64.2416,908.687,gen0229_theta_nd_0000.npy,gen0229_A_nd_0000.npy
229,1,60.6399,902.096,gen0229_theta_nd_0001.npy,gen0229_A_nd_0001.npy
229,2,63.5806,907.55,gen0229_theta_nd_0002.npy,gen0229_A_nd_0002.npy
229,3,63.0005,906.003,gen0229_theta_nd_0003.npy,gen0229_A_nd_0003.npy
229,4,55.6532,893.035,gen0229_theta_nd_0004.npy,gen0229_A_nd_0004.npy
229,5,50.1254,882.082,gen0229_theta_nd_0005.npy,gen0229_A_nd_0005.npy
229,6,60.4762,901.547,gen0229_theta_nd_0006.npy,gen0229_A_nd_0006.npy
229,7,63.3256,907.083,gen0229_theta_nd_0007.npy,gen0229_A_nd_0007.npy
229,8,47.0438,876.738,gen0229_theta_nd_0008.npy,gen0229_A_nd_0008.npy
229,9,47.3408,877.237,gen0229_theta_nd_0009.npy,gen0229_A_nd_0009.npy
229,10,54.3071,890.242,gen0229_theta_nd_0010.npy,gen0229_A_nd_0010.npy
229,11,55.4069,892.405,gen0229_theta_nd_0011.npy,gen0229_A_nd_0011.npy
229,12,63.8354,908.025,gen0229_theta_nd_0012.npy,gen0229_A_nd_0012.npy
229,13,51.2206,884.859,gen0229_theta_nd_0013.npy,gen0229_A_nd_0013.npy
229,14,61.0216,902.374,gen0229_theta_nd_0014.npy,gen0229_A_nd_0014.npy
229,15,57.1833,895.555,gen0229_theta_nd_0015.npy,gen0229_A_nd_0015.npy
229,16,59.7807,900.471,gen0229_theta_nd_0016.npy,gen0229_A_nd_0016.npy
229,17,53.974,889.598,gen0229_theta_nd_0017.npy,gen0229_A_nd_0017.npy
229,18,55.9558,893.525,gen0229_theta_nd_0018.npy,gen0229_A_nd_0018.npy
229,19,57.6379,897.044,gen0229_theta_nd_0019.npy,gen0229_A_nd_0019.npy
229,20,53.6517,889.142,gen0229_theta_nd_0020.npy,gen0229_A_nd_0020.npy
229,21,52.9926,888.149,gen0229_theta_nd_0021.npy,gen0229_A_nd_0021.npy
229,22,49.6257,881.062,gen0229_theta_nd_0022.npy,gen0229_A_nd_0022.npy
229,23,58.887,898.878,gen0229_theta_nd_0023.npy,gen0229_A_nd_0023.npy
229,24,57.3774,896.237,gen0229_theta_nd_0024.npy,gen0229_A_nd_0024.npy
229,25,60.1028,900.919,gen0229_theta_nd_0025.npy,gen0229_A_nd_0025.npy
229,26,53.3757,888.613,gen0229_theta_nd_0026.npy,gen0229_A_nd_0026.npy
229,27,50.7486,883.701,gen0229_theta_nd_0027.npy,gen0229_A_nd_0027.npy
229,28,50.5105,883.233,gen0229_theta_nd_0028.npy,gen0229_A_nd_0028.npy
229,29,49.7384,881.342,gen0229_theta_nd_0029.npy,gen0229_A_nd_0029.npy
229,30,56.2939,894.142,gen0229_theta_nd_0030.npy,gen0229_A_nd_0030.npy
229,31,49.0704,879.96,gen0229_theta_nd_0031.npy,gen0229_A_nd_0031.npy
229,32,49.2176,880.454,gen0229_theta_nd_0032.npy,gen0229_A_nd_0032.npy
229,33,51.5492,885.441,gen0229_theta_nd_0033.npy,gen0229_A_nd_0033.npy
229,34,51.8377,885.937,gen0229_theta_nd_0034.npy,gen0229_A_nd_0034.npy
229,35,52.7298,887.693,gen0229_theta_nd_0035.npy,gen0229_A_nd_0035.npy
229,36,58.5979,898.466,gen0229_theta_nd_0036.npy,gen0229_A_nd_0036.npy
229,37,59.2172,899.423,gen0229_theta_nd_0037.npy,gen0229_A_nd_0037.npy
229,38,59.5249,899.947,gen0229_theta_nd_0038.npy,gen0229_A_nd_0038.npy
229,39,50.2701,882.54,gen0229_theta_nd_0039.npy,gen0229_A_nd_0039.npy
229,40,62.4806,904.932,gen0229_theta_nd_0040.npy,gen0229_A_nd_0040.npy
229,41,62.1456,904.32,gen0229_theta_nd_0041.npy,gen0229_A_nd_0041.npy
229,42,64.4559,909.028,gen0229_theta_nd_0042.npy,gen0229_A_nd_0042.npy
229,43,50.9678,884.354,gen0229_theta_nd_0043.npy,gen0229_A_nd_0043.npy
229,44,61.5231,903.576,gen0229_theta_nd_0044.npy,gen0229_A_nd_0044.npy
229,45,48.4362,878.732,gen0229_theta_nd_0045.npy,gen0229_A_nd_0045.npy
229,46,52.1527,886.42,gen0229_theta_nd_0046.npy,gen0229_A_nd_0046.npy
229,47,61.7205,904.168,gen0229_theta_nd_0047.npy,gen0229_A_nd_0047.npy
229,48,48.6525,879.428,gen0229_theta_nd_0048.npy,gen0229_A_nd_0048.npy
229,49,48.0578,878.375,gen0229_theta_nd_0049.npy,gen0229_A_nd_0049.npy
229,50,58.0658,897.399,gen0229_theta_nd_0050.npy,gen0229_A_nd_0050.npy
229,51,56.798,895.344,gen0229_theta_nd_0051.npy,gen0229_A_nd_0051.npy
229,52,52.4349,887.121,gen0229_theta_nd_0052.npy,gen0229_A_nd_0052.npy
229,53,47.8458,877.752,gen0229_theta_nd_0053.npy,gen0229_A_nd_0053.npy
229,54,58.3295,897.846,gen0229_theta_nd_0054.npy,gen0229_A_nd_0054.npy
229,55,62.7201,905.319,gen0229_theta_nd_0055.npy,gen0229_A_nd_0055.npy
229,56,55.1908,891.758,gen0229_theta_nd_0056.npy,gen0229_A_nd_0056.npy
229,57,61.2864,903.229,gen0229_theta_nd_0057.npy,gen0229_A_nd_0057.npy
229,58,56.604,894.382,gen0229_theta_nd_0058.npy,gen0229_A_nd_0058.npy
229,59,54.5444,890.727,gen0229_theta_nd_0059.npy,gen0229_A_nd_0059.npy
229,60,54.8701,891.207,gen0229_theta_nd_0060.npy,gen0229_A_nd_0060.npy
230,0,59.2172,899.423,gen0230_theta_nd_0000.npy,gen0230_A_nd_0000.npy
230,1,62.1456,904.32,gen0230_theta_nd_0001.npy,gen0230_A_nd_0001.npy
230,2,49.7692,881.592,gen0230_theta_nd_0002.npy,gen0230_A_nd_0002.npy
230,3,48.6525,879.428,gen0230_theta_nd_0003.npy,gen0230_A_nd_0003.npy
230,4,63.3256,907.083,gen0230_theta_nd_0004.npy,gen0230_A_nd_0004.npy
230,5,50.7486,883.701,gen0230_theta_nd_0005.npy,gen0230_A_nd_0005.npy
230,6,59.5249,899.947,gen0230_theta_nd_0006.npy,gen0230_A_nd_0006.npy
230,7,55.1908,891.758,gen0230_theta_nd_0007.npy,gen0230_A_nd_0007.npy
230,8,61.7205,904.168,gen0230_theta_nd_0008.npy,gen0230_A_nd_0008.npy
230,9,58.0658,897.399,gen0230_theta_nd_0009.npy,gen0230_A_nd_0009.npy
230,10,63.5806,907.55,gen0230_theta_nd_0010.npy,gen0230_A_nd_0010.npy
230,11,54.3071,890.242,gen0230_theta_nd_0011.npy,gen0230_A_nd_0011.npy
230,12,47.3408,877.237,gen0230_theta_nd_0012.npy,gen0230_A_nd_0012.npy
230,13,50.9678,884.354,gen0230_theta_nd_0013.npy,gen0230_A_nd_0013.npy
230,14,55.9558,893.525,gen0230_theta_nd_0014.npy,gen0230_A_nd_0014.npy
230,15,52.464,887.023,gen0230_theta_nd_0015.npy,gen0230_A_nd_0015.npy
230,16,62.4806,904.932,gen0230_theta_nd_0016.npy,gen0230_A_nd_0016.npy
230,17,52.7044,887.678,gen0230_theta_nd_0017.npy,gen0230_A_nd_0017.npy
230,18,56.2939,894.142,gen0230_theta_nd_0018.npy,gen0230_A_nd_0018.npy
230,19,50.1254,882.082,gen0230_theta_nd_0019.npy,gen0230_A_nd_0019.npy
230,20,64.2416,908.687,gen0230_theta_nd_0020.npy,gen0230_A_nd_0020.npy
230,21,55.4069,892.405,gen0230_theta_nd_0021.npy,gen0230_A_nd_0021.npy
230,22,61.2864,903.229,gen0230_theta_nd_0022.npy,gen0230_A_nd_0022.npy
230,23,64.4559,909.028,gen0230_theta_nd_0023.npy,gen0230_A_nd_0023.npy
230,24,52.9926,888.149,gen0230_theta_nd_0024.npy,gen0230_A_nd_0024.npy
230,25,61.0216,902.374,gen0230_theta_nd_0025.npy,gen0230_A_nd_0025.npy
230,26,55.6532,893.035,gen0230_theta_nd_0026.npy,gen0230_A_nd_0026.npy
230,27,56.798,895.344,gen0230_theta_nd_0027.npy,gen0230_A_nd_0027.npy
230,28,50.5105,883.233,gen0230_theta_nd_0028.npy,gen0230_A_nd_0028.npy
230,29,58.887,898.878,gen0230_theta_nd_0029.npy,gen0230_A_nd_0029.npy
230,30,51.2523,884.811,gen0230_theta_nd_0030.npy,gen0230_A_nd_0030.npy
230,31,57.3774,896.237,gen0230_theta_nd_0031.npy,gen0230_A_nd_0031.npy
230,32,53.6517,889.142,gen0230_theta_nd_0032.npy,gen0230_A_nd_0032.npy
230,33,47.0438,876.738,gen0230_theta_nd_0033.npy,gen0230_A_nd_0033.npy
230,34,62.7201,905.319,gen0230_theta_nd_0034.npy,gen0230_A_nd_0034.npy
230,35,49.6257,881.062,gen0230_theta_nd_0035.npy,gen0230_A_nd_0035.npy
230,36,51.8377,885.937,gen0230_theta_nd_0036.npy,gen0230_A_nd_0036.npy
230,37,56.604,894.382,gen0230_theta_nd_0037.npy,gen0230_A_nd_0037.npy
230,38,57.1833,895.555,gen0230_theta_nd_0038.npy,gen0230_A_nd_0038.npy
230,39,47.8458,877.752,gen0230_theta_nd_0039.npy,gen0230_A_nd_0039.npy
230,40,48.4362,878.732,gen0230_theta_nd_0040.npy,gen0230_A_nd_0040.npy
230,41,63.0005,906.003,gen0230_theta_nd_0041.npy,gen0230_A_nd_0041.npy
230,42,49.0704,879.96,gen0230_theta_nd_0042.npy,gen0230_A_nd_0042.npy
230,43,53.974,889.598,gen0230_theta_nd_0043.npy,gen0230_A_nd_0043.npy
230,44,48.0578,878.375,gen0230_theta_nd_0044.npy,gen0230_A_nd_0044.npy
230,45,57.6379,897.044,gen0230_theta_nd_0045.npy,gen0230_A_nd_0045.npy
230,46,54.5444,890.727,gen0230_theta_nd_0046.npy,gen0230_A_nd_0046.npy
230,47,60.6399,902.096,gen0230_theta_nd_0047.npy,gen0230_A_nd_0047.npy
230,48,52.1527,886.42,gen0230_theta_nd_0048.npy,gen0230_A_nd_0048.npy
230,49,60.1028,900.919,gen0230_theta_nd_0049.npy,gen0230_A_nd_0049.npy
230,50,51.5492,885.441,gen0230_theta_nd_0050.npy,gen0230_A_nd_0050.npy
230,51,59.7807,900.471,gen0230_theta_nd_0051.npy,gen0230_A_nd_0051.npy
230,52,54.8701,891.207,gen0230_theta_nd_0052.npy,gen0230_A_nd_0052.npy
230,53,50.2701,882.54,gen0230_theta_nd_0053.npy,gen0230_A_nd_0053.npy
230,54,58.5979,898.466,gen0230_theta_nd_0054.npy,gen0230_A_nd_0054.npy
230,55,58.3295,897.846,gen0230_theta_nd_0055.npy,gen0230_A_nd_0055.npy
230,56,60.3386,901.323,gen0230_theta_nd_0056.npy,gen0230_A_nd_0056.npy
230,57,49.2176,880.454,gen0230_theta_nd_0057.npy,gen0230_A_nd_0057.npy
230,58,63.8354,908.025,gen0230_theta_nd_0058.npy,gen0230_A_nd_0058.npy
230,59,53.3757,888.613,gen0230_theta_nd_0059.npy,gen0230_A_nd_0059.npy
230,60,61.5231,903.576,gen0230_theta_nd_0060.npy,gen0230_A_nd_0060.npy
231,0,49.5127,880.981,gen0231_theta_nd_0000.npy,gen0231_A_nd_0000.npy
231,1,61.7205,904.168,gen0231_theta_nd_0001.npy,gen0231_A_nd_0001.npy
231,2,49.7692,881.592,gen0231_theta_nd_0002.npy,gen0231_A_nd_0002.npy
231,3,60.6399,902.096,gen0231_theta_nd_0003.npy,gen0231_A_nd_0003.npy
231,4,64.0934,908.257,gen0231_theta_nd_0004.npy,gen0231_A_nd_0004.npy
231,5,52.1527,886.42,gen0231_theta_nd_0005.npy,gen0231_A_nd_0005.npy
231,6,58.887,898.878,gen0231_theta_nd_0006.npy,gen0231_A_nd_0006.npy
231,7,50.7486,883.701,gen0231_theta_nd_0007.npy,gen0231_A_nd_0007.npy
231,8,63.8354,908.025,gen0231_theta_nd_0008.npy,gen0231_A_nd_0008.npy
231,9,53.974,889.598,gen0231_theta_nd_0009.npy,gen0231_A_nd_0009.npy
231,10,52.7044,887.678,gen0231_theta_nd_0010.npy,gen0231_A_nd_0010.npy
231,11,51.9391,885.959,gen0231_theta_nd_0011.npy,gen0231_A_nd_0011.npy
231,12,61.0216,902.374,gen0231_theta_nd_0012.npy,gen0231_A_nd_0012.npy
231,13,54.5444,890.727,gen0231_theta_nd_0013.npy,gen0231_A_nd_0013.npy
231,14,47.384,877.12,gen0231_theta_nd_0014.npy,gen0231_A_nd_0014.npy
231,15,56.798,895.344,gen0231_theta_nd_0015.npy,gen0231_A_nd_0015.npy
231,16,57.3774,896.237,gen0231_theta_nd_0016.npy,gen0231_A_nd_0016.npy
231,17,55.4069,892.405,gen0231_theta_nd_0017.npy,gen0231_A_nd_0017.npy
231,18,49.0704,879.96,gen0231_theta_nd_0018.npy,gen0231_A_nd_0018.npy
231,19,48.6525,879.428,gen0231_theta_nd_0019.npy,gen0231_A_nd_0019.npy
231,20,52.464,887.023,gen0231_theta_nd_0020.npy,gen0231_A_nd_0020.npy
231,21,60.3386,901.323,gen0231_theta_nd_0021.npy,gen0231_A_nd_0021.npy
231,22,62.4806,904.932,gen0231_theta_nd_0022.npy,gen0231_A_nd_0022.npy
231,23,58.5993,898.438,gen0231_theta_nd_0023.npy,gen0231_A_nd_0023.npy
231,24,64.4559,909.028,gen0231_theta_nd_0024.npy,gen0231_A_nd_0024.npy
231,25,53.3757,888.613,gen0231_theta_nd_0025.npy,gen0231_A_nd_0025.npy
231,26,52.9926,888.149,gen0231_theta_nd_0026.npy,gen0231_A_nd_0026.npy
231,27,62.7201,905.319,gen0231_theta_nd_0027.npy,gen0231_A_nd_0027.npy
231,28,53.6517,889.142,gen0231_theta_nd_0028.npy,gen0231_A_nd_0028.npy
231,29,50.1254,882.082,gen0231_theta_nd_0029.npy,gen0231_A_nd_0029.npy
231,30,59.7807,900.471,gen0231_theta_nd_0030.npy,gen0231_A_nd_0030.npy
231,31,63.5806,907.55,gen0231_theta_nd_0031.npy,gen0231_A_nd_0031.npy
231,32,51.2554,884.865,gen0231_theta_nd_0032.npy,gen0231_A_nd_0032.npy
231,33,57.2169,895.583,gen0231_theta_nd_0033.npy,gen0231_A_nd_0033.npy
231,34,59.2172,899.423,gen0231_theta_nd_0034.npy,gen0231_A_nd_0034.npy
231,35,56.2939,894.142,gen0231_theta_nd_0035.npy,gen0231_A_nd_0035.npy
231,36,50.2701,882.54,gen0231_theta_nd_0036.npy,gen0231_A_nd_0036.npy
231,37,50.4462,883.216,gen0231_theta_nd_0037.npy,gen0231_A_nd_0037.npy
231,38,48.4362,878.732,gen0231_theta_nd_0038.npy,gen0231_A_nd_0038.npy
231,39,58.0658,897.399,gen0231_theta_nd_0039.npy,gen0231_A_nd_0039.npy
231,40,62.1456,904.32,gen0231_theta_nd_0040.npy,gen0231_A_nd_0040.npy
231,41,57.6379,897.044,gen0231_theta_nd_0041.npy,gen0231_A_nd_0041.npy
231,42,50.9678,884.354,gen0231_theta_nd_0042.npy,gen0231_A_nd_0042.npy
231,43,56.604,894.382,gen0231_theta_nd_0043.npy,gen0231_A_nd_0043.npy
231,44,55.7959,892.892,gen0231_theta_nd_0044.npy,gen0231_A_nd_0044.npy
231,45,61.5231,903.576,gen0231_theta_nd_0045.npy,gen0231_A_nd_0045.npy
231,46,61.2864,903.229,gen0231_theta_nd_0046.npy,gen0231_A_nd_0046.npy
231,47,54.8701,891.207,gen0231_theta_nd_0047.npy,gen0231_A_nd_0047.npy
231,48,59.5249,899.947,gen0231_theta_nd_0048.npy,gen0231_A_nd_0048.npy
231,49,54.3071,890.242,gen0231_theta_nd_0049.npy,gen0231_A_nd_0049.npy
231,50,55.9558,893.525,gen0231_theta_nd_0050.npy,gen0231_A_nd_0050.npy
231,51,63.0005,906.003,gen0231_theta_nd_0051.npy,gen0231_A_nd_0051.npy
231,52,49.2176,880.454,gen0231_theta_nd_0052.npy,gen0231_A_nd_0052.npy
231,53,47.0438,876.738,gen0231_theta_nd_0053.npy,gen0231_A_nd_0053.npy
231,54,55.1908,891.758,gen0231_theta_nd_0054.npy,gen0231_A_nd_0054.npy
231,55,48.0578,878.375,gen0231_theta_nd_0055.npy,gen0231_A_nd_0055.npy
231,56,63.3256,907.083,gen0231_theta_nd_0056.npy,gen0231_A_nd_0056.npy
231,57,58.3295,897.846,gen0231_theta_nd_0057.npy,gen0231_A_nd_0057.npy
231,58,51.5492,885.441,gen0231_theta_nd_0058.npy,gen0231_A_nd_0058.npy
231,59,47.8458,877.752,gen0231_theta_nd_0059.npy,gen0231_A_nd_0059.npy
231,60,60.1028,900.919,gen0231_theta_nd_0060.npy,gen0231_A_nd_0060.npy
232,0,49.7692,881.592,gen0232_theta_nd_0000.npy,gen0232_A_nd_0000.npy
232,1,47.0438,876.738,gen0232_theta_nd_0001.npy,gen0232_A_nd_0001.npy
232,2,59.2172,899.423,gen0232_theta_nd_0002.npy,gen0232_A_nd_0002.npy
232,3,58.3295,897.846,gen0232_theta_nd_0003.npy,gen0232_A_nd_0003.npy
232,4,58.5993,898.438,gen0232_theta_nd_0004.npy,gen0232_A_nd_0004.npy
232,5,54.3071,890.242,gen0232_theta_nd_0005.npy,gen0232_A_nd_0005.npy
232,6,61.7205,904.168,gen0232_theta_nd_0006.npy,gen0232_A_nd_0006.npy
232,7,60.3925,901.469,gen0232_theta_nd_0007.npy,gen0232_A_nd_0007.npy
232,8,48.0578,878.375,gen0232_theta_nd_0008.npy,gen0232_A_nd_0008.npy
232,9,58.0658,897.399,gen0232_theta_nd_0009.npy,gen0232_A_nd_0009.npy
232,10,48.4362,878.732,gen0232_theta_nd_0010.npy,gen0232_A_nd_0010.npy
232,11,49.2176,880.454,gen0232_theta_nd_0011.npy,gen0232_A_nd_0011.npy
232,12,52.464,887.023,gen0232_theta_nd_0012.npy,gen0232_A_nd_0012.npy
232,13,63.0005,906.003,gen0232_theta_nd_0013.npy,gen0232_A_nd_0013.npy
232,14,47.8458,877.752,gen0232_theta_nd_0014.npy,gen0232_A_nd_0014.npy
232,15,59.5249,899.947,gen0232_theta_nd_0015.npy,gen0232_A_nd_0015.npy
232,16,60.6399,902.096,gen0232_theta_nd_0016.npy,gen0232_A_nd_0016.npy
232,17,61.0216,902.374,gen0232_theta_nd_0017.npy,gen0232_A_nd_0017.npy
232,18,63.5806,907.55,gen0232_theta_nd_0018.npy,gen0232_A_nd_0018.npy
232,19,62.4806,904.932,gen0232_theta_nd_0019.npy,gen0232_A_nd_0019.npy
232,20,50.9678,884.354,gen0232_theta_nd_0020.npy,gen0232_A_nd_0020.npy
232,21,50.2906,882.683,gen0232_theta_nd_0021.npy,gen0232_A_nd_0021.npy
232,22,55.9826,893.315,gen0232_theta_nd_0022.npy,gen0232_A_nd_0022.npy
232,23,57.2169,895.583,gen0232_theta_nd_0023.npy,gen0232_A_nd_0023.npy
232,24,58.887,898.878,gen0232_theta_nd_0024.npy,gen0232_A_nd_0024.npy
232,25,56.798,895.344,gen0232_theta_nd_0025.npy,gen0232_A_nd_0025.npy
232,26,63.8354,908.025,gen0232_theta_nd_0026.npy,gen0232_A_nd_0026.npy
232,27,48.6525,879.428,gen0232_theta_nd_0027.npy,gen0232_A_nd_0027.npy
232,28,60.1028,900.919,gen0232_theta_nd_0028.npy,gen0232_A_nd_0028.npy
232,29,54.8701,891.207,gen0232_theta_nd_0029.npy,gen0232_A_nd_0029.npy
232,30,55.4069,892.405,gen0232_theta_nd_0030.npy,gen0232_A_nd_0030.npy
232,31,61.2864,903.229,gen0232_theta_nd_0031.npy,gen0232_A_nd_0031.npy
232,32,47.5525,877.359,gen0232_theta_nd_0032.npy,gen0232_A_nd_0032.npy
232,33,51.2554,884.865,gen0232_theta_nd_0033.npy,gen0232_A_nd_0033.npy
232,34,57.6379,897.044,gen0232_theta_nd_0034.npy,gen0232_A_nd_0034.npy
232,35,52.7044,887.678,gen0232_theta_nd_0035.npy,gen0232_A_nd_0035.npy
232,36,61.5507,903.61,gen0232_theta_nd_0036.npy,gen0232_A_nd_0036.npy
232,37,52.1527,886.42,gen0232_theta_nd_0037.npy,gen0232_A_nd_0037.npy
232,38,50.1254,882.082,gen0232_theta_nd_0038.npy,gen0232_A_nd_0038.npy
232,39,53.974,889.598,gen0232_theta_nd_0039.npy,gen0232_A_nd_0039.npy
232,40,62.7201,905.319,gen0232_theta_nd_0040.npy,gen0232_A_nd_0040.npy
232,41,62.1532,904.404,gen0232_theta_nd_0041.npy,gen0232_A_nd_0041.npy
232,42,55.7959,892.892,gen0232_theta_nd_0042.npy,gen0232_A_nd_0042.npy
232,43,51.9391,885.959,gen0232_theta_nd_0043.npy,gen0232_A_nd_0043.npy
232,44,50.4462,883.216,gen0232_theta_nd_0044.npy,gen0232_A_nd_0044.npy
232,45,56.604,894.382,gen0232_theta_nd_0045.npy,gen0232_A_nd_0045.npy
232,46,54.5444,890.727,gen0232_theta_nd_0046.npy,gen0232_A_nd_0046.npy
232,47,59.7807,900.471,gen0232_theta_nd_0047.npy,gen0232_A_nd_0047.npy
232,48,56.2939,894.142,gen0232_theta_nd_0048.npy,gen0232_A_nd_0048.npy
232,49,57.3774,896.237,gen0232_theta_nd_0049.npy,gen0232_A_nd_0049.npy
232,50,53.3757,888.613,gen0232_theta_nd_0050.npy,gen0232_A_nd_0050.npy
232,51,55.1908,891.758,gen0232_theta_nd_0051.npy,gen0232_A_nd_0051.npy
232,52,53.6517,889.142,gen0232_theta_nd_0052.npy,gen0232_A_nd_0052.npy
232,53,51.5492,885.441,gen0232_theta_nd_0053.npy,gen0232_A_nd_0053.npy
232,54,49.5127,880.981,gen0232_theta_nd_0054.npy,gen0232_A_nd_0054.npy
232,55,49.0704,879.96,gen0232_theta_nd_0055.npy,gen0232_A_nd_0055.npy
232,56,52.9926,888.149,gen0232_theta_nd_0056.npy,gen0232_A_nd_0056.npy
232,57,50.7486,883.701,gen0232_theta_nd_0057.npy,gen0232_A_nd_0057.npy
232,58,63.3334,906.421,gen0232_theta_nd_0058.npy,gen0232_A_nd_0058.npy
232,59,64.4559,909.028,gen0232_theta_nd_0059.npy,gen0232_A_nd_0059.npy
232,60,64.0934,908.257,gen0232_theta_nd_0060.npy,gen0232_A_nd_0060.npy
233,0,60.3925,901.469,gen0233_theta_nd_0000.npy,gen0233_A_nd_0000.npy
233,1,55.4069,892.405,gen0233_theta_nd_0001.npy,gen0233_A_nd_0001.npy
233,2,54.8701,891.207,gen0233_theta_nd_0002.npy,gen0233_A_nd_0002.npy
233,3,63.5806,907.55,gen0233_theta_nd_0003.npy,gen0233_A_nd_0003.npy
233,4,55.7959,892.892,gen0233_theta_nd_0004.npy,gen0233_A_nd_0004.npy
233,5,53.3757,888.613,gen0233_theta_nd_0005.npy,gen0233_A_nd_0005.npy
233,6,63.0005,906.003,gen0233_theta_nd_0006.npy,gen0233_A_nd_0006.npy
233,7,53.6517,889.142,gen0233_theta_nd_0007.npy,gen0233_A_nd_0007.npy
233,8,62.1532,904.404,gen0233_theta_nd_0008.npy,gen0233_A_nd_0008.npy
233,9,47.8458,877.752,gen0233_theta_nd_0009.npy,gen0233_A_nd_0009.npy
233,10,54.5444,890.727,gen0233_theta_nd_0010.npy,gen0233_A_nd_0010.npy
233,11,62.4806,904.932,gen0233_theta_nd_0011.npy,gen0233_A_nd_0011.npy
233,12,48.0578,878.375,gen0233_theta_nd_0012.npy,gen0233_A_nd_0012.npy
233,13,47.0438,876.738,gen0233_theta_nd_0013.npy,gen0233_A_nd_0013.npy
233,14,50.515,883.156,gen0233_theta_nd_0014.npy,gen0233_A_nd_0014.npy
233,15,57.2169,895.583,gen0233_theta_nd_0015.npy,gen0233_A_nd_0015.npy
233,16,56.0086,893.467,gen0233_theta_nd_0016.npy,gen0233_A_nd_0016.npy
233,17,54.3071,890.242,gen0233_theta_nd_0017.npy,gen0233_A_nd_0017.npy
233,18,53.974,889.598,gen0233_theta_nd_0018.npy,gen0233_A_nd_0018.npy
233,19,56.2939,894.142,gen0233_theta_nd_0019.npy,gen0233_A_nd_0019.npy
233,20,61.5507,903.61,gen0233_theta_nd_0020.npy,gen0233_A_nd_0020.npy
233,21,61.0216,902.374,gen0233_theta_nd_0021.npy,gen0233_A_nd_0021.npy
233,22,56.604,894.382,gen0233_theta_nd_0022.npy,gen0233_A_nd_0022.npy
233,23,58.887,898.878,gen0233_theta_nd_0023.npy,gen0233_A_nd_0023.npy
233,24,50.2906,882.683,gen0233_theta_nd_0024.npy,gen0233_A_nd_0024.npy
233,25,51.2554,884.865,gen0233_theta_nd_0025.npy,gen0233_A_nd_0025.npy
233,26,63.8941,907.909,gen0233_theta_nd_0026.npy,gen0233_A_nd_0026.npy
233,27,58.3295,897.846,gen0233_theta_nd_0027.npy,gen0233_A_nd_0027.npy
233,28,57.6379,897.044,gen0233_theta_nd_0028.npy,gen0233_A_nd_0028.npy
233,29,50.7486,883.701,gen0233_theta_nd_0029.npy,gen0233_A_nd_0029.npy
233,30,51.5492,885.441,gen0233_theta_nd_0030.npy,gen0233_A_nd_0030.npy
233,31,52.7044,887.678,gen0233_theta_nd_0031.npy,gen0233_A_nd_0031.npy
233,32,59.2172,899.423,gen0233_theta_nd_0032.npy,gen0233_A_nd_0032.npy
233,33,58.0658,897.399,gen0233_theta_nd_0033.npy,gen0233_A_nd_0033.npy
233,34,49.5127,880.981,gen0233_theta_nd_0034.npy,gen0233_A_nd_0034.npy
233,35,59.7807,900.471,gen0233_theta_nd_0035.npy,gen0233_A_nd_0035.npy
233,36,62.7201,905.319,gen0233_theta_nd_0036.npy,gen0233_A_nd_0036.npy
233,37,61.8087,903.857,gen0233_theta_nd_0037.npy,gen0233_A_nd_0037.npy
233,38,49.8453,881.444,gen0233_theta_nd_0038.npy,gen0233_A_nd_0038.npy
233,39,59.5249,899.947,gen0233_theta_nd_0039.npy,gen0233_A_nd_0039.npy
233,40,49.0704,879.96,gen0233_theta_nd_0040.npy,gen0233_A_nd_0040.npy
233,41,61.2864,903.229,gen0233_theta_nd_0041.npy,gen0233_A_nd_0041.npy
233,42,64.0934,908.257,gen0233_theta_nd_0042.npy,gen0233_A_nd_0042.npy
233,43,48.4362,878.732,gen0233_theta_nd_0043.npy,gen0233_A_nd_0043.npy
233,44,52.464,887.023,gen0233_theta_nd_0044.npy,gen0233_A_nd_0044.npy
233,45,60.6399,902.096,gen0233_theta_nd_0045.npy,gen0233_A_nd_0045.npy
233,46,56.798,895.344,gen0233_theta_nd_0046.npy,gen0233_A_nd_0046.npy
233,47,55.1908,891.758,gen0233_theta_nd_0047.npy,gen0233_A_nd_0047.npy
233,48,63.3334,906.421,gen0233_theta_nd_0048.npy,gen0233_A_nd_0048.npy
233,49,50.1254,882.082,gen0233_theta_nd_0049.npy,gen0233_A_nd_0049.npy
233,50,60.1028,900.919,gen0233_theta_nd_0050.npy,gen0233_A_nd_0050.npy
233,51,52.9926,888.149,gen0233_theta_nd_0051.npy,gen0233_A_nd_0051.npy
233,52,58.5993,898.438,gen0233_theta_nd_0052.npy,gen0233_A_nd_0052.npy
233,53,57.3774,896.237,gen0233_theta_nd_0053.npy,gen0233_A_nd_0053.npy
233,54,47.5525,877.359,gen0233_theta_nd_0054.npy,gen0233_A_nd_0054.npy
233,55,52.1527,886.42,gen0233_theta_nd_0055.npy,gen0233_A_nd_0055.npy
233,56,50.9678,884.354,gen0233_theta_nd_0056.npy,gen0233_A_nd_0056.npy
233,57,49.2176,880.454,gen0233_theta_nd_0057.npy,gen0233_A_nd_0057.npy
233,58,48.6525,879.428,gen0233_theta_nd_0058.npy,gen0233_A_nd_0058.npy
233,59,51.9391,885.959,gen0233_theta_nd_0059.npy,gen0233_A_nd_0059.npy
233,60,64.4559,909.028,gen0233_theta_nd_0060.npy,gen0233_A_nd_0060.npy
234,0,63.5806,907.55,gen0234_theta_nd_0000.npy,gen0234_A_nd_0000.npy
234,1,51.2554,884.865,gen0234_theta_nd_0001.npy,gen0234_A_nd_0001.npy
234,2,48.6525,879.428,gen0234_theta_nd_0002.npy,gen0234_A_nd_0002.npy
234,3,49.8453,881.444,gen0234_theta_nd_0003.npy,gen0234_A_nd_0003.npy
234,4,58.9196,898.921,gen0234_theta_nd_0004.npy,gen0234_A_nd_0004.npy
234,5,59.5249,899.947,gen0234_theta_nd_0005.npy,gen0234_A_nd_0005.npy
234,6,63.0005,906.003,gen0234_theta_nd_0006.npy,gen0234_A_nd_0006.npy
234,7,60.6399,902.096,gen0234_theta_nd_0007.npy,gen0234_A_nd_0007.npy
234,8,55.4069,892.405,gen0234_theta_nd_0008.npy,gen0234_A_nd_0008.npy
234,9,62.4806,904.932,gen0234_theta_nd_0009.npy,gen0234_A_nd_0009.npy
234,10,62.1532,904.404,gen0234_theta_nd_0010.npy,gen0234_A_nd_0010.npy
234,11,52.9926,888.149,gen0234_theta_nd_0011.npy,gen0234_A_nd_0011.npy
234,12,53.974,889.598,gen0234_theta_nd_0012.npy,gen0234_A_nd_0012.npy
234,13,48.0578,878.375,gen0234_theta_nd_0013.npy,gen0234_A_nd_0013.npy
234,14,51.5492,885.441,gen0234_theta_nd_0014.npy,gen0234_A_nd_0014.npy
234,15,56.604,894.382,gen0234_theta_nd_0015.npy,gen0234_A_nd_0015.npy
234,16,53.6517,889.142,gen0234_theta_nd_0016.npy,gen0234_A_nd_0016.npy
234,17,50.1254,882.082,gen0234_theta_nd_0017.npy,gen0234_A_nd_0017.npy
234,18,57.2169,895.583,gen0234_theta_nd_0018.npy,gen0234_A_nd_0018.npy
234,19,51.9391,885.959,gen0234_theta_nd_0019.npy,gen0234_A_nd_0019.npy
234,20,51.1116,884.366,gen0234_theta_nd_0020.npy,gen0234_A_nd_0020.npy
234,21,57.3774,896.237,gen0234_theta_nd_0021.npy,gen0234_A_nd_0021.npy
234,22,49.5127,880.981,gen0234_theta_nd_0022.npy,gen0234_A_nd_0022.npy
234,23,59.7807,900.471,gen0234_theta_nd_0023.npy,gen0234_A_nd_0023.npy
234,24,50.2906,882.683,gen0234_theta_nd_0024.npy,gen0234_A_nd_0024.npy
234,25,58.0658,897.399,gen0234_theta_nd_0025.npy,gen0234_A_nd_0025.npy
234,26,59.2172,899.423,gen0234_theta_nd_0026.npy,gen0234_A_nd_0026.npy
234,27,50.515,883.156,gen0234_theta_nd_0027.npy,gen0234_A_nd_0027.npy
234,28,47.8499,877.828,gen0234_theta_nd_0028.npy,gen0234_A_nd_0028.npy
234,29,52.1527,886.42,gen0234_theta_nd_0029.npy,gen0234_A_nd_0029.npy
234,30,60.4268,901.736,gen0234_theta_nd_0030.npy,gen0234_A_nd_0030.npy
234,31,54.8701,891.207,gen0234_theta_nd_0031.npy,gen0234_A_nd_0031.npy
234,32,56.798,895.344,gen0234_theta_nd_0032.npy,gen0234_A_nd_0032.npy
234,33,57.6379,897.044,gen0234_theta_nd_0033.npy,gen0234_A_nd_0033.npy
234,34,54.5444,890.727,gen0234_theta_nd_0034.npy,gen0234_A_nd_0034.npy
234,35,61.0216,902.374,gen0234_theta_nd_0035.npy,gen0234_A_nd_0035.npy
234,36,56.0086,893.467,gen0234_theta_nd_0036.npy,gen0234_A_nd_0036.npy
234,37,55.1908,891.758,gen0234_theta_nd_0037.npy,gen0234_A_nd_0037.npy
234,38,58.3295,897.846,gen0234_theta_nd_0038.npy,gen0234_A_nd_0038.npy
234,39,62.7201,905.319,gen0234_theta_nd_0039.npy,gen0234_A_nd_0039.npy
234,40,63.3334,906.421,gen0234_theta_nd_0040.npy,gen0234_A_nd_0040.npy
234,41,63.8941,907.909,gen0234_theta_nd_0041.npy,gen0234_A_nd_0041.npy
234,42,61.2864,903.229,gen0234_theta_nd_0042.npy,gen0234_A_nd_0042.npy
234,43,64.4559,909.028,gen0234_theta_nd_0043.npy,gen0234_A_nd_0043.npy
234,44,49.2176,880.454,gen0234_theta_nd_0044.npy,gen0234_A_nd_0044.npy
234,45,64.0934,908.257,gen0234_theta_nd_0045.npy,gen0234_A_nd_0045.npy
234,46,56.377,894.144,gen0234_theta_nd_0046.npy,gen0234_A_nd_0046.npy
234,47,61.5507,903.61,gen0234_theta_nd_0047.npy,gen0234_A_nd_0047.npy
234,48,53.3757,888.613,gen0234_theta_nd_0048.npy,gen0234_A_nd_0048.npy
234,49,58.73,898.551,gen0234_theta_nd_0049.npy,gen0234_A_nd_0049.npy
234,50,50.7508,883.829,gen0234_theta_nd_0050.npy,gen0234_A_nd_0050.npy
234,51,47.5525,877.359,gen0234_theta_nd_0051.npy,gen0234_A_nd_0051.npy
234,52,52.464,887.023,gen0234_theta_nd_0052.npy,gen0234_A_nd_0052.npy
234,53,52.7044,887.678,gen0234_theta_nd_0053.npy,gen0234_A_nd_0053.npy
234,54,54.3071,890.242,gen0234_theta_nd_0054.npy,gen0234_A_nd_0054.npy
234,55,49.0704,879.96,gen0234_theta_nd_0055.npy,gen0234_A_nd_0055.npy
234,56,47.2709,876.725,gen0234_theta_nd_0056.npy,gen0234_A_nd_0056.npy
234,57,60.1028,900.919,gen0234_theta_nd_0057.npy,gen0234_A_nd_0057.npy
234,58,55.7959,892.892,gen0234_theta_nd_0058.npy,gen0234_A_nd_0058.npy
234,59,61.9641,903.957,gen0234_theta_nd_0059.npy,gen0234_A_nd_0059.npy
234,60,48.4362,878.732,gen0234_theta_nd_0060.npy,gen0234_A_nd_0060.npy
235,0,61.9641,903.957,gen0235_theta_nd_0000.npy,gen0235_A_nd_0000.npy
235,1,62.1532,904.404,gen0235_theta_nd_0001.npy,gen0235_A_nd_0001.npy
235,2,48.0578,878.375,gen0235_theta_nd_0002.npy,gen0235_A_nd_0002.npy
235,3,52.464,887.023,gen0235_theta_nd_0003.npy,gen0235_A_nd_0003.npy
235,4,47.5525,877.359,gen0235_theta_nd_0004.npy,gen0235_A_nd_0004.npy
235,5,54.5444,890.727,gen0235_theta_nd_0005.npy,gen0235_A_nd_0005.npy
235,6,57.6379,897.044,gen0235_theta_nd_0006.npy,gen0235_A_nd_0006.npy
235,7,51.5492,885.441,gen0235_theta_nd_0007.npy,gen0235_A_nd_0007.npy
235,8,59.7937,900.302,gen0235_theta_nd_0008.npy,gen0235_A_nd_0008.npy
235,9,49.2176,880.454,gen0235_theta_nd_0009.npy,gen0235_A_nd_0009.npy
235,10,51.3348,884.832,gen0235_theta_nd_0010.npy,gen0235_A_nd_0010.npy
235,11,57.4664,896.741,gen0235_theta_nd_0011.npy,gen0235_A_nd_0011.npy
235,12,64.4559,909.028,gen0235_theta_nd_0012.npy,gen0235_A_nd_0012.npy
235,13,58.3625,898.03,gen0235_theta_nd_0013.npy,gen0235_A_nd_0013.npy
235,14,59.2172,899.423,gen0235_theta_nd_0014.npy,gen0235_A_nd_0014.npy
235,15,63.3334,906.421,gen0235_theta_nd_0015.npy,gen0235_A_nd_0015.npy
235,16,63.8941,907.909,gen0235_theta_nd_0016.npy,gen0235_A_nd_0016.npy
235,17,55.4069,892.405,gen0235_theta_nd_0017.npy,gen0235_A_nd_0017.npy
235,18,58.73,898.551,gen0235_theta_nd_0018.npy,gen0235_A_nd_0018.npy
235,19,60.4268,901.736,gen0235_theta_nd_0019.npy,gen0235_A_nd_0019.npy
235,20,50.515,883.156,gen0235_theta_nd_0020.npy,gen0235_A_nd_0020.npy
235,21,64.0934,908.257,gen0235_theta_nd_0021.npy,gen0235_A_nd_0021.npy
235,22,60.1028,900.919,gen0235_theta_nd_0022.npy,gen0235_A_nd_0022.npy
235,23,58.9196,898.921,gen0235_theta_nd_0023.npy,gen0235_A_nd_0023.npy
235,24,59.5249,899.947,gen0235_theta_nd_0024.npy,gen0235_A_nd_0024.npy
235,25,53.974,889.598,gen0235_theta_nd_0025.npy,gen0235_A_nd_0025.npy
235,26,52.9926,888.149,gen0235_theta_nd_0026.npy,gen0235_A_nd_0026.npy
235,27,57.2169,895.583,gen0235_theta_nd_0027.npy,gen0235_A_nd_0027.npy
235,28,60.6399,902.096,gen0235_theta_nd_0028.npy,gen0235_A_nd_0028.npy
235,29,56.798,895.344,gen0235_theta_nd_0029.npy,gen0235_A_nd_0029.npy
235,30,61.5507,903.61,gen0235_theta_nd_0030.npy,gen0235_A_nd_0030.npy
235,31,52.814,887.67,gen0235_theta_nd_0031.npy,gen0235_A_nd_0031.npy
235,32,62.7201,905.319,gen0235_theta_nd_0032.npy,gen0235_A_nd_0032.npy
235,33,48.4362,878.732,gen0235_theta_nd_0033.npy,gen0235_A_nd_0033.npy
235,34,49.8486,881.648,gen0235_theta_nd_0034.npy,gen0235_A_nd_0034.npy
235,35,50.1254,882.082,gen0235_theta_nd_0035.npy,gen0235_A_nd_0035.npy
235,36,48.6525,879.428,gen0235_theta_nd_0036.npy,gen0235_A_nd_0036.npy
235,37,63.6045,907.563,gen0235_theta_nd_0037.npy,gen0235_A_nd_0037.npy
235,38,47.8499,877.828,gen0235_theta_nd_0038.npy,gen0235_A_nd_0038.npy
235,39,51.1116,884.366,gen0235_theta_nd_0039.npy,gen0235_A_nd_0039.npy
235,40,53.6517,889.142,gen0235_theta_nd_0040.npy,gen0235_A_nd_0040.npy
235,41,49.5127,880.981,gen0235_theta_nd_0041.npy,gen0235_A_nd_0041.npy
235,42,54.3071,890.242,gen0235_theta_nd_0042.npy,gen0235_A_nd_0042.npy
235,43,62.4806,904.932,gen0235_theta_nd_0043.npy,gen0235_A_nd_0043.npy
235,44,50.2906,882.683,gen0235_theta_nd_0044.npy,gen0235_A_nd_0044.npy
235,45,55.1908,891.758,gen0235_theta_nd_0045.npy,gen0235_A_nd_0045.npy
235,46,49.0704,879.96,gen0235_theta_nd_0046.npy,gen0235_A_nd_0046.npy
235,47,53.3757,888.613,gen0235_theta_nd_0047.npy,gen0235_A_nd_0047.npy
235,48,61.0216,902.374,gen0235_theta_nd_0048.npy,gen0235_A_nd_0048.npy
235,49,54.8701,891.207,gen0235_theta_nd_0049.npy,gen0235_A_nd_0049.npy
235,50,51.9391,885.959,gen0235_theta_nd_0050.npy,gen0235_A_nd_0050.npy
235,51,61.2864,903.229,gen0235_theta_nd_0051.npy,gen0235_A_nd_0051.npy
235,52,52.1527,886.42,gen0235_theta_nd_0052.npy,gen0235_A_nd_0052.npy
235,53,56.0086,893.467,gen0235_theta_nd_0053.npy,gen0235_A_nd_0053.npy
235,54,55.7959,892.892,gen0235_theta_nd_0054.npy,gen0235_A_nd_0054.npy
235,55,56.377,893.878,gen0235_theta_nd_0055.npy,gen0235_A_nd_0055.npy
235,56,50.7508,883.829,gen0235_theta_nd_0056.npy,gen0235_A_nd_0056.npy
235,57,58.0718,897.293,gen0235_theta_nd_0057.npy,gen0235_A_nd_0057.npy
235,58,56.6928,894.62,gen0235_theta_nd_0058.npy,gen0235_A_nd_0058.npy
235,59,63.0005,906.003,gen0235_theta_nd_0059.npy,gen0235_A_nd_0059.npy
235,60,47.2709,876.725,gen0235_theta_nd_0060.npy,gen0235_A_nd_0060.npy
236,0,53.6517,889.142,gen0236_theta_nd_0000.npy,gen0236_A_nd_0000.npy
236,1,64.4559,909.028,gen0236_theta_nd_0001.npy,gen0236_A_nd_0001.npy
236,2,58.9196,898.921,gen0236_theta_nd_0002.npy,gen0236_A_nd_0002.npy
236,3,60.4268,901.736,gen0236_theta_nd_0003.npy,gen0236_A_nd_0003.npy
236,4,56.6928,894.62,gen0236_theta_nd_0004.npy,gen0236_A_nd_0004.npy
236,5,50.515,883.156,gen0236_theta_nd_0005.npy,gen0236_A_nd_0005.npy
236,6,50.7508,883.829,gen0236_theta_nd_0006.npy,gen0236_A_nd_0006.npy
236,7,50.2906,882.683,gen0236_theta_nd_0007.npy,gen0236_A_nd_0007.npy
236,8,57.6379,897.044,gen0236_theta_nd_0008.npy,gen0236_A_nd_0008.npy
236,9,54.1229,889.948,gen0236_theta_nd_0009.npy,gen0236_A_nd_0009.npy
236,10,55.4654,892.376,gen0236_theta_nd_0010.npy,gen0236_A_nd_0010.npy
236,11,63.6045,907.563,gen0236_theta_nd_0011.npy,gen0236_A_nd_0011.npy
236,12,51.9391,885.959,gen0236_theta_nd_0012.npy,gen0236_A_nd_0012.npy
236,13,51.5492,885.441,gen0236_theta_nd_0013.npy,gen0236_A_nd_0013.npy
236,14,47.2709,876.725,gen0236_theta_nd_0014.npy,gen0236_A_nd_0014.npy
236,15,49.5127,880.981,gen0236_theta_nd_0015.npy,gen0236_A_nd_0015.npy
236,16,54.5444,890.727,gen0236_theta_nd_0016.npy,gen0236_A_nd_0016.npy
236,17,54.8701,891.207,gen0236_theta_nd_0017.npy,gen0236_A_nd_0017.npy
236,18,51.1116,884.366,gen0236_theta_nd_0018.npy,gen0236_A_nd_0018.npy
236,19,49.0704,879.96,gen0236_theta_nd_0019.npy,gen0236_A_nd_0019.npy
236,20,63.0005,906.003,gen0236_theta_nd_0020.npy,gen0236_A_nd_0020.npy
236,21,60.1028,900.919,gen0236_theta_nd_0021.npy,gen0236_A_nd_0021.npy
236,22,59.2172,899.423,gen0236_theta_nd_0022.npy,gen0236_A_nd_0022.npy
236,23,52.814,887.67,gen0236_theta_nd_0023.npy,gen0236_A_nd_0023.npy
236,24,48.4362,878.732,gen0236_theta_nd_0024.npy,gen0236_A_nd_0024.npy
236,25,52.1527,886.42,gen0236_theta_nd_0025.npy,gen0236_A_nd_0025.npy
236,26,59.5249,899.947,gen0236_theta_nd_0026.npy,gen0236_A_nd_0026.npy
236,27,56.1028,893.453,gen0236_theta_nd_0027.npy,gen0236_A_nd_0027.npy
236,28,52.464,887.023,gen0236_theta_nd_0028.npy,gen0236_A_nd_0028.npy
236,29,63.3788,906.372,gen0236_theta_nd_0029.npy,gen0236_A_nd_0029.npy
236,30,50.1254,882.082,gen0236_theta_nd_0030.npy,gen0236_A_nd_0030.npy
236,31,61.9641,903.957,gen0236_theta_nd_0031.npy,gen0236_A_nd_0031.npy
236,32,59.7937,900.302,gen0236_theta_nd_0032.npy,gen0236_A_nd_0032.npy
236,33,61.0216,902.374,gen0236_theta_nd_0033.npy,gen0236_A_nd_0033.npy
236,34,60.6508,902.157,gen0236_theta_nd_0034.npy,gen0236_A_nd_0034.npy
236,35,49.8486,881.648,gen0236_theta_nd_0035.npy,gen0236_A_nd_0035.npy
236,36,54.3071,890.242,gen0236_theta_nd_0036.npy,gen0236_A_nd_0036.npy
236,37,63.8941,907.909,gen0236_theta_nd_0037.npy,gen0236_A_nd_0037.npy
236,38,56.8791,895.093,gen0236_theta_nd_0038.npy,gen0236_A_nd_0038.npy
236,39,55.1908,891.758,gen0236_theta_nd_0039.npy,gen0236_A_nd_0039.npy
236,40,58.3625,898.03,gen0236_theta_nd_0040.npy,gen0236_A_nd_0040.npy
236,41,47.8499,877.828,gen0236_theta_nd_0041.npy,gen0236_A_nd_0041.npy
236,42,61.2864,903.229,gen0236_theta_nd_0042.npy,gen0236_A_nd_0042.npy
236,43,58.73,898.551,gen0236_theta_nd_0043.npy,gen0236_A_nd_0043.npy
236,44,51.3348,884.832,gen0236_theta_nd_0044.npy,gen0236_A_nd_0044.npy
236,45,48.6525,879.428,gen0236_theta_nd_0045.npy,gen0236_A_nd_0045.npy
236,46,57.2169,895.583,gen0236_theta_nd_0046.npy,gen0236_A_nd_0046.npy
236,47,62.4806,904.932,gen0236_theta_nd_0047.npy,gen0236_A_nd_0047.npy
236,48,62.1532,904.404,gen0236_theta_nd_0048.npy,gen0236_A_nd_0048.npy
236,49,47.5319,877.344,gen0236_theta_nd_0049.npy,gen0236_A_nd_0049.npy
236,50,56.4127,893.966,gen0236_theta_nd_0050.npy,gen0236_A_nd_0050.npy
236,51,53.4107,888.696,gen0236_theta_nd_0051.npy,gen0236_A_nd_0051.npy
236,52,57.5222,896.507,gen0236_theta_nd_0052.npy,gen0236_A_nd_0052.npy
236,53,53.0039,888.246,gen0236_theta_nd_0053.npy,gen0236_A_nd_0053.npy
236,54,62.7201,905.319,gen0236_theta_nd_0054.npy,gen0236_A_nd_0054.npy
236,55,61.5507,903.61,gen0236_theta_nd_0055.npy,gen0236_A_nd_0055.npy
236,56,64.0934,908.257,gen0236_theta_nd_0056.npy,gen0236_A_nd_0056.npy
236,57,49.2332,880.207,gen0236_theta_nd_0057.npy,gen0236_A_nd_0057.npy
236,58,48.0578,878.375,gen0236_theta_nd_0058.npy,gen0236_A_nd_0058.npy
236,59,58.0718,897.293,gen0236_theta_nd_0059.npy,gen0236_A_nd_0059.npy
236,60,55.7959,892.892,gen0236_theta_nd_0060.npy,gen0236_A_nd_0060.npy
237,0,63.0005,906.003,gen0237_theta_nd_0000.npy,gen0237_A_nd_0000.npy
237,1,47.8499,877.828,gen0237_theta_nd_0001.npy,gen0237_A_nd_0001.npy
237,2,56.4145,893.966,gen0237_theta_nd_0002.npy,gen0237_A_nd_0002.npy
237,3,59.0277,898.928,gen0237_theta_nd_0003.npy,gen0237_A_nd_0003.npy
237,4,51.1116,884.366,gen0237_theta_nd_0004.npy,gen0237_A_nd_0004.npy
237,5,58.3625,898.03,gen0237_theta_nd_0005.npy,gen0237_A_nd_0005.npy
237,6,64.4559,909.028,gen0237_theta_nd_0006.npy,gen0237_A_nd_0006.npy
237,7,49.0704,879.96,gen0237_theta_nd_0007.npy,gen0237_A_nd_0007.npy
237,8,52.2408,886.529,gen0237_theta_nd_0008.npy,gen0237_A_nd_0008.npy
237,9,52.814,887.67,gen0237_theta_nd_0009.npy,gen0237_A_nd_0009.npy
237,10,58.0718,897.293,gen0237_theta_nd_0010.npy,gen0237_A_nd_0010.npy
237,11,47.5319,877.344,gen0237_theta_nd_0011.npy,gen0237_A_nd_0011.npy
237,12,49.2332,880.207,gen0237_theta_nd_0012.npy,gen0237_A_nd_0012.npy
237,13,59.2172,899.423,gen0237_theta_nd_0013.npy,gen0237_A_nd_0013.npy
237,14,63.6045,907.563,gen0237_theta_nd_0014.npy,gen0237_A_nd_0014.npy
237,15,60.1028,900.919,gen0237_theta_nd_0015.npy,gen0237_A_nd_0015.npy
237,16,54.8701,891.207,gen0237_theta_nd_0016.npy,gen0237_A_nd_0016.npy
237,17,60.4268,901.736,gen0237_theta_nd_0017.npy,gen0237_A_nd_0017.npy
237,18,61.9641,903.957,gen0237_theta_nd_0018.npy,gen0237_A_nd_0018.npy
237,19,56.6928,894.62,gen0237_theta_nd_0019.npy,gen0237_A_nd_0019.npy
237,20,54.3071,890.242,gen0237_theta_nd_0020.npy,gen0237_A_nd_0020.npy
237,21,49.5127,880.981,gen0237_theta_nd_0021.npy,gen0237_A_nd_0021.npy
237,22,53.6517,889.142,gen0237_theta_nd_0022.npy,gen0237_A_nd_0022.npy
237,23,51.9391,885.959,gen0237_theta_nd_0023.npy,gen0237_A_nd_0023.npy
237,24,62.4806,904.932,gen0237_theta_nd_0024.npy,gen0237_A_nd_0024.npy
237,25,53.0291,888.235,gen0237_theta_nd_0025.npy,gen0237_A_nd_0025.npy
237,26,55.8386,892.977,gen0237_theta_nd_0026.npy,gen0237_A_nd_0026.npy
237,27,62.1532,904.404,gen0237_theta_nd_0027.npy,gen0237_A_nd_0027.npy
237,28,61.5507,903.61,gen0237_theta_nd_0028.npy,gen0237_A_nd_0028.npy
237,29,47.2709,876.725,gen0237_theta_nd_0029.npy,gen0237_A_nd_0029.npy
237,30,50.1254,882.082,gen0237_theta_nd_0030.npy,gen0237_A_nd_0030.npy
237,31,57.6379,897.044,gen0237_theta_nd_0031.npy,gen0237_A_nd_0031.npy
237,32,63.3788,906.372,gen0237_theta_nd_0032.npy,gen0237_A_nd_0032.npy
237,33,63.8941,907.909,gen0237_theta_nd_0033.npy,gen0237_A_nd_0033.npy
237,34,50.5446,883.313,gen0237_theta_nd_0034.npy,gen0237_A_nd_0034.npy
237,35,55.2126,892.066,gen0237_theta_nd_0035.npy,gen0237_A_nd_0035.npy
237,36,64.0934,908.257,gen0237_theta_nd_0036.npy,gen0237_A_nd_0036.npy
237,37,50.2906,882.683,gen0237_theta_nd_0037.npy,gen0237_A_nd_0037.npy
237,38,52.464,887.023,gen0237_theta_nd_0038.npy,gen0237_A_nd_0038.npy
237,39,61.0216,902.374,gen0237_theta_nd_0039.npy,gen0237_A_nd_0039.npy
237,40,57.2169,895.583,gen0237_theta_nd_0040.npy,gen0237_A_nd_0040.npy
237,41,61.2864,903.229,gen0237_theta_nd_0041.npy,gen0237_A_nd_0041.npy
237,42,50.7508,883.829,gen0237_theta_nd_0042.npy,gen0237_A_nd_0042.npy
237,43,54.5444,890.727,gen0237_theta_nd_0043.npy,gen0237_A_nd_0043.npy
237,44,59.8292,900.387,gen0237_theta_nd_0044.npy,gen0237_A_nd_0044.npy
237,45,59.5249,899.947,gen0237_theta_nd_0045.npy,gen0237_A_nd_0045.npy
237,46,48.4362,878.732,gen0237_theta_nd_0046.npy,gen0237_A_nd_0046.npy
237,47,55.5287,892.577,gen0237_theta_nd_0047.npy,gen0237_A_nd_0047.npy
237,48,48.0578,878.375,gen0237_theta_nd_0048.npy,gen0237_A_nd_0048.npy
237,49,53.4107,888.696,gen0237_theta_nd_0049.npy,gen0237_A_nd_0049.npy
237,50,51.3348,884.832,gen0237_theta_nd_0050.npy,gen0237_A_nd_0050.npy
237,51,49.8486,881.648,gen0237_theta_nd_0051.npy,gen0237_A_nd_0051.npy
237,52,56.1028,893.453,gen0237_theta_nd_0052.npy,gen0237_A_nd_0052.npy
237,53,62.7201,905.319,gen0237_theta_nd_0053.npy,gen0237_A_nd_0053.npy
237,54,54.1229,889.948,gen0237_theta_nd_0054.npy,gen0237_A_nd_0054.npy
237,55,60.6817,902.292,gen0237_theta_nd_0055.npy,gen0237_A_nd_0055.npy
237,56,57.5222,896.507,gen0237_theta_nd_0056.npy,gen0237_A_nd_0056.npy
237,57,51.577,885.488,gen0237_theta_nd_0057.npy,gen0237_A_nd_0057.npy
237,58,58.73,898.551,gen0237_theta_nd_0058.npy,gen0237_A_nd_0058.npy
237,59,48.6525,879.428,gen0237_theta_nd_0059.npy,gen0237_A_nd_0059.npy
237,60,56.8791,895.093,gen0237_theta_nd_0060.npy,gen0237_A_nd_0060.npy
238,0,49.0704,879.96,gen0238_theta_nd_0000.npy,gen0238_A_nd_0000.npy
238,1,56.8791,895.093,gen0238_theta_nd_0001.npy,gen0238_A_nd_0001.npy
238,2,53.0291,888.235,gen0238_theta_nd_0002.npy,gen0238_A_nd_0002.npy
238,3,51.3348,884.832,gen0238_theta_nd_0003.npy,gen0238_A_nd_0003.npy
238,4,60.836,902.097,gen0238_theta_nd_0004.npy,gen0238_A_nd_0004.npy
238,5,56.1028,893.453,gen0238_theta_nd_0005.npy,gen0238_A_nd_0005.npy
238,6,54.5444,890.727,gen0238_theta_nd_0006.npy,gen0238_A_nd_0006.npy
238,7,49.2332,880.207,gen0238_theta_nd_0007.npy,gen0238_A_nd_0007.npy
238,8,58.4079,897.855,gen0238_theta_nd_0008.npy,gen0238_A_nd_0008.npy
238,9,58.0718,897.293,gen0238_theta_nd_0009.npy,gen0238_A_nd_0009.npy
238,10,59.2172,899.423,gen0238_theta_nd_0010.npy,gen0238_A_nd_0010.npy
238,11,56.4145,893.966,gen0238_theta_nd_0011.npy,gen0238_A_nd_0011.npy
238,12,54.9665,891.33,gen0238_theta_nd_0012.npy,gen0238_A_nd_0012.npy
238,13,50.2906,882.683,gen0238_theta_nd_0013.npy,gen0238_A_nd_0013.npy
238,14,59.5249,899.947,gen0238_theta_nd_0014.npy,gen0238_A_nd_0014.npy
238,15,51.1116,884.366,gen0238_theta_nd_0015.npy,gen0238_A_nd_0015.npy
238,16,60.1028,900.919,gen0238_theta_nd_0016.npy,gen0238_A_nd_0016.npy
238,17,57.6379,897.044,gen0238_theta_nd_0017.npy,gen0238_A_nd_0017.npy
238,18,54.3648,890.225,gen0238_theta_nd_0018.npy,gen0238_A_nd_0018.npy
238,19,50.7508,883.829,gen0238_theta_nd_0019.npy,gen0238_A_nd_0019.npy
238,20,63.6045,907.563,gen0238_theta_nd_0020.npy,gen0238_A_nd_0020.npy
238,21,56.6928,894.62,gen0238_theta_nd_0021.npy,gen0238_A_nd_0021.npy
238,22,61.0216,902.374,gen0238_theta_nd_0022.npy,gen0238_A_nd_0022.npy
238,23,51.577,885.488,gen0238_theta_nd_0023.npy,gen0238_A_nd_0023.npy
238,24,54.1229,889.948,gen0238_theta_nd_0024.npy,gen0238_A_nd_0024.npy
238,25,53.7015,889.165,gen0238_theta_nd_0025.npy,gen0238_A_nd_0025.npy
238,26,51.9391,885.959,gen0238_theta_nd_0026.npy,gen0238_A_nd_0026.npy
238,27,52.2408,886.529,gen0238_theta_nd_0027.npy,gen0238_A_nd_0027.npy
238,28,61.2864,903.229,gen0238_theta_nd_0028.npy,gen0238_A_nd_0028.npy
238,29,60.4268,901.736,gen0238_theta_nd_0029.npy,gen0238_A_nd_0029.npy
238,30,62.7201,905.319,gen0238_theta_nd_0030.npy,gen0238_A_nd_0030.npy
238,31,49.8486,881.648,gen0238_theta_nd_0031.npy,gen0238_A_nd_0031.npy
238,32,55.2126,892.066,gen0238_theta_nd_0032.npy,gen0238_A_nd_0032.npy
238,33,55.522,892.564,gen0238_theta_nd_0033.npy,gen0238_A_nd_0033.npy
238,34,48.0578,878.375,gen0238_theta_nd_0034.npy,gen0238_A_nd_0034.npy
238,35,48.4854,878.826,gen0238_theta_nd_0035.npy,gen0238_A_nd_0035.npy
238,36,48.6525,879.428,gen0238_theta_nd_0036.npy,gen0238_A_nd_0036.npy
238,37,50.1254,882.082,gen0238_theta_nd_0037.npy,gen0238_A_nd_0037.npy
238,38,62.1532,904.404,gen0238_theta_nd_0038.npy,gen0238_A_nd_0038.npy
238,39,58.5739,898.305,gen0238_theta_nd_0039.npy,gen0238_A_nd_0039.npy
238,40,57.2169,895.583,gen0238_theta_nd_0040.npy,gen0238_A_nd_0040.npy
238,41,49.5127,880.981,gen0238_theta_nd_0041.npy,gen0238_A_nd_0041.npy
238,42,63.8941,907.909,gen0238_theta_nd_0042.npy,gen0238_A_nd_0042.npy
238,43,64.0934,908.257,gen0238_theta_nd_0043.npy,gen0238_A_nd_0043.npy
238,44,64.4565,908.796,gen0238_theta_nd_0044.npy,gen0238_A_nd_0044.npy
238,45,63.0005,906.003,gen0238_theta_nd_0045.npy,gen0238_A_nd_0045.npy
238,46,47.8499,877.828,gen0238_theta_nd_0046.npy,gen0238_A_nd_0046.npy
238,47,59.0277,898.928,gen0238_theta_nd_0047.npy,gen0238_A_nd_0047.npy
238,48,62.4806,904.932,gen0238_theta_nd_0048.npy,gen0238_A_nd_0048.npy
238,49,50.5446,883.313,gen0238_theta_nd_0049.npy,gen0238_A_nd_0049.npy
238,50,63.3788,906.372,gen0238_theta_nd_0050.npy,gen0238_A_nd_0050.npy
238,51,52.814,887.67,gen0238_theta_nd_0051.npy,gen0238_A_nd_0051.npy
238,52,52.464,887.023,gen0238_theta_nd_0052.npy,gen0238_A_nd_0052.npy
238,53,61.5507,903.61,gen0238_theta_nd_0053.npy,gen0238_A_nd_0053.npy
238,54,57.5222,896.507,gen0238_theta_nd_0054.npy,gen0238_A_nd_0054.npy
238,55,53.4107,888.696,gen0238_theta_nd_0055.npy,gen0238_A_nd_0055.npy
238,56,47.5319,877.344,gen0238_theta_nd_0056.npy,gen0238_A_nd_0056.npy
238,57,47.2709,876.725,gen0238_theta_nd_0057.npy,gen0238_A_nd_0057.npy
238,58,61.9641,903.957,gen0238_theta_nd_0058.npy,gen0238_A_nd_0058.npy
238,59,55.8386,892.977,gen0238_theta_nd_0059.npy,gen0238_A_nd_0059.npy
238,60,59.8332,900.397,gen0238_theta_nd_0060.npy,gen0238_A_nd_0060.npy
239,0,50.7508,883.829,gen0239_theta_nd_0000.npy,gen0239_A_nd_0000.npy
239,1,49.0704,879.96,gen0239_theta_nd_0001.npy,gen0239_A_nd_0001.npy
239,2,49.2332,880.207,gen0239_theta_nd_0002.npy,gen0239_A_nd_0002.npy
239,3,62.1532,904.404,gen0239_theta_nd_0003.npy,gen0239_A_nd_0003.npy
239,4,56.1028,893.453,gen0239_theta_nd_0004.npy,gen0239_A_nd_0004.npy
239,5,52.7712,887.658,gen0239_theta_nd_0005.npy,gen0239_A_nd_0005.npy
239,6,48.0578,878.375,gen0239_theta_nd_0006.npy,gen0239_A_nd_0006.npy
239,7,53.4107,888.696,gen0239_theta_nd_0007.npy,gen0239_A_nd_0007.npy
239,8,64.4565,908.796,gen0239_theta_nd_0008.npy,gen0239_A_nd_0008.npy
239,9,60.1028,900.919,gen0239_theta_nd_0009.npy,gen0239_A_nd_0009.npy
239,10,63.6869,907.395,gen0239_theta_nd_0010.npy,gen0239_A_nd_0010.npy
239,11,58.4079,897.855,gen0239_theta_nd_0011.npy,gen0239_A_nd_0011.npy
239,12,62.4806,904.932,gen0239_theta_nd_0012.npy,gen0239_A_nd_0012.npy
239,13,59.5765,899.874,gen0239_theta_nd_0013.npy,gen0239_A_nd_0013.npy
239,14,58.0718,897.293,gen0239_theta_nd_0014.npy,gen0239_A_nd_0014.npy
239,15,55.2284,891.904,gen0239_theta_nd_0015.npy,gen0239_A_nd_0015.npy
239,16,54.3648,890.225,gen0239_theta_nd_0016.npy,gen0239_A_nd_0016.npy
239,17,59.0277,898.928,gen0239_theta_nd_0017.npy,gen0239_A_nd_0017.npy
239,18,54.5444,890.727,gen0239_theta_nd_0018.npy,gen0239_A_nd_0018.npy
239,19,55.8386,892.977,gen0239_theta_nd_0019.npy,gen0239_A_nd_0019.npy
239,20,56.8791,895.093,gen0239_theta_nd_0020.npy,gen0239_A_nd_0020.npy
239,21,57.6379,897.044,gen0239_theta_nd_0021.npy,gen0239_A_nd_0021.npy
239,22,56.4145,893.966,gen0239_theta_nd_0022.npy,gen0239_A_nd_0022.npy
239,23,62.7201,905.319,gen0239_theta_nd_0023.npy,gen0239_A_nd_0023.npy
239,24,63.8941,907.909,gen0239_theta_nd_0024.npy,gen0239_A_nd_0024.npy
239,25,60.836,902.097,gen0239_theta_nd_0025.npy,gen0239_A_nd_0025.npy
239,26,48.6525,879.428,gen0239_theta_nd_0026.npy,gen0239_A_nd_0026.npy
239,27,50.5446,883.313,gen0239_theta_nd_0027.npy,gen0239_A_nd_0027.npy
239,28,47.2709,876.725,gen0239_theta_nd_0028.npy,gen0239_A_nd_0028.npy
239,29,56.6928,894.62,gen0239_theta_nd_0029.npy,gen0239_A_nd_0029.npy
239,30,54.1229,889.948,gen0239_theta_nd_0030.npy,gen0239_A_nd_0030.npy
239,31,57.2169,895.583,gen0239_theta_nd_0031.npy,gen0239_A_nd_0031.npy
239,32,57.5222,896.507,gen0239_theta_nd_0032.npy,gen0239_A_nd_0032.npy
239,33,59.8332,900.397,gen0239_theta_nd_0033.npy,gen0239_A_nd_0033.npy
239,34,63.0005,906.003,gen0239_theta_nd_0034.npy,gen0239_A_nd_0034.npy
239,35,55.5592,892.46,gen0239_theta_nd_0035.npy,gen0239_A_nd_0035.npy
239,36,47.5319,877.344,gen0239_theta_nd_0036.npy,gen0239_A_nd_0036.npy
239,37,49.6188,881.647,gen0239_theta_nd_0037.npy,gen0239_A_nd_0037.npy
239,38,59.2172,899.423,gen0239_theta_nd_0038.npy,gen0239_A_nd_0038.npy
239,39,53.7015,889.165,gen0239_theta_nd_0039.npy,gen0239_A_nd_0039.npy
239,40,51.577,885.488,gen0239_theta_nd_0040.npy,gen0239_A_nd_0040.npy
239,41,51.9391,885.959,gen0239_theta_nd_0041.npy,gen0239_A_nd_0041.npy
239,42,50.1254,882.082,gen0239_theta_nd_0042.npy,gen0239_A_nd_0042.npy
239,43,52.464,887.023,gen0239_theta_nd_0043.npy,gen0239_A_nd_0043.npy
239,44,63.3788,906.372,gen0239_theta_nd_0044.npy,gen0239_A_nd_0044.npy
239,45,61.3631,903.17,gen0239_theta_nd_0045.npy,gen0239_A_nd_0045.npy
239,46,61.5507,903.61,gen0239_theta_nd_0046.npy,gen0239_A_nd_0046.npy
239,47,49.5127,880.981,gen0239_theta_nd_0047.npy,gen0239_A_nd_0047.npy
239,48,48.4854,878.826,gen0239_theta_nd_0048.npy,gen0239_A_nd_0048.npy
239,49,52.2408,886.529,gen0239_theta_nd_0049.npy,gen0239_A_nd_0049.npy
239,50,60.5701,901.526,gen0239_theta_nd_0050.npy,gen0239_A_nd_0050.npy
239,51,50.2906,882.683,gen0239_theta_nd_0051.npy,gen0239_A_nd_0051.npy
239,52,61.0216,902.374,gen0239_theta_nd_0052.npy,gen0239_A_nd_0052.npy
239,53,58.6145,898.238,gen0239_theta_nd_0053.npy,gen0239_A_nd_0053.npy
239,54,51.3348,884.832,gen0239_theta_nd_0054.npy,gen0239_A_nd_0054.npy
239,55,47.8499,877.828,gen0239_theta_nd_0055.npy,gen0239_A_nd_0055.npy
239,56,61.9641,903.957,gen0239_theta_nd_0056.npy,gen0239_A_nd_0056.npy
239,57,53.0755,888.233,gen0239_theta_nd_0057.npy,gen0239_A_nd_0057.npy
239,58,51.1116,884.366,gen0239_theta_nd_0058.npy,gen0239_A_nd_0058.npy
239,59,54.9665,891.33,gen0239_theta_nd_0059.npy,gen0239_A_nd_0059.npy
239,60,64.0934,908.257,gen0239_theta_nd_0060.npy,gen0239_A_nd_0060.npy
240,0,48.4854,878.826,gen0240_theta_nd_0000.npy,gen0240_A_nd_0000.npy
240,1,62.4806,904.932,gen0240_theta_nd_0001.npy,gen0240_A_nd_0001.npy
240,2,53.0755,888.233,gen0240_theta_nd_0002.npy,gen0240_A_nd_0002.npy
240,3,53.7015,889.165,gen0240_theta_nd_0003.npy,gen0240_A_nd_0003.npy
240,4,55.7699,892.851,gen0240_theta_nd_0004.npy,gen0240_A_nd_0004.npy
240,5,60.1028,900.919,gen0240_theta_nd_0005.npy,gen0240_A_nd_0005.npy
240,6,63.6869,907.395,gen0240_theta_nd_0006.npy,gen0240_A_nd_0006.npy
240,7,61.0216,902.374,gen0240_theta_nd_0007.npy,gen0240_A_nd_0007.npy
240,8,54.6126,890.761,gen0240_theta_nd_0008.npy,gen0240_A_nd_0008.npy
240,9,56.6928,894.62,gen0240_theta_nd_0009.npy,gen0240_A_nd_0009.npy
240,10,61.8928,903.948,gen0240_theta_nd_0010.npy,gen0240_A_nd_0010.npy
240,11,63.3788,906.372,gen0240_theta_nd_0011.npy,gen0240_A_nd_0011.npy
240,12,50.1254,882.082,gen0240_theta_nd_0012.npy,gen0240_A_nd_0012.npy
240,13,59.2172,899.423,gen0240_theta_nd_0013.npy,gen0240_A_nd_0013.npy
240,14,59.5634,899.804,gen0240_theta_nd_0014.npy,gen0240_A_nd_0014.npy
240,15,53.4107,888.696,gen0240_theta_nd_0015.npy,gen0240_A_nd_0015.npy
240,16,57.5222,896.507,gen0240_theta_nd_0016.npy,gen0240_A_nd_0016.npy
240,17,61.5507,903.61,gen0240_theta_nd_0017.npy,gen0240_A_nd_0017.npy
240,18,56.1028,893.453,gen0240_theta_nd_0018.npy,gen0240_A_nd_0018.npy
240,19,52.7712,887.658,gen0240_theta_nd_0019.npy,gen0240_A_nd_0019.npy
240,20,49.0704,879.96,gen0240_theta_nd_0020.npy,gen0240_A_nd_0020.npy
240,21,60.836,902.097,gen0240_theta_nd_0021.npy,gen0240_A_nd_0021.npy
240,22,64.0934,908.257,gen0240_theta_nd_0022.npy,gen0240_A_nd_0022.npy
240,23,61.3631,903.17,gen0240_theta_nd_0023.npy,gen0240_A_nd_0023.npy
240,24,51.577,885.488,gen0240_theta_nd_0024.npy,gen0240_A_nd_0024.npy
240,25,47.8499,877.828,gen0240_theta_nd_0025.npy,gen0240_A_nd_0025.npy
240,26,54.3318,890.173,gen0240_theta_nd_0026.npy,gen0240_A_nd_0026.npy
240,27,50.2906,882.683,gen0240_theta_nd_0027.npy,gen0240_A_nd_0027.npy
240,28,51.3348,884.832,gen0240_theta_nd_0028.npy,gen0240_A_nd_0028.npy
240,29,58.4079,897.855,gen0240_theta_nd_0029.npy,gen0240_A_nd_0029.npy
240,30,58.6145,898.238,gen0240_theta_nd_0030.npy,gen0240_A_nd_0030.npy
240,31,63.8941,907.909,gen0240_theta_nd_0031.npy,gen0240_A_nd_0031.npy
240,32,47.5663,877.171,gen0240_theta_nd_0032.npy,gen0240_A_nd_0032.npy
240,33,54.9036,891.297,gen0240_theta_nd_0033.npy,gen0240_A_nd_0033.npy
240,34,64.4565,908.796,gen0240_theta_nd_0034.npy,gen0240_A_nd_0034.npy
240,35,49.6188,881.647,gen0240_theta_nd_0035.npy,gen0240_A_nd_0035.npy
240,36,62.1532,904.404,gen0240_theta_nd_0036.npy,gen0240_A_nd_0036.npy
240,37,56.4145,893.966,gen0240_theta_nd_0037.npy,gen0240_A_nd_0037.npy
240,38,52.2408,886.529,gen0240_theta_nd_0038.npy,gen0240_A_nd_0038.npy
240,39,58.0718,897.293,gen0240_theta_nd_0039.npy,gen0240_A_nd_0039.npy
240,40,56.8791,895.093,gen0240_theta_nd_0040.npy,gen0240_A_nd_0040.npy
240,41,52.464,887.023,gen0240_theta_nd_0041.npy,gen0240_A_nd_0041.npy
240,42,50.5446,883.313,gen0240_theta_nd_0042.npy,gen0240_A_nd_0042.npy
240,43,62.7201,905.319,gen0240_theta_nd_0043.npy,gen0240_A_nd_0043.npy
240,44,55.5592,892.46,gen0240_theta_nd_0044.npy,gen0240_A_nd_0044.npy
240,45,49.2891,880.608,gen0240_theta_nd_0045.npy,gen0240_A_nd_0045.npy
240,46,54.1229,889.948,gen0240_theta_nd_0046.npy,gen0240_A_nd_0046.npy
240,47,51.9391,885.959,gen0240_theta_nd_0047.npy,gen0240_A_nd_0047.npy
240,48,57.2169,895.583,gen0240_theta_nd_0048.npy,gen0240_A_nd_0048.npy
240,49,57.6379,897.044,gen0240_theta_nd_0049.npy,gen0240_A_nd_0049.npy
240,50,48.707,879.395,gen0240_theta_nd_0050.npy,gen0240_A_nd_0050.npy
240,51,49.5127,880.981,gen0240_theta_nd_0051.npy,gen0240_A_nd_0051.npy
240,52,60.3676,901.391,gen0240_theta_nd_0052.npy,gen0240_A_nd_0052.npy
240,53,59.8332,900.397,gen0240_theta_nd_0053.npy,gen0240_A_nd_0053.npy
240,54,50.7508,883.829,gen0240_theta_nd_0054.npy,gen0240_A_nd_0054.npy
240,55,47.2709,876.725,gen0240_theta_nd_0055.npy,gen0240_A_nd_0055.npy
240,56,59.0277,898.928,gen0240_theta_nd_0056.npy,gen0240_A_nd_0056.npy
240,57,51.0355,884.347,gen0240_theta_nd_0057.npy,gen0240_A_nd_0057.npy
240,58,48.0578,878.375,gen0240_theta_nd_0058.npy,gen0240_A_nd_0058.npy
240,59,55.2284,891.904,gen0240_theta_nd_0059.npy,gen0240_A_nd_0059.npy
240,60,56.3014,893.913,gen0240_theta_nd_0060.npy,gen0240_A_nd_0060.npy
241,0,51.5999,885.622,gen0241_theta_nd_0000.npy,gen0241_A_nd_0000.npy
241,1,48.7886,879.555,gen0241_theta_nd_0001.npy,gen0241_A_nd_0001.npy
241,2,57.0827,895.421,gen0241_theta_nd_0002.npy,gen0241_A_nd_0002.npy
241,3,47.8499,877.828,gen0241_theta_nd_0003.npy,gen0241_A_nd_0003.npy
241,4,62.1532,904.404,gen0241_theta_nd_0004.npy,gen0241_A_nd_0004.npy
241,5,49.593,881.061,gen0241_theta_nd_0005.npy,gen0241_A_nd_0005.npy
241,6,51.0355,884.347,gen0241_theta_nd_0006.npy,gen0241_A_nd_0006.npy
241,7,55.2476,892.006,gen0241_theta_nd_0007.npy,gen0241_A_nd_0007.npy
241,8,60.1028,900.919,gen0241_theta_nd_0008.npy,gen0241_A_nd_0008.npy
241,9,61.8928,903.948,gen0241_theta_nd_0009.npy,gen0241_A_nd_0009.npy
241,10,62.9166,905.901,gen0241_theta_nd_0010.npy,gen0241_A_nd_0010.npy
241,11,62.5539,904.926,gen0241_theta_nd_0011.npy,gen0241_A_nd_0011.npy
241,12,49.0704,879.96,gen0241_theta_nd_0012.npy,gen0241_A_nd_0012.npy
241,13,53.0219,888.115,gen0241_theta_nd_0013.npy,gen0241_A_nd_0013.npy
241,14,58.4079,897.855,gen0241_theta_nd_0014.npy,gen0241_A_nd_0014.npy
241,15,58.6145,898.238,gen0241_theta_nd_0015.npy,gen0241_A_nd_0015.npy
241,16,56.2732,893.805,gen0241_theta_nd_0016.npy,gen0241_A_nd_0016.npy
241,17,47.2709,876.725,gen0241_theta_nd_0017.npy,gen0241_A_nd_0017.npy
241,18,50.9241,884.291,gen0241_theta_nd_0018.npy,gen0241_A_nd_0018.npy
241,19,57.6379,897.044,gen0241_theta_nd_0019.npy,gen0241_A_nd_0019.npy
241,20,56.6928,894.62,gen0241_theta_nd_0020.npy,gen0241_A_nd_0020.npy
241,21,61.0216,902.374,gen0241_theta_nd_0021.npy,gen0241_A_nd_0021.npy
241,22,50.5446,883.313,gen0241_theta_nd_0022.npy,gen0241_A_nd_0022.npy
241,23,54.1229,889.948,gen0241_theta_nd_0023.npy,gen0241_A_nd_0023.npy
241,24,48.0578,878.375,gen0241_theta_nd_0024.npy,gen0241_A_nd_0024.npy
241,25,64.4565,908.796,gen0241_theta_nd_0025.npy,gen0241_A_nd_0025.npy
241,26,59.8332,900.397,gen0241_theta_nd_0026.npy,gen0241_A_nd_0026.npy
241,27,55.2284,891.904,gen0241_theta_nd_0027.npy,gen0241_A_nd_0027.npy
241,28,49.2891,880.608,gen0241_theta_nd_0028.npy,gen0241_A_nd_0028.npy
241,29,48.4854,878.826,gen0241_theta_nd_0029.npy,gen0241_A_nd_0029.npy
241,30,64.0934,908.257,gen0241_theta_nd_0030.npy,gen0241_A_nd_0030.npy
241,31,55.7699,892.851,gen0241_theta_nd_0031.npy,gen0241_A_nd_0031.npy
241,32,52.464,887.023,gen0241_theta_nd_0032.npy,gen0241_A_nd_0032.npy
241,33,50.1254,882.082,gen0241_theta_nd_0033.npy,gen0241_A_nd_0033.npy
241,34,58.8888,898.697,gen0241_theta_nd_0034.npy,gen0241_A_nd_0034.npy
241,35,47.0996,876.3,gen0241_theta_nd_0035.npy,gen0241_A_nd_0035.npy
241,36,53.7015,889.165,gen0241_theta_nd_0036.npy,gen0241_A_nd_0036.npy
241,37,53.1111,888.309,gen0241_theta_nd_0037.npy,gen0241_A_nd_0037.npy
241,38,56.946,895.061,gen0241_theta_nd_0038.npy,gen0241_A_nd_0038.npy
241,39,60.3676,901.391,gen0241_theta_nd_0039.npy,gen0241_A_nd_0039.npy
241,40,49.6188,881.647,gen0241_theta_nd_0040.npy,gen0241_A_nd_0040.npy
241,41,61.5507,903.61,gen0241_theta_nd_0041.npy,gen0241_A_nd_0041.npy
241,42,63.3788,906.372,gen0241_theta_nd_0042.npy,gen0241_A_nd_0042.npy
241,43,52.092,886.349,gen0241_theta_nd_0043.npy,gen0241_A_nd_0043.npy
241,44,54.534,890.566,gen0241_theta_nd_0044.npy,gen0241_A_nd_0044.npy
241,45,50.2906,882.683,gen0241_theta_nd_0045.npy,gen0241_A_nd_0045.npy
241,46,54.8432,891.23,gen0241_theta_nd_0046.npy,gen0241_A_nd_0046.npy
241,47,59.2172,899.423,gen0241_theta_nd_0047.npy,gen0241_A_nd_0047.npy
241,48,63.8941,907.909,gen0241_theta_nd_0048.npy,gen0241_A_nd_0048.npy
241,49,56.1028,893.453,gen0241_theta_nd_0049.npy,gen0241_A_nd_0049.npy
241,50,63.6869,907.395,gen0241_theta_nd_0050.npy,gen0241_A_nd_0050.npy
241,51,47.5663,877.171,gen0241_theta_nd_0051.npy,gen0241_A_nd_0051.npy
241,52,58.0718,897.293,gen0241_theta_nd_0052.npy,gen0241_A_nd_0052.npy
241,53,61.3631,903.17,gen0241_theta_nd_0053.npy,gen0241_A_nd_0053.npy
241,54,59.5634,899.804,gen0241_theta_nd_0054.npy,gen0241_A_nd_0054.npy
241,55,53.918,889.301,gen0241_theta_nd_0055.npy,gen0241_A_nd_0055.npy
241,56,62.7201,905.319,gen0241_theta_nd_0056.npy,gen0241_A_nd_0056.npy
241,57,51.577,885.488,gen0241_theta_nd_0057.npy,gen0241_A_nd_0057.npy
241,58,51.3348,884.832,gen0241_theta_nd_0058.npy,gen0241_A_nd_0058.npy
241,59,58.6448,898.335,gen0241_theta_nd_0059.npy,gen0241_A_nd_0059.npy
241,60,48.707,879.395,gen0241_theta_nd_0060.npy,gen0241_A_nd_0060.npy
242,0,47.5663,877.171,gen0242_theta_nd_0000.npy,gen0242_A_nd_0000.npy
242,1,50.1254,882.082,gen0242_theta_nd_0001.npy,gen0242_A_nd_0001.npy
242,2,63.6869,907.395,gen0242_theta_nd_0002.npy,gen0242_A_nd_0002.npy
242,3,49.593,881.061,gen0242_theta_nd_0003.npy,gen0242_A_nd_0003.npy
242,4,60.1028,900.919,gen0242_theta_nd_0004.npy,gen0242_A_nd_0004.npy
242,5,62.5539,904.926,gen0242_theta_nd_0005.npy,gen0242_A_nd_0005.npy
242,6,55.4072,892.26,gen0242_theta_nd_0006.npy,gen0242_A_nd_0006.npy
242,7,62.9166,905.901,gen0242_theta_nd_0007.npy,gen0242_A_nd_0007.npy
242,8,62.7201,905.319,gen0242_theta_nd_0008.npy,gen0242_A_nd_0008.npy
242,9,59.1508,899.291,gen0242_theta_nd_0009.npy,gen0242_A_nd_0009.npy
242,10,58.0718,897.293,gen0242_theta_nd_0010.npy,gen0242_A_nd_0010.npy
242,11,49.2891,880.608,gen0242_theta_nd_0011.npy,gen0242_A_nd_0011.npy
242,12,61.0216,902.374,gen0242_theta_nd_0012.npy,gen0242_A_nd_0012.npy
242,13,61.3631,903.17,gen0242_theta_nd_0013.npy,gen0242_A_nd_0013.npy
242,14,47.2709,876.725,gen0242_theta_nd_0014.npy,gen0242_A_nd_0014.npy
242,15,49.0704,879.96,gen0242_theta_nd_0015.npy,gen0242_A_nd_0015.npy
242,16,47.0996,876.3,gen0242_theta_nd_0016.npy,gen0242_A_nd_0016.npy
242,17,54.1229,889.948,gen0242_theta_nd_0017.npy,gen0242_A_nd_0017.npy
242,18,61.8928,903.948,gen0242_theta_nd_0018.npy,gen0242_A_nd_0018.npy
242,19,56.946,895.061,gen0242_theta_nd_0019.npy,gen0242_A_nd_0019.npy
242,20,56.2732,893.805,gen0242_theta_nd_0020.npy,gen0242_A_nd_0020.npy
242,21,51.6002,885.88,gen0242_theta_nd_0021.npy,gen0242_A_nd_0021.npy
242,22,48.7886,879.555,gen0242_theta_nd_0022.npy,gen0242_A_nd_0022.npy
242,23,55.7699,892.851,gen0242_theta_nd_0023.npy,gen0242_A_nd_0023.npy
242,24,52.2926,886.868,gen0242_theta_nd_0024.npy,gen0242_A_nd_0024.npy
242,25,48.4854,878.826,gen0242_theta_nd_0025.npy,gen0242_A_nd_0025.npy
242,26,61.5507,903.61,gen0242_theta_nd_0026.npy,gen0242_A_nd_0026.npy
242,27,54.8432,891.23,gen0242_theta_nd_0027.npy,gen0242_A_nd_0027.npy
242,28,50.9241,884.291,gen0242_theta_nd_0028.npy,gen0242_A_nd_0028.npy
242,29,56.1028,893.453,gen0242_theta_nd_0029.npy,gen0242_A_nd_0029.npy
242,30,58.2896,897.738,gen0242_theta_nd_0030.npy,gen0242_A_nd_0030.npy
242,31,52.092,886.349,gen0242_theta_nd_0031.npy,gen0242_A_nd_0031.npy
242,32,53.3112,888.633,gen0242_theta_nd_0032.npy,gen0242_A_nd_0032.npy
242,33,59.5634,899.804,gen0242_theta_nd_0033.npy,gen0242_A_nd_0033.npy
242,34,57.6379,897.044,gen0242_theta_nd_0034.npy,gen0242_A_nd_0034.npy
242,35,50.3084,883.115,gen0242_theta_nd_0035.npy,gen0242_A_nd_0035.npy
242,36,56.6928,894.62,gen0242_theta_nd_0036.npy,gen0242_A_nd_0036.npy
242,37,52.897,887.914,gen0242_theta_nd_0037.npy,gen0242_A_nd_0037.npy
242,38,50.5446,883.313,gen0242_theta_nd_0038.npy,gen0242_A_nd_0038.npy
242,39,51.2356,884.729,gen0242_theta_nd_0039.npy,gen0242_A_nd_0039.npy
242,40,57.0827,895.421,gen0242_theta_nd_0040.npy,gen0242_A_nd_0040.npy
242,41,64.0934,908.257,gen0242_theta_nd_0041.npy,gen0242_A_nd_0041.npy
242,42,63.3788,906.372,gen0242_theta_nd_0042.npy,gen0242_A_nd_0042.npy
242,43,55.0327,891.66,gen0242_theta_nd_0043.npy,gen0242_A_nd_0043.npy
242,44,58.6145,898.238,gen0242_theta_nd_0044.npy,gen0242_A_nd_0044.npy
242,45,60.3676,901.391,gen0242_theta_nd_0045.npy,gen0242_A_nd_0045.npy
242,46,54.534,890.566,gen0242_theta_nd_0046.npy,gen0242_A_nd_0046.npy
242,47,53.7015,889.165,gen0242_theta_nd_0047.npy,gen0242_A_nd_0047.npy
242,48,53.9659,889.435,gen0242_theta_nd_0048.npy,gen0242_A_nd_0048.npy
242,49,63.8941,907.909,gen0242_theta_nd_0049.npy,gen0242_A_nd_0049.npy
242,50,58.9017,898.737,gen0242_theta_nd_0050.npy,gen0242_A_nd_0050.npy
242,51,48.2952,878.459,gen0242_theta_nd_0051.npy,gen0242_A_nd_0051.npy
242,52,64.4565,908.796,gen0242_theta_nd_0052.npy,gen0242_A_nd_0052.npy
242,53,47.8499,877.828,gen0242_theta_nd_0053.npy,gen0242_A_nd_0053.npy
242,54,59.8332,900.397,gen0242_theta_nd_0054.npy,gen0242_A_nd_0054.npy
242,55,62.1532,904.404,gen0242_theta_nd_0055.npy,gen0242_A_nd_0055.npy
242,56,57.109,895.788,gen0242_theta_nd_0056.npy,gen0242_A_nd_0056.npy
242,57,53.918,889.301,gen0242_theta_nd_0057.npy,gen0242_A_nd_0057.npy
242,58,48.0961,878.25,gen0242_theta_nd_0058.npy,gen0242_A_nd_0058.npy
242,59,51.5999,885.622,gen0242_theta_nd_0059.npy,gen0242_A_nd_0059.npy
242,60,49.6693,881.36,gen0242_theta_nd_0060.npy,gen0242_A_nd_0060.npy
242,0,48.7886,879.555,gen0242_theta_nd_0000.npy,gen0242_A_nd_0000.npy
242,1,57.0827,895.421,gen0242_theta_nd_0001.npy,gen0242_A_nd_0001.npy
242,2,47.8499,877.828,gen0242_theta_nd_0002.npy,gen0242_A_nd_0002.npy
242,3,62.1532,904.404,gen0242_theta_nd_0003.npy,gen0242_A_nd_0003.npy
242,4,49.593,881.061,gen0242_theta_nd_0004.npy,gen0242_A_nd_0004.npy
242,5,60.1028,900.919,gen0242_theta_nd_0005.npy,gen0242_A_nd_0005.npy
242,6,61.8928,903.948,gen0242_theta_nd_0006.npy,gen0242_A_nd_0006.npy
242,7,62.9166,905.901,gen0242_theta_nd_0007.npy,gen0242_A_nd_0007.npy
242,8,62.5539,904.926,gen0242_theta_nd_0008.npy,gen0242_A_nd_0008.npy
242,9,49.0704,879.96,gen0242_theta_nd_0009.npy,gen0242_A_nd_0009.npy
242,10,58.6145,898.238,gen0242_theta_nd_0010.npy,gen0242_A_nd_0010.npy
242,11,56.2732,893.805,gen0242_theta_nd_0011.npy,gen0242_A_nd_0011.npy
242,12,47.2709,876.725,gen0242_theta_nd_0012.npy,gen0242_A_nd_0012.npy
242,13,50.9241,884.291,gen0242_theta_nd_0013.npy,gen0242_A_nd_0013.npy
242,14,57.6379,897.044,gen0242_theta_nd_0014.npy,gen0242_A_nd_0014.npy
242,15,56.6928,894.62,gen0242_theta_nd_0015.npy,gen0242_A_nd_0015.npy
242,16,61.0216,902.374,gen0242_theta_nd_0016.npy,gen0242_A_nd_0016.npy
242,17,50.5446,883.313,gen0242_theta_nd_0017.npy,gen0242_A_nd_0017.npy
242,18,54.1229,889.948,gen0242_theta_nd_0018.npy,gen0242_A_nd_0018.npy
242,19,64.4565,908.796,gen0242_theta_nd_0019.npy,gen0242_A_nd_0019.npy
242,20,59.8332,900.397,gen0242_theta_nd_0020.npy,gen0242_A_nd_0020.npy
242,21,49.2891,880.608,gen0242_theta_nd_0021.npy,gen0242_A_nd_0021.npy
242,22,48.4854,878.826,gen0242_theta_nd_0022.npy,gen0242_A_nd_0022.npy
242,23,64.0934,908.257,gen0242_theta_nd_0023.npy,gen0242_A_nd_0023.npy
242,24,55.7699,892.851,gen0242_theta_nd_0024.npy,gen0242_A_nd_0024.npy
242,25,50.1254,882.082,gen0242_theta_nd_0025.npy,gen0242_A_nd_0025.npy
242,26,47.0996,876.3,gen0242_theta_nd_0026.npy,gen0242_A_nd_0026.npy
242,27,53.7015,889.165,gen0242_theta_nd_0027.npy,gen0242_A_nd_0027.npy
242,28,56.946,895.061,gen0242_theta_nd_0028.npy,gen0242_A_nd_0028.npy
242,29,60.3676,901.391,gen0242_theta_nd_0029.npy,gen0242_A_nd_0029.npy
242,30,61.5507,903.61,gen0242_theta_nd_0030.npy,gen0242_A_nd_0030.npy
242,31,63.3788,906.372,gen0242_theta_nd_0031.npy,gen0242_A_nd_0031.npy
242,32,52.092,886.349,gen0242_theta_nd_0032.npy,gen0242_A_nd_0032.npy
242,33,54.534,890.566,gen0242_theta_nd_0033.npy,gen0242_A_nd_0033.npy
242,34,54.8432,891.23,gen0242_theta_nd_0034.npy,gen0242_A_nd_0034.npy
242,35,63.8941,907.909,gen0242_theta_nd_0035.npy,gen0242_A_nd_0035.npy
242,36,56.1028,893.453,gen0242_theta_nd_0036.npy,gen0242_A_nd_0036.npy
242,37,63.6869,907.395,gen0242_theta_nd_0037.npy,gen0242_A_nd_0037.npy
242,38,47.5663,877.171,gen0242_theta_nd_0038.npy,gen0242_A_nd_0038.npy
242,39,58.0718,897.293,gen0242_theta_nd_0039.npy,gen0242_A_nd_0039.npy
242,40,61.3631,903.17,gen0242_theta_nd_0040.npy,gen0242_A_nd_0040.npy
242,41,59.5634,899.804,gen0242_theta_nd_0041.npy,gen0242_A_nd_0041.npy
242,42,62.7201,905.319,gen0242_theta_nd_0042.npy,gen0242_A_nd_0042.npy
242,43,51.2356,884.729,gen0242_theta_nd_0043.npy,gen0242_A_nd_0043.npy
242,44,50.3084,883.115,gen0242_theta_nd_0044.npy,gen0242_A_nd_0044.npy
242,45,55.4072,892.26,gen0242_theta_nd_0045.npy,gen0242_A_nd_0045.npy
242,46,51.6002,885.88,gen0242_theta_nd_0046.npy,gen0242_A_nd_0046.npy
242,47,59.1508,899.291,gen0242_theta_nd_0047.npy,gen0242_A_nd_0047.npy
242,48,52.2926,886.868,gen0242_theta_nd_0048.npy,gen0242_A_nd_0048.npy
242,49,53.3112,888.633,gen0242_theta_nd_0049.npy,gen0242_A_nd_0049.npy
242,50,48.2952,878.459,gen0242_theta_nd_0050.npy,gen0242_A_nd_0050.npy
242,51,52.897,887.914,gen0242_theta_nd_0051.npy,gen0242_A_nd_0051.npy
242,52,58.9017,898.737,gen0242_theta_nd_0052.npy,gen0242_A_nd_0052.npy
242,53,58.2896,897.738,gen0242_theta_nd_0053.npy,gen0242_A_nd_0053.npy
242,54,53.9659,889.435,gen0242_theta_nd_0054.npy,gen0242_A_nd_0054.npy
242,55,55.0327,891.66,gen0242_theta_nd_0055.npy,gen0242_A_nd_0055.npy
243,0,50.1254,882.082,gen0243_theta_nd_0000.npy,gen0243_A_nd_0000.npy
243,1,61.204,903.058,gen0243_theta_nd_0001.npy,gen0243_A_nd_0001.npy
243,2,55.7699,892.851,gen0243_theta_nd_0002.npy,gen0243_A_nd_0002.npy
243,3,54.534,890.566,gen0243_theta_nd_0003.npy,gen0243_A_nd_0003.npy
243,4,51.7796,885.866,gen0243_theta_nd_0004.npy,gen0243_A_nd_0004.npy
243,5,59.1508,899.291,gen0243_theta_nd_0005.npy,gen0243_A_nd_0005.npy
243,6,47.0996,876.3,gen0243_theta_nd_0006.npy,gen0243_A_nd_0006.npy
243,7,52.2926,886.868,gen0243_theta_nd_0007.npy,gen0243_A_nd_0007.npy
243,8,62.3743,904.73,gen0243_theta_nd_0008.npy,gen0243_A_nd_0008.npy
243,9,54.1229,889.948,gen0243_theta_nd_0009.npy,gen0243_A_nd_0009.npy
243,10,47.7154,877.416,gen0243_theta_nd_0010.npy,gen0243_A_nd_0010.npy
243,11,47.2709,876.725,gen0243_theta_nd_0011.npy,gen0243_A_nd_0011.npy
243,12,49.593,881.061,gen0243_theta_nd_0012.npy,gen0243_A_nd_0012.npy
243,13,64.4565,908.796,gen0243_theta_nd_0013.npy,gen0243_A_nd_0013.npy
243,14,58.04,897.268,gen0243_theta_nd_0014.npy,gen0243_A_nd_0014.npy
243,15,63.3788,906.372,gen0243_theta_nd_0015.npy,gen0243_A_nd_0015.npy
243,16,61.5507,903.61,gen0243_theta_nd_0016.npy,gen0243_A_nd_0016.npy
243,17,50.9241,884.291,gen0243_theta_nd_0017.npy,gen0243_A_nd_0017.npy
243,18,59.8332,900.397,gen0243_theta_nd_0018.npy,gen0243_A_nd_0018.npy
243,19,49.939,881.744,gen0243_theta_nd_0019.npy,gen0243_A_nd_0019.npy
243,20,58.6145,898.238,gen0243_theta_nd_0020.npy,gen0243_A_nd_0020.npy
243,21,51.5601,885.308,gen0243_theta_nd_0021.npy,gen0243_A_nd_0021.npy
243,22,59.5634,899.804,gen0243_theta_nd_0022.npy,gen0243_A_nd_0022.npy
243,23,60.1028,900.919,gen0243_theta_nd_0023.npy,gen0243_A_nd_0023.npy
243,24,55.4072,892.26,gen0243_theta_nd_0024.npy,gen0243_A_nd_0024.npy
243,25,62.1532,904.404,gen0243_theta_nd_0025.npy,gen0243_A_nd_0025.npy
243,26,57.1484,895.47,gen0243_theta_nd_0026.npy,gen0243_A_nd_0026.npy
243,27,64.2201,908.267,gen0243_theta_nd_0027.npy,gen0243_A_nd_0027.npy
243,28,58.2896,897.738,gen0243_theta_nd_0028.npy,gen0243_A_nd_0028.npy
243,29,48.4854,878.826,gen0243_theta_nd_0029.npy,gen0243_A_nd_0029.npy
243,30,49.1467,880.081,gen0243_theta_nd_0030.npy,gen0243_A_nd_0030.npy
243,31,52.897,887.914,gen0243_theta_nd_0031.npy,gen0243_A_nd_0031.npy
243,32,57.7438,896.704,gen0243_theta_nd_0032.npy,gen0243_A_nd_0032.npy
243,33,63.8941,907.909,gen0243_theta_nd_0033.npy,gen0243_A_nd_0033.npy
243,34,62.7201,905.319,gen0243_theta_nd_0034.npy,gen0243_A_nd_0034.npy
243,35,48.2952,878.459,gen0243_theta_nd_0035.npy,gen0243_A_nd_0035.npy
243,36,61.8928,903.948,gen0243_theta_nd_0036.npy,gen0243_A_nd_0036.npy
243,37,55.934,893.199,gen0243_theta_nd_0037.npy,gen0243_A_nd_0037.npy
243,38,60.3676,901.391,gen0243_theta_nd_0038.npy,gen0243_A_nd_0038.npy
243,39,53.9659,889.435,gen0243_theta_nd_0039.npy,gen0243_A_nd_0039.npy
243,40,62.9166,905.901,gen0243_theta_nd_0040.npy,gen0243_A_nd_0040.npy
243,41,50.5446,883.313,gen0243_theta_nd_0041.npy,gen0243_A_nd_0041.npy
243,42,56.2732,893.805,gen0243_theta_nd_0042.npy,gen0243_A_nd_0042.npy
243,43,48.7886,879.555,gen0243_theta_nd_0043.npy,gen0243_A_nd_0043.npy
243,44,53.6545,889.046,gen0243_theta_nd_0044.npy,gen0243_A_nd_0044.npy
243,45,58.9017,898.737,gen0243_theta_nd_0045.npy,gen0243_A_nd_0045.npy
243,46,47.9704,877.753,gen0243_theta_nd_0046.npy,gen0243_A_nd_0046.npy
243,47,61.0216,902.374,gen0243_theta_nd_0047.npy,gen0243_A_nd_0047.npy
243,48,52.4974,887.625,gen0243_theta_nd_0048.npy,gen0243_A_nd_0048.npy
243,49,56.946,895.061,gen0243_theta_nd_0049.npy,gen0243_A_nd_0049.npy
243,50,55.0327,891.66,gen0243_theta_nd_0050.npy,gen0243_A_nd_0050.npy
243,51,50.3084,883.115,gen0243_theta_nd_0051.npy,gen0243_A_nd_0051.npy
243,52,49.2891,880.608,gen0243_theta_nd_0052.npy,gen0243_A_nd_0052.npy
243,53,51.9671,886.34,gen0243_theta_nd_0053.npy,gen0243_A_nd_0053.npy
243,54,63.6869,907.395,gen0243_theta_nd_0054.npy,gen0243_A_nd_0054.npy
243,55,56.5277,894.371,gen0243_theta_nd_0055.npy,gen0243_A_nd_0055.npy
243,56,53.0686,888.489,gen0243_theta_nd_0056.npy,gen0243_A_nd_0056.npy
243,57,51.2356,884.729,gen0243_theta_nd_0057.npy,gen0243_A_nd_0057.npy
243,58,54.8432,891.23,gen0243_theta_nd_0058.npy,gen0243_A_nd_0058.npy
243,59,56.6928,894.62,gen0243_theta_nd_0059.npy,gen0243_A_nd_0059.npy
243,60,56.1028,893.453,gen0243_theta_nd_0060.npy,gen0243_A_nd_0060.npy
244,0,62.7201,905.319,gen0244_theta_nd_0000.npy,gen0244_A_nd_0000.npy
244,1,48.2952,878.459,gen0244_theta_nd_0001.npy,gen0244_A_nd_0001.npy
244,2,52.6875,887.417,gen0244_theta_nd_0002.npy,gen0244_A_nd_0002.npy
244,3,50.5446,883.313,gen0244_theta_nd_0003.npy,gen0244_A_nd_0003.npy
244,4,47.2709,876.725,gen0244_theta_nd_0004.npy,gen0244_A_nd_0004.npy
244,5,61.0216,902.374,gen0244_theta_nd_0005.npy,gen0244_A_nd_0005.npy
244,6,49.939,881.744,gen0244_theta_nd_0006.npy,gen0244_A_nd_0006.npy
244,7,49.1467,880.081,gen0244_theta_nd_0007.npy,gen0244_A_nd_0007.npy
244,8,59.1508,899.291,gen0244_theta_nd_0008.npy,gen0244_A_nd_0008.npy
244,9,59.5634,899.804,gen0244_theta_nd_0009.npy,gen0244_A_nd_0009.npy
244,10,54.8432,891.23,gen0244_theta_nd_0010.npy,gen0244_A_nd_0010.npy
244,11,55.0327,891.66,gen0244_theta_nd_0011.npy,gen0244_A_nd_0011.npy
244,12,59.7631,900.299,gen0244_theta_nd_0012.npy,gen0244_A_nd_0012.npy
244,13,63.6869,907.395,gen0244_theta_nd_0013.npy,gen0244_A_nd_0013.npy
244,14,62.1532,904.404,gen0244_theta_nd_0014.npy,gen0244_A_nd_0014.npy
244,15,52.2926,886.868,gen0244_theta_nd_0015.npy,gen0244_A_nd_0015.npy
244,16,55.4072,892.26,gen0244_theta_nd_0016.npy,gen0244_A_nd_0016.npy
244,17,53.0686,888.489,gen0244_theta_nd_0017.npy,gen0244_A_nd_0017.npy
244,18,64.2201,908.267,gen0244_theta_nd_0018.npy,gen0244_A_nd_0018.npy
244,19,61.5507,903.61,gen0244_theta_nd_0019.npy,gen0244_A_nd_0019.npy
244,20,52.0615,886.095,gen0244_theta_nd_0020.npy,gen0244_A_nd_0020.npy
244,21,58.6145,898.238,gen0244_theta_nd_0021.npy,gen0244_A_nd_0021.npy
244,22,53.6545,889.046,gen0244_theta_nd_0022.npy,gen0244_A_nd_0022.npy
244,23,55.7699,892.851,gen0244_theta_nd_0023.npy,gen0244_A_nd_0023.npy
244,24,49.2891,880.608,gen0244_theta_nd_0024.npy,gen0244_A_nd_0024.npy
244,25,55.934,893.199,gen0244_theta_nd_0025.npy,gen0244_A_nd_0025.npy
244,26,48.4854,878.826,gen0244_theta_nd_0026.npy,gen0244_A_nd_0026.npy
244,27,48.7886,879.555,gen0244_theta_nd_0027.npy,gen0244_A_nd_0027.npy
244,28,48.0084,877.958,gen0244_theta_nd_0028.npy,gen0244_A_nd_0028.npy
244,29,61.2801,903.134,gen0244_theta_nd_0029.npy,gen0244_A_nd_0029.npy
244,30,63.8941,907.909,gen0244_theta_nd_0030.npy,gen0244_A_nd_0030.npy
244,31,56.5277,894.371,gen0244_theta_nd_0031.npy,gen0244_A_nd_0031.npy
244,32,57.9886,897.172,gen0244_theta_nd_0032.npy,gen0244_A_nd_0032.npy
244,33,50.9241,884.291,gen0244_theta_nd_0033.npy,gen0244_A_nd_0033.npy
244,34,56.946,895.061,gen0244_theta_nd_0034.npy,gen0244_A_nd_0034.npy
244,35,63.0328,906.29,gen0244_theta_nd_0035.npy,gen0244_A_nd_0035.npy
244,36,62.3743,904.73,gen0244_theta_nd_0036.npy,gen0244_A_nd_0036.npy
244,37,56.2732,893.805,gen0244_theta_nd_0037.npy,gen0244_A_nd_0037.npy
244,38,52.897,887.914,gen0244_theta_nd_0038.npy,gen0244_A_nd_0038.npy
244,39,64.4565,908.796,gen0244_theta_nd_0039.npy,gen0244_A_nd_0039.npy
244,40,51.5601,885.308,gen0244_theta_nd_0040.npy,gen0244_A_nd_0040.npy
244,41,63.3788,906.372,gen0244_theta_nd_0041.npy,gen0244_A_nd_0041.npy
244,42,54.534,890.566,gen0244_theta_nd_0042.npy,gen0244_A_nd_0042.npy
244,43,60.1028,900.919,gen0244_theta_nd_0043.npy,gen0244_A_nd_0043.npy
244,44,58.3008,897.718,gen0244_theta_nd_0044.npy,gen0244_A_nd_0044.npy
244,45,47.7154,877.416,gen0244_theta_nd_0045.npy,gen0244_A_nd_0045.npy
244,46,53.9659,889.435,gen0244_theta_nd_0046.npy,gen0244_A_nd_0046.npy
244,47,50.1254,882.082,gen0244_theta_nd_0047.npy,gen0244_A_nd_0047.npy
244,48,57.7438,896.704,gen0244_theta_nd_0048.npy,gen0244_A_nd_0048.npy
244,49,54.1229,889.948,gen0244_theta_nd_0049.npy,gen0244_A_nd_0049.npy
244,50,47.0996,876.3,gen0244_theta_nd_0050.npy,gen0244_A_nd_0050.npy
244,51,58.9017,898.737,gen0244_theta_nd_0051.npy,gen0244_A_nd_0051.npy
244,52,57.1484,895.47,gen0244_theta_nd_0052.npy,gen0244_A_nd_0052.npy
244,53,50.3084,883.115,gen0244_theta_nd_0053.npy,gen0244_A_nd_0053.npy
244,54,49.593,881.061,gen0244_theta_nd_0054.npy,gen0244_A_nd_0054.npy
244,55,60.3676,901.391,gen0244_theta_nd_0055.npy,gen0244_A_nd_0055.npy
244,56,51.7866,885.811,gen0244_theta_nd_0056.npy,gen0244_A_nd_0056.npy
244,57,61.8928,903.948,gen0244_theta_nd_0057.npy,gen0244_A_nd_0057.npy
244,58,51.1417,884.599,gen0244_theta_nd_0058.npy,gen0244_A_nd_0058.npy
244,59,59.3592,899.437,gen0244_theta_nd_0059.npy,gen0244_A_nd_0059.npy
244,60,51.8583,885.976,gen0244_theta_nd_0060.npy,gen0244_A_nd_0060.npy
245,0,55.934,893.199,gen0245_theta_nd_0000.npy,gen0245_A_nd_0000.npy
245,1,61.5507,903.61,gen0245_theta_nd_0001.npy,gen0245_A_nd_0001.npy
245,2,49.1467,880.081,gen0245_theta_nd_0002.npy,gen0245_A_nd_0002.npy
245,3,47.2709,876.725,gen0245_theta_nd_0003.npy,gen0245_A_nd_0003.npy
245,4,61.8928,903.948,gen0245_theta_nd_0004.npy,gen0245_A_nd_0004.npy
245,5,58.9017,898.737,gen0245_theta_nd_0005.npy,gen0245_A_nd_0005.npy
245,6,53.6545,889.046,gen0245_theta_nd_0006.npy,gen0245_A_nd_0006.npy
245,7,56.5277,894.371,gen0245_theta_nd_0007.npy,gen0245_A_nd_0007.npy
245,8,47.7154,877.416,gen0245_theta_nd_0008.npy,gen0245_A_nd_0008.npy
245,9,52.6875,887.417,gen0245_theta_nd_0009.npy,gen0245_A_nd_0009.npy
245,10,62.1532,904.404,gen0245_theta_nd_0010.npy,gen0245_A_nd_0010.npy
245,11,60.695,901.697,gen0245_theta_nd_0011.npy,gen0245_A_nd_0011.npy
245,12,64.2201,908.267,gen0245_theta_nd_0012.npy,gen0245_A_nd_0012.npy
245,13,53.0686,888.489,gen0245_theta_nd_0013.npy,gen0245_A_nd_0013.npy
245,14,60.3676,901.391,gen0245_theta_nd_0014.npy,gen0245_A_nd_0014.npy
245,15,63.8941,907.909,gen0245_theta_nd_0015.npy,gen0245_A_nd_0015.npy
245,16,62.3743,904.73,gen0245_theta_nd_0016.npy,gen0245_A_nd_0016.npy
245,17,50.9241,884.291,gen0245_theta_nd_0017.npy,gen0245_A_nd_0017.npy
245,18,59.5634,899.804,gen0245_theta_nd_0018.npy,gen0245_A_nd_0018.npy
245,19,56.946,895.061,gen0245_theta_nd_0019.npy,gen0245_A_nd_0019.npy
245,20,63.3788,906.372,gen0245_theta_nd_0020.npy,gen0245_A_nd_0020.npy
245,21,48.2952,878.459,gen0245_theta_nd_0021.npy,gen0245_A_nd_0021.npy
245,22,59.1508,899.291,gen0245_theta_nd_0022.npy,gen0245_A_nd_0022.npy
245,23,61.0216,902.374,gen0245_theta_nd_0023.npy,gen0245_A_nd_0023.npy
245,24,48.0084,877.958,gen0245_theta_nd_0024.npy,gen0245_A_nd_0024.npy
245,25,59.7631,900.299,gen0245_theta_nd_0025.npy,gen0245_A_nd_0025.npy
245,26,48.7886,879.555,gen0245_theta_nd_0026.npy,gen0245_A_nd_0026.npy
245,27,54.8432,891.23,gen0245_theta_nd_0027.npy,gen0245_A_nd_0027.npy
245,28,63.1143,906.227,gen0245_theta_nd_0028.npy,gen0245_A_nd_0028.npy
245,29,62.7201,905.319,gen0245_theta_nd_0029.npy,gen0245_A_nd_0029.npy
245,30,50.3443,882.902,gen0245_theta_nd_0030.npy,gen0245_A_nd_0030.npy
245,31,57.7438,896.704,gen0245_theta_nd_0031.npy,gen0245_A_nd_0031.npy
245,32,48.5438,878.886,gen0245_theta_nd_0032.npy,gen0245_A_nd_0032.npy
245,33,50.1254,882.082,gen0245_theta_nd_0033.npy,gen0245_A_nd_0033.npy
245,34,60.1028,900.919,gen0245_theta_nd_0034.npy,gen0245_A_nd_0034.npy
245,35,54.534,890.566,gen0245_theta_nd_0035.npy,gen0245_A_nd_0035.npy
245,36,57.1484,895.47,gen0245_theta_nd_0036.npy,gen0245_A_nd_0036.npy
245,37,55.7699,892.851,gen0245_theta_nd_0037.npy,gen0245_A_nd_0037.npy
245,38,53.9659,889.435,gen0245_theta_nd_0038.npy,gen0245_A_nd_0038.npy
245,39,57.9886,897.172,gen0245_theta_nd_0039.npy,gen0245_A_nd_0039.npy
245,40,49.593,881.061,gen0245_theta_nd_0040.npy,gen0245_A_nd_0040.npy
245,41,64.4565,908.796,gen0245_theta_nd_0041.npy,gen0245_A_nd_0041.npy
245,42,55.4072,892.26,gen0245_theta_nd_0042.npy,gen0245_A_nd_0042.npy
245,43,51.1507,884.491,gen0245_theta_nd_0043.npy,gen0245_A_nd_0043.npy
245,44,52.897,887.914,gen0245_theta_nd_0044.npy,gen0245_A_nd_0044.npy
245,45,50.5446,883.313,gen0245_theta_nd_0045.npy,gen0245_A_nd_0045.npy
245,46,47.0996,876.3,gen0245_theta_nd_0046.npy,gen0245_A_nd_0046.npy
245,47,54.1229,889.948,gen0245_theta_nd_0047.npy,gen0245_A_nd_0047.npy
245,48,61.2251,903.104,gen0245_theta_nd_0048.npy,gen0245_A_nd_0048.npy
245,49,56.2732,893.805,gen0245_theta_nd_0049.npy,gen0245_A_nd_0049.npy
245,50,58.6145,898.238,gen0245_theta_nd_0050.npy,gen0245_A_nd_0050.npy
245,51,52.0705,886.286,gen0245_theta_nd_0051.npy,gen0245_A_nd_0051.npy
245,52,51.5601,885.308,gen0245_theta_nd_0052.npy,gen0245_A_nd_0052.npy
245,53,63.6474,907.327,gen0245_theta_nd_0053.npy,gen0245_A_nd_0053.npy
245,54,49.2891,880.608,gen0245_theta_nd_0054.npy,gen0245_A_nd_0054.npy
245,55,58.3008,897.718,gen0245_theta_nd_0055.npy,gen0245_A_nd_0055.npy
245,56,55.0327,891.66,gen0245_theta_nd_0056.npy,gen0245_A_nd_0056.npy
245,57,51.7866,885.811,gen0245_theta_nd_0057.npy,gen0245_A_nd_0057.npy
245,58,49.939,881.744,gen0245_theta_nd_0058.npy,gen0245_A_nd_0058.npy
245,59,52.2926,886.868,gen0245_theta_nd_0059.npy,gen0245_A_nd_0059.npy
245,60,54.2846,890.274,gen0245_theta_nd_0060.npy,gen0245_A_nd_0060.npy
246,0,62.1532,904.404,gen0246_theta_nd_0000.npy,gen0246_A_nd_0000.npy
246,1,58.3008,897.718,gen0246_theta_nd_0001.npy,gen0246_A_nd_0001.npy
246,2,55.4072,892.26,gen0246_theta_nd_0002.npy,gen0246_A_nd_0002.npy
246,3,56.5277,894.371,gen0246_theta_nd_0003.npy,gen0246_A_nd_0003.npy
246,4,50.661,883.494,gen0246_theta_nd_0004.npy,gen0246_A_nd_0004.npy
246,5,54.8432,891.23,gen0246_theta_nd_0005.npy,gen0246_A_nd_0005.npy
246,6,49.1467,880.081,gen0246_theta_nd_0006.npy,gen0246_A_nd_0006.npy
246,7,58.6145,898.238,gen0246_theta_nd_0007.npy,gen0246_A_nd_0007.npy
246,8,55.616,892.574,gen0246_theta_nd_0008.npy,gen0246_A_nd_0008.npy
246,9,57.9886,897.172,gen0246_theta_nd_0009.npy,gen0246_A_nd_0009.npy
246,10,64.4565,908.796,gen0246_theta_nd_0010.npy,gen0246_A_nd_0010.npy
246,11,53.6545,889.046,gen0246_theta_nd_0011.npy,gen0246_A_nd_0011.npy
246,12,53.0686,888.489,gen0246_theta_nd_0012.npy,gen0246_A_nd_0012.npy
246,13,62.4603,904.999,gen0246_theta_nd_0013.npy,gen0246_A_nd_0013.npy
246,14,52.5811,887.413,gen0246_theta_nd_0014.npy,gen0246_A_nd_0014.npy
246,15,61.8928,903.948,gen0246_theta_nd_0015.npy,gen0246_A_nd_0015.npy
246,16,64.2201,908.267,gen0246_theta_nd_0016.npy,gen0246_A_nd_0016.npy
246,17,56.2732,893.805,gen0246_theta_nd_0017.npy,gen0246_A_nd_0017.npy
246,18,55.0404,891.498,gen0246_theta_nd_0018.npy,gen0246_A_nd_0018.npy
246,19,52.2926,886.868,gen0246_theta_nd_0019.npy,gen0246_A_nd_0019.npy
246,20,52.0705,886.286,gen0246_theta_nd_0020.npy,gen0246_A_nd_0020.npy
246,21,63.0371,905.687,gen0246_theta_nd_0021.npy,gen0246_A_nd_0021.npy
246,22,54.1229,889.948,gen0246_theta_nd_0022.npy,gen0246_A_nd_0022.npy
246,23,49.2891,880.608,gen0246_theta_nd_0023.npy,gen0246_A_nd_0023.npy
246,24,59.7631,900.299,gen0246_theta_nd_0024.npy,gen0246_A_nd_0024.npy
246,25,47.2709,876.725,gen0246_theta_nd_0025.npy,gen0246_A_nd_0025.npy
246,26,50.9239,884.086,gen0246_theta_nd_0026.npy,gen0246_A_nd_0026.npy
246,27,60.1028,900.919,gen0246_theta_nd_0027.npy,gen0246_A_nd_0027.npy
246,28,47.7154,877.416,gen0246_theta_nd_0028.npy,gen0246_A_nd_0028.npy
246,29,50.3443,882.902,gen0246_theta_nd_0029.npy,gen0246_A_nd_0029.npy
246,30,59.1508,899.291,gen0246_theta_nd_0030.npy,gen0246_A_nd_0030.npy
246,31,47.0996,876.3,gen0246_theta_nd_0031.npy,gen0246_A_nd_0031.npy
246,32,48.8602,879.465,gen0246_theta_nd_0032.npy,gen0246_A_nd_0032.npy
246,33,57.1484,895.47,gen0246_theta_nd_0033.npy,gen0246_A_nd_0033.npy
246,34,63.3788,906.372,gen0246_theta_nd_0034.npy,gen0246_A_nd_0034.npy
246,35,51.5601,885.308,gen0246_theta_nd_0035.npy,gen0246_A_nd_0035.npy
246,36,51.2046,884.663,gen0246_theta_nd_0036.npy,gen0246_A_nd_0036.npy
246,37,63.6474,907.327,gen0246_theta_nd_0037.npy,gen0246_A_nd_0037.npy
246,38,48.2952,878.459,gen0246_theta_nd_0038.npy,gen0246_A_nd_0038.npy
246,39,61.0216,902.374,gen0246_theta_nd_0039.npy,gen0246_A_nd_0039.npy
246,40,59.5634,899.804,gen0246_theta_nd_0040.npy,gen0246_A_nd_0040.npy
246,41,60.3779,901.334,gen0246_theta_nd_0041.npy,gen0246_A_nd_0041.npy
246,42,51.7277,885.621,gen0246_theta_nd_0042.npy,gen0246_A_nd_0042.npy
246,43,63.8941,907.909,gen0246_theta_nd_0043.npy,gen0246_A_nd_0043.npy
246,44,49.939,881.744,gen0246_theta_nd_0044.npy,gen0246_A_nd_0044.npy
246,45,58.9017,898.737,gen0246_theta_nd_0045.npy,gen0246_A_nd_0045.npy
246,46,49.7316,881.071,gen0246_theta_nd_0046.npy,gen0246_A_nd_0046.npy
246,47,52.897,887.914,gen0246_theta_nd_0047.npy,gen0246_A_nd_0047.npy
246,48,60.695,901.697,gen0246_theta_nd_0048.npy,gen0246_A_nd_0048.npy
246,49,55.934,893.199,gen0246_theta_nd_0049.npy,gen0246_A_nd_0049.npy
246,50,61.2251,903.104,gen0246_theta_nd_0050.npy,gen0246_A_nd_0050.npy
246,51,61.5507,903.61,gen0246_theta_nd_0051.npy,gen0246_A_nd_0051.npy
246,52,54.534,890.566,gen0246_theta_nd_0052.npy,gen0246_A_nd_0052.npy
246,53,62.7201,905.319,gen0246_theta_nd_0053.npy,gen0246_A_nd_0053.npy
246,54,56.946,895.061,gen0246_theta_nd_0054.npy,gen0246_A_nd_0054.npy
246,55,53.9659,889.435,gen0246_theta_nd_0055.npy,gen0246_A_nd_0055.npy
246,56,48.5438,878.886,gen0246_theta_nd_0056.npy,gen0246_A_nd_0056.npy
246,57,48.0084,877.958,gen0246_theta_nd_0057.npy,gen0246_A_nd_0057.npy
246,58,50.1654,882.402,gen0246_theta_nd_0058.npy,gen0246_A_nd_0058.npy
246,59,57.7438,896.704,gen0246_theta_nd_0059.npy,gen0246_A_nd_0059.npy
246,60,51.7866,885.811,gen0246_theta_nd_0060.npy,gen0246_A_nd_0060.npy
247,0,59.1508,899.291,gen0247_theta_nd_0000.npy,gen0247_A_nd_0000.npy
247,1,48.2952,878.459,gen0247_theta_nd_0001.npy,gen0247_A_nd_0001.npy
247,2,55.3672,892.243,gen0247_theta_nd_0002.npy,gen0247_A_nd_0002.npy
247,3,47.0178,876.194,gen0247_theta_nd_0003.npy,gen0247_A_nd_0003.npy
247,4,58.3008,897.718,gen0247_theta_nd_0004.npy,gen0247_A_nd_0004.npy
247,5,54.534,890.566,gen0247_theta_nd_0005.npy,gen0247_A_nd_0005.npy
247,6,57.1484,895.47,gen0247_theta_nd_0006.npy,gen0247_A_nd_0006.npy
247,7,47.7154,877.416,gen0247_theta_nd_0007.npy,gen0247_A_nd_0007.npy
247,8,60.1028,900.919,gen0247_theta_nd_0008.npy,gen0247_A_nd_0008.npy
247,9,48.0084,877.958,gen0247_theta_nd_0009.npy,gen0247_A_nd_0009.npy
247,10,50.661,883.494,gen0247_theta_nd_0010.npy,gen0247_A_nd_0010.npy
247,11,49.9662,882.374,gen0247_theta_nd_0011.npy,gen0247_A_nd_0011.npy
247,12,53.9659,889.435,gen0247_theta_nd_0012.npy,gen0247_A_nd_0012.npy
247,13,56.2741,893.803,gen0247_theta_nd_0013.npy,gen0247_A_nd_0013.npy
247,14,49.7316,881.071,gen0247_theta_nd_0014.npy,gen0247_A_nd_0014.npy
247,15,55.0404,891.498,gen0247_theta_nd_0015.npy,gen0247_A_nd_0015.npy
247,16,48.8602,879.465,gen0247_theta_nd_0016.npy,gen0247_A_nd_0016.npy
247,17,52.897,887.914,gen0247_theta_nd_0017.npy,gen0247_A_nd_0017.npy
247,18,49.2891,880.608,gen0247_theta_nd_0018.npy,gen0247_A_nd_0018.npy
247,19,47.2709,876.725,gen0247_theta_nd_0019.npy,gen0247_A_nd_0019.npy
247,20,59.7631,900.299,gen0247_theta_nd_0020.npy,gen0247_A_nd_0020.npy
247,21,61.5507,903.61,gen0247_theta_nd_0021.npy,gen0247_A_nd_0021.npy
247,22,58.6191,898.176,gen0247_theta_nd_0022.npy,gen0247_A_nd_0022.npy
247,23,63.3788,906.372,gen0247_theta_nd_0023.npy,gen0247_A_nd_0023.npy
247,24,60.695,901.697,gen0247_theta_nd_0024.npy,gen0247_A_nd_0024.npy
247,25,55.616,892.574,gen0247_theta_nd_0025.npy,gen0247_A_nd_0025.npy
247,26,49.7835,881.573,gen0247_theta_nd_0026.npy,gen0247_A_nd_0026.npy
247,27,50.3443,882.902,gen0247_theta_nd_0027.npy,gen0247_A_nd_0027.npy
247,28,59.5634,899.804,gen0247_theta_nd_0028.npy,gen0247_A_nd_0028.npy
247,29,51.9825,886.128,gen0247_theta_nd_0029.npy,gen0247_A_nd_0029.npy
247,30,57.9886,897.172,gen0247_theta_nd_0030.npy,gen0247_A_nd_0030.npy
247,31,62.7201,905.319,gen0247_theta_nd_0031.npy,gen0247_A_nd_0031.npy
247,32,64.2201,908.267,gen0247_theta_nd_0032.npy,gen0247_A_nd_0032.npy
247,33,53.1634,888.382,gen0247_theta_nd_0033.npy,gen0247_A_nd_0033.npy
247,34,56.6254,894.366,gen0247_theta_nd_0034.npy,gen0247_A_nd_0034.npy
247,35,55.934,893.199,gen0247_theta_nd_0035.npy,gen0247_A_nd_0035.npy
247,36,49.1467,880.081,gen0247_theta_nd_0036.npy,gen0247_A_nd_0036.npy
247,37,53.6545,889.046,gen0247_theta_nd_0037.npy,gen0247_A_nd_0037.npy
247,38,63.9057,907.885,gen0247_theta_nd_0038.npy,gen0247_A_nd_0038.npy
247,39,60.3779,901.334,gen0247_theta_nd_0039.npy,gen0247_A_nd_0039.npy
247,40,58.9017,898.737,gen0247_theta_nd_0040.npy,gen0247_A_nd_0040.npy
247,41,64.4565,908.796,gen0247_theta_nd_0041.npy,gen0247_A_nd_0041.npy
247,42,51.7277,885.621,gen0247_theta_nd_0042.npy,gen0247_A_nd_0042.npy
247,43,52.3512,886.732,gen0247_theta_nd_0043.npy,gen0247_A_nd_0043.npy
247,44,57.6168,896.445,gen0247_theta_nd_0044.npy,gen0247_A_nd_0044.npy
247,45,56.946,895.061,gen0247_theta_nd_0045.npy,gen0247_A_nd_0045.npy
247,46,50.797,883.864,gen0247_theta_nd_0046.npy,gen0247_A_nd_0046.npy
247,47,51.4974,885.168,gen0247_theta_nd_0047.npy,gen0247_A_nd_0047.npy
247,48,61.2251,903.104,gen0247_theta_nd_0048.npy,gen0247_A_nd_0048.npy
247,49,52.5811,887.413,gen0247_theta_nd_0049.npy,gen0247_A_nd_0049.npy
247,50,54.1229,889.948,gen0247_theta_nd_0050.npy,gen0247_A_nd_0050.npy
247,51,62.1532,904.404,gen0247_theta_nd_0051.npy,gen0247_A_nd_0051.npy
247,52,61.8928,903.948,gen0247_theta_nd_0052.npy,gen0247_A_nd_0052.npy
247,53,63.6474,907.327,gen0247_theta_nd_0053.npy,gen0247_A_nd_0053.npy
247,54,62.4603,904.999,gen0247_theta_nd_0054.npy,gen0247_A_nd_0054.npy
247,55,48.5438,878.886,gen0247_theta_nd_0055.npy,gen0247_A_nd_0055.npy
247,56,51.2,884.545,gen0247_theta_nd_0056.npy,gen0247_A_nd_0056.npy
247,57,54.8432,891.23,gen0247_theta_nd_0057.npy,gen0247_A_nd_0057.npy
247,58,63.0371,905.687,gen0247_theta_nd_0058.npy,gen0247_A_nd_0058.npy
247,59,61.0216,902.374,gen0247_theta_nd_0059.npy,gen0247_A_nd_0059.npy
247,60,61.4721,903.239,gen0247_theta_nd_0060.npy,gen0247_A_nd_0060.npy
248,0,62.7201,905.319,gen0248_theta_nd_0000.npy,gen0248_A_nd_0000.npy
248,1,59.5634,899.804,gen0248_theta_nd_0001.npy,gen0248_A_nd_0001.npy
248,2,63.0371,905.687,gen0248_theta_nd_0002.npy,gen0248_A_nd_0002.npy
248,3,52.3512,886.732,gen0248_theta_nd_0003.npy,gen0248_A_nd_0003.npy
248,4,50.797,883.864,gen0248_theta_nd_0004.npy,gen0248_A_nd_0004.npy
248,5,48.5438,878.886,gen0248_theta_nd_0005.npy,gen0248_A_nd_0005.npy
248,6,54.1229,889.948,gen0248_theta_nd_0006.npy,gen0248_A_nd_0006.npy
248,7,57.9886,897.172,gen0248_theta_nd_0007.npy,gen0248_A_nd_0007.npy
248,8,59.1508,899.263,gen0248_theta_nd_0008.npy,gen0248_A_nd_0008.npy
248,9,60.3779,901.334,gen0248_theta_nd_0009.npy,gen0248_A_nd_0009.npy
248,10,60.695,901.697,gen0248_theta_nd_0010.npy,gen0248_A_nd_0010.npy
248,11,51.2,884.545,gen0248_theta_nd_0011.npy,gen0248_A_nd_0011.npy
248,12,50.0964,882.143,gen0248_theta_nd_0012.npy,gen0248_A_nd_0012.npy
248,13,54.8432,891.23,gen0248_theta_nd_0013.npy,gen0248_A_nd_0013.npy
248,14,61.0216,902.374,gen0248_theta_nd_0014.npy,gen0248_A_nd_0014.npy
248,15,55.0404,891.498,gen0248_theta_nd_0015.npy,gen0248_A_nd_0015.npy
248,16,54.534,890.566,gen0248_theta_nd_0016.npy,gen0248_A_nd_0016.npy
248,17,48.2952,878.459,gen0248_theta_nd_0017.npy,gen0248_A_nd_0017.npy
248,18,57.6949,896.546,gen0248_theta_nd_0018.npy,gen0248_A_nd_0018.npy
248,19,51.7277,885.621,gen0248_theta_nd_0019.npy,gen0248_A_nd_0019.npy
248,20,59.7631,900.299,gen0248_theta_nd_0020.npy,gen0248_A_nd_0020.npy
248,21,58.6191,898.176,gen0248_theta_nd_0021.npy,gen0248_A_nd_0021.npy
248,22,47.9502,877.891,gen0248_theta_nd_0022.npy,gen0248_A_nd_0022.npy
248,23,49.7316,881.071,gen0248_theta_nd_0023.npy,gen0248_A_nd_0023.npy
248,24,63.9057,907.885,gen0248_theta_nd_0024.npy,gen0248_A_nd_0024.npy
248,25,60.1028,900.919,gen0248_theta_nd_0025.npy,gen0248_A_nd_0025.npy
248,26,53.6545,889.046,gen0248_theta_nd_0026.npy,gen0248_A_nd_0026.npy
248,27,50.661,883.494,gen0248_theta_nd_0027.npy,gen0248_A_nd_0027.npy
248,28,49.3948,880.563,gen0248_theta_nd_0028.npy,gen0248_A_nd_0028.npy
248,29,47.7154,877.416,gen0248_theta_nd_0029.npy,gen0248_A_nd_0029.npy
248,30,51.9825,886.128,gen0248_theta_nd_0030.npy,gen0248_A_nd_0030.npy
248,31,58.9017,898.737,gen0248_theta_nd_0031.npy,gen0248_A_nd_0031.npy
248,32,62.1868,904.307,gen0248_theta_nd_0032.npy,gen0248_A_nd_0032.npy
248,33,55.934,893.199,gen0248_theta_nd_0033.npy,gen0248_A_nd_0033.npy
248,34,58.3008,897.718,gen0248_theta_nd_0034.npy,gen0248_A_nd_0034.npy
248,35,52.6381,887.234,gen0248_theta_nd_0035.npy,gen0248_A_nd_0035.npy
248,36,47.2709,876.725,gen0248_theta_nd_0036.npy,gen0248_A_nd_0036.npy
248,37,57.1484,895.47,gen0248_theta_nd_0037.npy,gen0248_A_nd_0037.npy
248,38,50.2135,882.763,gen0248_theta_nd_0038.npy,gen0248_A_nd_0038.npy
248,39,63.3788,906.372,gen0248_theta_nd_0039.npy,gen0248_A_nd_0039.npy
248,40,56.946,895.061,gen0248_theta_nd_0040.npy,gen0248_A_nd_0040.npy
248,41,51.4974,885.168,gen0248_theta_nd_0041.npy,gen0248_A_nd_0041.npy
248,42,52.897,887.914,gen0248_theta_nd_0042.npy,gen0248_A_nd_0042.npy
248,43,49.7835,881.573,gen0248_theta_nd_0043.npy,gen0248_A_nd_0043.npy
248,44,61.8928,903.948,gen0248_theta_nd_0044.npy,gen0248_A_nd_0044.npy
248,45,61.2251,903.104,gen0248_theta_nd_0045.npy,gen0248_A_nd_0045.npy
248,46,55.2549,892.184,gen0248_theta_nd_0046.npy,gen0248_A_nd_0046.npy
248,47,55.616,892.574,gen0248_theta_nd_0047.npy,gen0248_A_nd_0047.npy
248,48,53.9659,889.435,gen0248_theta_nd_0048.npy,gen0248_A_nd_0048.npy
248,49,61.5507,903.61,gen0248_theta_nd_0049.npy,gen0248_A_nd_0049.npy
248,50,63.6474,907.327,gen0248_theta_nd_0050.npy,gen0248_A_nd_0050.npy
248,51,56.6254,894.366,gen0248_theta_nd_0051.npy,gen0248_A_nd_0051.npy
248,52,47.0178,876.194,gen0248_theta_nd_0052.npy,gen0248_A_nd_0052.npy
248,53,64.2201,908.267,gen0248_theta_nd_0053.npy,gen0248_A_nd_0053.npy
248,54,64.4565,908.796,gen0248_theta_nd_0054.npy,gen0248_A_nd_0054.npy
248,55,62.5171,904.892,gen0248_theta_nd_0055.npy,gen0248_A_nd_0055.npy
248,56,49.1467,880.081,gen0248_theta_nd_0056.npy,gen0248_A_nd_0056.npy
248,57,56.2741,893.803,gen0248_theta_nd_0057.npy,gen0248_A_nd_0057.npy
248,58,53.1752,888.257,gen0248_theta_nd_0058.npy,gen0248_A_nd_0058.npy
248,59,48.8603,879.465,gen0248_theta_nd_0059.npy,gen0248_A_nd_0059.npy
248,60,48.0084,877.958,gen0248_theta_nd_0060.npy,gen0248_A_nd_0060.npy
249,0,59.7631,900.299,gen0249_theta_nd_0000.npy,gen0249_A_nd_0000.npy
249,1,57.6949,896.546,gen0249_theta_nd_0001.npy,gen0249_A_nd_0001.npy
249,2,49.7835,881.573,gen0249_theta_nd_0002.npy,gen0249_A_nd_0002.npy
249,3,51.4176,884.95,gen0249_theta_nd_0003.npy,gen0249_A_nd_0003.npy
249,4,53.9659,889.435,gen0249_theta_nd_0004.npy,gen0249_A_nd_0004.npy
249,5,58.3008,897.718,gen0249_theta_nd_0005.npy,gen0249_A_nd_0005.npy
249,6,47.0178,876.194,gen0249_theta_nd_0006.npy,gen0249_A_nd_0006.npy
249,7,54.534,890.566,gen0249_theta_nd_0007.npy,gen0249_A_nd_0007.npy
249,8,51.7277,885.621,gen0249_theta_nd_0008.npy,gen0249_A_nd_0008.npy
249,9,59.5634,899.804,gen0249_theta_nd_0009.npy,gen0249_A_nd_0009.npy
249,10,60.1028,900.919,gen0249_theta_nd_0010.npy,gen0249_A_nd_0010.npy
249,11,52.3628,886.663,gen0249_theta_nd_0011.npy,gen0249_A_nd_0011.npy
249,12,55.6645,892.708,gen0249_theta_nd_0012.npy,gen0249_A_nd_0012.npy
249,13,55.0404,891.498,gen0249_theta_nd_0013.npy,gen0249_A_nd_0013.npy
249,14,52.6381,887.234,gen0249_theta_nd_0014.npy,gen0249_A_nd_0014.npy
249,15,60.695,901.697,gen0249_theta_nd_0015.npy,gen0249_A_nd_0015.npy
249,16,47.8477,877.828,gen0249_theta_nd_0016.npy,gen0249_A_nd_0016.npy
249,17,47.2709,876.725,gen0249_theta_nd_0017.npy,gen0249_A_nd_0017.npy
249,18,52.897,887.914,gen0249_theta_nd_0018.npy,gen0249_A_nd_0018.npy
249,19,61.0216,902.374,gen0249_theta_nd_0019.npy,gen0249_A_nd_0019.npy
249,20,50.0964,882.143,gen0249_theta_nd_0020.npy,gen0249_A_nd_0020.npy
249,21,48.5438,878.886,gen0249_theta_nd_0021.npy,gen0249_A_nd_0021.npy
249,22,53.6545,889.046,gen0249_theta_nd_0022.npy,gen0249_A_nd_0022.npy
249,23,61.8928,903.948,gen0249_theta_nd_0023.npy,gen0249_A_nd_0023.npy
249,24,62.5171,904.892,gen0249_theta_nd_0024.npy,gen0249_A_nd_0024.npy
249,25,55.934,893.199,gen0249_theta_nd_0025.npy,gen0249_A_nd_0025.npy
249,26,54.1475,889.808,gen0249_theta_nd_0026.npy,gen0249_A_nd_0026.npy
249,27,57.9886,897.172,gen0249_theta_nd_0027.npy,gen0249_A_nd_0027.npy
249,28,52.0958,886.118,gen0249_theta_nd_0028.npy,gen0249_A_nd_0028.npy
249,29,63.3736,906.056,gen0249_theta_nd_0029.npy,gen0249_A_nd_0029.npy
249,30,48.8603,879.465,gen0249_theta_nd_0030.npy,gen0249_A_nd_0030.npy
249,31,63.9057,907.885,gen0249_theta_nd_0031.npy,gen0249_A_nd_0031.npy
249,32,49.3948,880.563,gen0249_theta_nd_0032.npy,gen0249_A_nd_0032.npy
249,33,63.0371,905.687,gen0249_theta_nd_0033.npy,gen0249_A_nd_0033.npy
249,34,60.3779,901.334,gen0249_theta_nd_0034.npy,gen0249_A_nd_0034.npy
249,35,64.4565,908.796,gen0249_theta_nd_0035.npy,gen0249_A_nd_0035.npy
249,36,56.946,895.061,gen0249_theta_nd_0036.npy,gen0249_A_nd_0036.npy
249,37,64.2201,908.267,gen0249_theta_nd_0037.npy,gen0249_A_nd_0037.npy
249,38,56.6254,894.366,gen0249_theta_nd_0038.npy,gen0249_A_nd_0038.npy
249,39,59.1508,899.263,gen0249_theta_nd_0039.npy,gen0249_A_nd_0039.npy
249,40,48.2952,878.459,gen0249_theta_nd_0040.npy,gen0249_A_nd_0040.npy
249,41,50.797,883.864,gen0249_theta_nd_0041.npy,gen0249_A_nd_0041.npy
249,42,47.7154,877.416,gen0249_theta_nd_0042.npy,gen0249_A_nd_0042.npy
249,43,50.2135,882.763,gen0249_theta_nd_0043.npy,gen0249_A_nd_0043.npy
249,44,50.661,883.494,gen0249_theta_nd_0044.npy,gen0249_A_nd_0044.npy
249,45,62.1868,904.307,gen0249_theta_nd_0045.npy,gen0249_A_nd_0045.npy
249,46,61.5507,903.61,gen0249_theta_nd_0046.npy,gen0249_A_nd_0046.npy
249,47,51.2,884.545,gen0249_theta_nd_0047.npy,gen0249_A_nd_0047.npy
249,48,63.6474,907.327,gen0249_theta_nd_0048.npy,gen0249_A_nd_0048.npy
249,49,49.7316,881.071,gen0249_theta_nd_0049.npy,gen0249_A_nd_0049.npy
249,50,61.2251,903.104,gen0249_theta_nd_0050.npy,gen0249_A_nd_0050.npy
249,51,57.1484,895.47,gen0249_theta_nd_0051.npy,gen0249_A_nd_0051.npy
249,52,53.1752,888.257,gen0249_theta_nd_0052.npy,gen0249_A_nd_0052.npy
249,53,58.9017,898.737,gen0249_theta_nd_0053.npy,gen0249_A_nd_0053.npy
249,54,49.1331,880.028,gen0249_theta_nd_0054.npy,gen0249_A_nd_0054.npy
249,55,55.433,892.181,gen0249_theta_nd_0055.npy,gen0249_A_nd_0055.npy
249,56,54.7772,891.005,gen0249_theta_nd_0056.npy,gen0249_A_nd_0056.npy
249,57,56.263,893.794,gen0249_theta_nd_0057.npy,gen0249_A_nd_0057.npy
249,58,62.7201,905.319,gen0249_theta_nd_0058.npy,gen0249_A_nd_0058.npy
249,59,58.6191,898.176,gen0249_theta_nd_0059.npy,gen0249_A_nd_0059.npy
249,60,58.4926,898.148,gen0249_theta_nd_0060.npy,gen0249_A_nd_0060.npy
250,0,64.2201,908.267,gen0250_theta_nd_0000.npy,gen0250_A_nd_0000.npy
250,1,59.7631,900.299,gen0250_theta_nd_0001.npy,gen0250_A_nd_0001.npy
250,2,54.534,890.566,gen0250_theta_nd_0002.npy,gen0250_A_nd_0002.npy
250,3,52.3628,886.663,gen0250_theta_nd_0003.npy,gen0250_A_nd_0003.npy
250,4,55.433,892.181,gen0250_theta_nd_0004.npy,gen0250_A_nd_0004.npy
250,5,56.6243,894.36,gen0250_theta_nd_0005.npy,gen0250_A_nd_0005.npy
250,6,49.8687,881.421,gen0250_theta_nd_0006.npy,gen0250_A_nd_0006.npy
250,7,57.6949,896.546,gen0250_theta_nd_0007.npy,gen0250_A_nd_0007.npy
250,8,47.2709,876.725,gen0250_theta_nd_0008.npy,gen0250_A_nd_0008.npy
250,9,61.5507,903.61,gen0250_theta_nd_0009.npy,gen0250_A_nd_0009.npy
250,10,62.5171,904.892,gen0250_theta_nd_0010.npy,gen0250_A_nd_0010.npy
250,11,60.695,901.697,gen0250_theta_nd_0011.npy,gen0250_A_nd_0011.npy
250,12,47.0178,876.194,gen0250_theta_nd_0012.npy,gen0250_A_nd_0012.npy
250,13,62.7201,905.319,gen0250_theta_nd_0013.npy,gen0250_A_nd_0013.npy
250,14,51.4176,884.95,gen0250_theta_nd_0014.npy,gen0250_A_nd_0014.npy
250,15,49.4133,880.539,gen0250_theta_nd_0015.npy,gen0250_A_nd_0015.npy
250,16,58.9017,898.737,gen0250_theta_nd_0016.npy,gen0250_A_nd_0016.npy
250,17,63.9057,907.885,gen0250_theta_nd_0017.npy,gen0250_A_nd_0017.npy
250,18,60.4064,901.206,gen0250_theta_nd_0018.npy,gen0250_A_nd_0018.npy
250,19,51.2,884.545,gen0250_theta_nd_0019.npy,gen0250_A_nd_0019.npy
250,20,55.6645,892.708,gen0250_theta_nd_0020.npy,gen0250_A_nd_0020.npy
250,21,61.8928,903.948,gen0250_theta_nd_0021.npy,gen0250_A_nd_0021.npy
250,22,53.1752,888.257,gen0250_theta_nd_0022.npy,gen0250_A_nd_0022.npy
250,23,48.8603,879.465,gen0250_theta_nd_0023.npy,gen0250_A_nd_0023.npy
250,24,55.0453,891.566,gen0250_theta_nd_0024.npy,gen0250_A_nd_0024.npy
250,25,56.263,893.794,gen0250_theta_nd_0025.npy,gen0250_A_nd_0025.npy
250,26,57.4003,896.188,gen0250_theta_nd_0026.npy,gen0250_A_nd_0026.npy
250,27,47.8477,877.828,gen0250_theta_nd_0027.npy,gen0250_A_nd_0027.npy
250,28,53.4693,888.982,gen0250_theta_nd_0028.npy,gen0250_A_nd_0028.npy
250,29,59.5634,899.804,gen0250_theta_nd_0029.npy,gen0250_A_nd_0029.npy
250,30,54.1475,889.808,gen0250_theta_nd_0030.npy,gen0250_A_nd_0030.npy
250,31,50.2373,882.331,gen0250_theta_nd_0031.npy,gen0250_A_nd_0031.npy
250,32,63.6635,906.966,gen0250_theta_nd_0032.npy,gen0250_A_nd_0032.npy
250,33,62.1868,904.307,gen0250_theta_nd_0033.npy,gen0250_A_nd_0033.npy
250,34,49.1331,880.028,gen0250_theta_nd_0034.npy,gen0250_A_nd_0034.npy
250,35,58.5731,898.076,gen0250_theta_nd_0035.npy,gen0250_A_nd_0035.npy
250,36,63.3736,906.056,gen0250_theta_nd_0036.npy,gen0250_A_nd_0036.npy
250,37,48.5438,878.886,gen0250_theta_nd_0037.npy,gen0250_A_nd_0037.npy
250,38,61.0216,902.374,gen0250_theta_nd_0038.npy,gen0250_A_nd_0038.npy
250,39,60.1028,900.919,gen0250_theta_nd_0039.npy,gen0250_A_nd_0039.npy
250,40,50.797,883.864,gen0250_theta_nd_0040.npy,gen0250_A_nd_0040.npy
250,41,50.661,883.494,gen0250_theta_nd_0041.npy,gen0250_A_nd_0041.npy
250,42,57.1412,895.424,gen0250_theta_nd_0042.npy,gen0250_A_nd_0042.npy
250,43,51.7277,885.621,gen0250_theta_nd_0043.npy,gen0250_A_nd_0043.npy
250,44,54.7772,891.005,gen0250_theta_nd_0044.npy,gen0250_A_nd_0044.npy
250,45,48.2952,878.459,gen0250_theta_nd_0045.npy,gen0250_A_nd_0045.npy
250,46,57.9886,897.172,gen0250_theta_nd_0046.npy,gen0250_A_nd_0046.npy
250,47,55.934,893.199,gen0250_theta_nd_0047.npy,gen0250_A_nd_0047.npy
250,48,52.0958,886.118,gen0250_theta_nd_0048.npy,gen0250_A_nd_0048.npy
250,49,63.0956,905.646,gen0250_theta_nd_0049.npy,gen0250_A_nd_0049.npy
250,50,61.2251,903.104,gen0250_theta_nd_0050.npy,gen0250_A_nd_0050.npy
250,51,56.946,895.061,gen0250_theta_nd_0051.npy,gen0250_A_nd_0051.npy
250,52,52.6381,887.234,gen0250_theta_nd_0052.npy,gen0250_A_nd_0052.npy
250,53,47.7154,877.416,gen0250_theta_nd_0053.npy,gen0250_A_nd_0053.npy
250,54,59.1508,899.263,gen0250_theta_nd_0054.npy,gen0250_A_nd_0054.npy
250,55,58.3008,897.718,gen0250_theta_nd_0055.npy,gen0250_A_nd_0055.npy
250,56,64.4565,908.796,gen0250_theta_nd_0056.npy,gen0250_A_nd_0056.npy
250,57,49.7316,881.071,gen0250_theta_nd_0057.npy,gen0250_A_nd_0057.npy
250,58,52.897,887.914,gen0250_theta_nd_0058.npy,gen0250_A_nd_0058.npy
250,59,53.7556,889.386,gen0250_theta_nd_0059.npy,gen0250_A_nd_0059.npy
250,60,49.4618,880.562,gen0250_theta_nd_0060.npy,gen0250_A_nd_0060.npy
251,0,54.7772,891.005,gen0251_theta_nd_0000.npy,gen0251_A_nd_0000.npy
251,1,62.5171,904.892,gen0251_theta_nd_0001.npy,gen0251_A_nd_0001.npy
251,2,61.0216,902.374,gen0251_theta_nd_0002.npy,gen0251_A_nd_0002.npy
251,3,60.4064,901.206,gen0251_theta_nd_0003.npy,gen0251_A_nd_0003.npy
251,4,51.1498,884.435,gen0251_theta_nd_0004.npy,gen0251_A_nd_0004.npy
251,5,57.6949,896.546,gen0251_theta_nd_0005.npy,gen0251_A_nd_0005.npy
251,6,56.248,893.732,gen0251_theta_nd_0006.npy,gen0251_A_nd_0006.npy
251,7,62.7763,905.209,gen0251_theta_nd_0007.npy,gen0251_A_nd_0007.npy
251,8,63.9057,907.885,gen0251_theta_nd_0008.npy,gen0251_A_nd_0008.npy
251,9,53.4693,888.982,gen0251_theta_nd_0009.npy,gen0251_A_nd_0009.npy
251,10,58.3008,897.718,gen0251_theta_nd_0010.npy,gen0251_A_nd_0010.npy
251,11,60.695,901.697,gen0251_theta_nd_0011.npy,gen0251_A_nd_0011.npy
251,12,55.934,893.199,gen0251_theta_nd_0012.npy,gen0251_A_nd_0012.npy
251,13,53.1752,888.257,gen0251_theta_nd_0013.npy,gen0251_A_nd_0013.npy
251,14,58.8798,898.655,gen0251_theta_nd_0014.npy,gen0251_A_nd_0014.npy
251,15,48.8603,879.465,gen0251_theta_nd_0015.npy,gen0251_A_nd_0015.npy
251,16,64.4565,908.796,gen0251_theta_nd_0016.npy,gen0251_A_nd_0016.npy
251,17,61.2251,903.104,gen0251_theta_nd_0017.npy,gen0251_A_nd_0017.npy
251,18,63.3736,906.056,gen0251_theta_nd_0018.npy,gen0251_A_nd_0018.npy
251,19,57.4003,896.188,gen0251_theta_nd_0019.npy,gen0251_A_nd_0019.npy
251,20,64.2201,908.267,gen0251_theta_nd_0020.npy,gen0251_A_nd_0020.npy
251,21,47.0178,876.194,gen0251_theta_nd_0021.npy,gen0251_A_nd_0021.npy
251,22,61.8928,903.948,gen0251_theta_nd_0022.npy,gen0251_A_nd_0022.npy
251,23,56.8856,894.938,gen0251_theta_nd_0023.npy,gen0251_A_nd_0023.npy
251,24,61.5507,903.61,gen0251_theta_nd_0024.npy,gen0251_A_nd_0024.npy
251,25,52.8945,887.808,gen0251_theta_nd_0025.npy,gen0251_A_nd_0025.npy
251,26,54.1475,889.808,gen0251_theta_nd_0026.npy,gen0251_A_nd_0026.npy
251,27,49.7316,881.071,gen0251_theta_nd_0027.npy,gen0251_A_nd_0027.npy
251,28,51.4176,884.95,gen0251_theta_nd_0028.npy,gen0251_A_nd_0028.npy
251,29,50.9714,884.14,gen0251_theta_nd_0029.npy,gen0251_A_nd_0029.npy
251,30,48.2952,878.459,gen0251_theta_nd_0030.npy,gen0251_A_nd_0030.npy
251,31,59.5634,899.804,gen0251_theta_nd_0031.npy,gen0251_A_nd_0031.npy
251,32,59.7631,900.299,gen0251_theta_nd_0032.npy,gen0251_A_nd_0032.npy
251,33,50.2373,882.331,gen0251_theta_nd_0033.npy,gen0251_A_nd_0033.npy
251,34,49.1331,880.028,gen0251_theta_nd_0034.npy,gen0251_A_nd_0034.npy
251,35,47.2709,876.725,gen0251_theta_nd_0035.npy,gen0251_A_nd_0035.npy
251,36,56.6243,894.36,gen0251_theta_nd_0036.npy,gen0251_A_nd_0036.npy
251,37,58.5731,898.076,gen0251_theta_nd_0037.npy,gen0251_A_nd_0037.npy
251,38,62.1357,904.259,gen0251_theta_nd_0038.npy,gen0251_A_nd_0038.npy
251,39,49.4133,880.539,gen0251_theta_nd_0039.npy,gen0251_A_nd_0039.npy
251,40,51.7277,885.621,gen0251_theta_nd_0040.npy,gen0251_A_nd_0040.npy
251,41,48.5438,878.886,gen0251_theta_nd_0041.npy,gen0251_A_nd_0041.npy
251,42,52.3628,886.663,gen0251_theta_nd_0042.npy,gen0251_A_nd_0042.npy
251,43,55.0453,891.566,gen0251_theta_nd_0043.npy,gen0251_A_nd_0043.npy
251,44,52.6381,887.234,gen0251_theta_nd_0044.npy,gen0251_A_nd_0044.npy
251,45,53.7556,889.386,gen0251_theta_nd_0045.npy,gen0251_A_nd_0045.npy
251,46,55.433,892.181,gen0251_theta_nd_0046.npy,gen0251_A_nd_0046.npy
251,47,63.0956,905.646,gen0251_theta_nd_0047.npy,gen0251_A_nd_0047.npy
251,48,50.0073,881.74,gen0251_theta_nd_0048.npy,gen0251_A_nd_0048.npy
251,49,47.8477,877.828,gen0251_theta_nd_0049.npy,gen0251_A_nd_0049.npy
251,50,59.1898,899.184,gen0251_theta_nd_0050.npy,gen0251_A_nd_0050.npy
251,51,52.0958,886.118,gen0251_theta_nd_0051.npy,gen0251_A_nd_0051.npy
251,52,54.534,890.566,gen0251_theta_nd_0052.npy,gen0251_A_nd_0052.npy
251,53,57.1412,895.424,gen0251_theta_nd_0053.npy,gen0251_A_nd_0053.npy
251,54,47.7154,877.416,gen0251_theta_nd_0054.npy,gen0251_A_nd_0054.npy
251,55,57.9886,897.172,gen0251_theta_nd_0055.npy,gen0251_A_nd_0055.npy
251,56,60.1028,900.919,gen0251_theta_nd_0056.npy,gen0251_A_nd_0056.npy
251,57,63.6635,906.966,gen0251_theta_nd_0057.npy,gen0251_A_nd_0057.npy
251,58,55.6645,892.708,gen0251_theta_nd_0058.npy,gen0251_A_nd_0058.npy
251,59,50.661,883.494,gen0251_theta_nd_0059.npy,gen0251_A_nd_0059.npy
251,60,59.9677,900.578,gen0251_theta_nd_0060.npy,gen0251_A_nd_0060.npy
252,0,52.6381,887.234,gen0252_theta_nd_0000.npy,gen0252_A_nd_0000.npy
252,1,49.4133,880.539,gen0252_theta_nd_0001.npy,gen0252_A_nd_0001.npy
252,2,64.2201,908.267,gen0252_theta_nd_0002.npy,gen0252_A_nd_0002.npy
252,3,55.934,893.199,gen0252_theta_nd_0003.npy,gen0252_A_nd_0003.npy
252,4,57.1412,895.424,gen0252_theta_nd_0004.npy,gen0252_A_nd_0004.npy
252,5,47.2709,876.725,gen0252_theta_nd_0005.npy,gen0252_A_nd_0005.npy
252,6,60.1028,900.919,gen0252_theta_nd_0006.npy,gen0252_A_nd_0006.npy
252,7,64.4565,908.796,gen0252_theta_nd_0007.npy,gen0252_A_nd_0007.npy
252,8,53.1752,888.257,gen0252_theta_nd_0008.npy,gen0252_A_nd_0008.npy
252,9,58.5731,898.076,gen0252_theta_nd_0009.npy,gen0252_A_nd_0009.npy
252,10,48.8603,879.465,gen0252_theta_nd_0010.npy,gen0252_A_nd_0010.npy
252,11,61.8928,903.948,gen0252_theta_nd_0011.npy,gen0252_A_nd_0011.npy
252,12,48.2952,878.459,gen0252_theta_nd_0012.npy,gen0252_A_nd_0012.npy
252,13,49.1331,880.028,gen0252_theta_nd_0013.npy,gen0252_A_nd_0013.npy
252,14,57.9886,897.172,gen0252_theta_nd_0014.npy,gen0252_A_nd_0014.npy
252,15,52.8945,887.808,gen0252_theta_nd_0015.npy,gen0252_A_nd_0015.npy
252,16,62.7129,905.075,gen0252_theta_nd_0016.npy,gen0252_A_nd_0016.npy
252,17,61.5507,903.61,gen0252_theta_nd_0017.npy,gen0252_A_nd_0017.npy
252,18,61.2251,903.104,gen0252_theta_nd_0018.npy,gen0252_A_nd_0018.npy
252,19,62.5171,904.892,gen0252_theta_nd_0019.npy,gen0252_A_nd_0019.npy
252,20,51.7277,885.621,gen0252_theta_nd_0020.npy,gen0252_A_nd_0020.npy
252,21,63.9057,907.885,gen0252_theta_nd_0021.npy,gen0252_A_nd_0021.npy
252,22,50.2373,882.331,gen0252_theta_nd_0022.npy,gen0252_A_nd_0022.npy
252,23,47.8477,877.828,gen0252_theta_nd_0023.npy,gen0252_A_nd_0023.npy
252,24,51.1745,884.406,gen0252_theta_nd_0024.npy,gen0252_A_nd_0024.npy
252,25,50.0073,881.74,gen0252_theta_nd_0025.npy,gen0252_A_nd_0025.npy
252,26,59.7631,900.299,gen0252_theta_nd_0026.npy,gen0252_A_nd_0026.npy
252,27,53.7556,889.386,gen0252_theta_nd_0027.npy,gen0252_A_nd_0027.npy
252,28,55.433,892.181,gen0252_theta_nd_0028.npy,gen0252_A_nd_0028.npy
252,29,57.6949,896.546,gen0252_theta_nd_0029.npy,gen0252_A_nd_0029.npy
252,30,59.1898,899.184,gen0252_theta_nd_0030.npy,gen0252_A_nd_0030.npy
252,31,54.1475,889.808,gen0252_theta_nd_0031.npy,gen0252_A_nd_0031.npy
252,32,52.0958,886.118,gen0252_theta_nd_0032.npy,gen0252_A_nd_0032.npy
252,33,62.1357,904.259,gen0252_theta_nd_0033.npy,gen0252_A_nd_0033.npy
252,34,48.5438,878.886,gen0252_theta_nd_0034.npy,gen0252_A_nd_0034.npy
252,35,54.7772,891.005,gen0252_theta_nd_0035.npy,gen0252_A_nd_0035.npy
252,36,63.6635,906.966,gen0252_theta_nd_0036.npy,gen0252_A_nd_0036.npy
252,37,58.3008,897.718,gen0252_theta_nd_0037.npy,gen0252_A_nd_0037.npy
252,38,56.248,893.732,gen0252_theta_nd_0038.npy,gen0252_A_nd_0038.npy
252,39,63.3091,905.908,gen0252_theta_nd_0039.npy,gen0252_A_nd_0039.npy
252,40,55.6645,892.708,gen0252_theta_nd_0040.npy,gen0252_A_nd_0040.npy
252,41,47.7154,877.416,gen0252_theta_nd_0041.npy,gen0252_A_nd_0041.npy
252,42,51.4176,884.95,gen0252_theta_nd_0042.npy,gen0252_A_nd_0042.npy
252,43,50.661,883.494,gen0252_theta_nd_0043.npy,gen0252_A_nd_0043.npy
252,44,59.5634,899.804,gen0252_theta_nd_0044.npy,gen0252_A_nd_0044.npy
252,45,49.7316,881.071,gen0252_theta_nd_0045.npy,gen0252_A_nd_0045.npy
252,46,53.4693,888.982,gen0252_theta_nd_0046.npy,gen0252_A_nd_0046.npy
252,47,52.3628,886.663,gen0252_theta_nd_0047.npy,gen0252_A_nd_0047.npy
252,48,57.3607,896.128,gen0252_theta_nd_0048.npy,gen0252_A_nd_0048.npy
252,49,50.8805,883.957,gen0252_theta_nd_0049.npy,gen0252_A_nd_0049.npy
252,50,60.4064,901.206,gen0252_theta_nd_0050.npy,gen0252_A_nd_0050.npy
252,51,56.8856,894.938,gen0252_theta_nd_0051.npy,gen0252_A_nd_0051.npy
252,52,54.534,890.566,gen0252_theta_nd_0052.npy,gen0252_A_nd_0052.npy
252,53,60.695,901.697,gen0252_theta_nd_0053.npy,gen0252_A_nd_0053.npy
252,54,62.9991,905.534,gen0252_theta_nd_0054.npy,gen0252_A_nd_0054.npy
252,55,61.0216,902.374,gen0252_theta_nd_0055.npy,gen0252_A_nd_0055.npy
252,56,56.6243,894.36,gen0252_theta_nd_0056.npy,gen0252_A_nd_0056.npy
252,57,58.8798,898.655,gen0252_theta_nd_0057.npy,gen0252_A_nd_0057.npy
252,58,55.0453,891.566,gen0252_theta_nd_0058.npy,gen0252_A_nd_0058.npy
252,59,47.0178,876.194,gen0252_theta_nd_0059.npy,gen0252_A_nd_0059.npy
252,60,60.8427,901.943,gen0252_theta_nd_0060.npy,gen0252_A_nd_0060.npy
253,0,47.0178,876.194,gen0253_theta_nd_0000.npy,gen0253_A_nd_0000.npy
253,1,55.0541,891.566,gen0253_theta_nd_0001.npy,gen0253_A_nd_0001.npy
253,2,58.8798,898.655,gen0253_theta_nd_0002.npy,gen0253_A_nd_0002.npy
253,3,56.8856,894.938,gen0253_theta_nd_0003.npy,gen0253_A_nd_0003.npy
253,4,64.4565,908.796,gen0253_theta_nd_0004.npy,gen0253_A_nd_0004.npy
253,5,53.7556,889.386,gen0253_theta_nd_0005.npy,gen0253_A_nd_0005.npy
253,6,58.5731,898.076,gen0253_theta_nd_0006.npy,gen0253_A_nd_0006.npy
253,7,64.2146,908.097,gen0253_theta_nd_0007.npy,gen0253_A_nd_0007.npy
253,8,62.7474,905.266,gen0253_theta_nd_0008.npy,gen0253_A_nd_0008.npy
253,9,57.9886,897.172,gen0253_theta_nd_0009.npy,gen0253_A_nd_0009.npy
253,10,48.5438,878.886,gen0253_theta_nd_0010.npy,gen0253_A_nd_0010.npy
253,11,48.9815,879.97,gen0253_theta_nd_0011.npy,gen0253_A_nd_0011.npy
253,12,61.8928,903.948,gen0253_theta_nd_0012.npy,gen0253_A_nd_0012.npy
253,13,62.9991,905.534,gen0253_theta_nd_0013.npy,gen0253_A_nd_0013.npy
253,14,49.4133,880.539,gen0253_theta_nd_0014.npy,gen0253_A_nd_0014.npy
253,15,50.661,883.494,gen0253_theta_nd_0015.npy,gen0253_A_nd_0015.npy
253,16,48.2952,878.459,gen0253_theta_nd_0016.npy,gen0253_A_nd_0016.npy
253,17,59.5634,899.804,gen0253_theta_nd_0017.npy,gen0253_A_nd_0017.npy
253,18,52.9064,887.717,gen0253_theta_nd_0018.npy,gen0253_A_nd_0018.npy
253,19,54.534,890.566,gen0253_theta_nd_0019.npy,gen0253_A_nd_0019.npy
253,20,57.1412,895.424,gen0253_theta_nd_0020.npy,gen0253_A_nd_0020.npy
253,21,53.1752,888.257,gen0253_theta_nd_0021.npy,gen0253_A_nd_0021.npy
253,22,54.7772,891.005,gen0253_theta_nd_0022.npy,gen0253_A_nd_0022.npy
253,23,62.1357,904.259,gen0253_theta_nd_0023.npy,gen0253_A_nd_0023.npy
253,24,56.248,893.732,gen0253_theta_nd_0024.npy,gen0253_A_nd_0024.npy
253,25,61.5507,903.61,gen0253_theta_nd_0025.npy,gen0253_A_nd_0025.npy
253,26,58.3008,897.718,gen0253_theta_nd_0026.npy,gen0253_A_nd_0026.npy
253,27,55.934,893.199,gen0253_theta_nd_0027.npy,gen0253_A_nd_0027.npy
253,28,49.7316,881.071,gen0253_theta_nd_0028.npy,gen0253_A_nd_0028.npy
253,29,59.1898,899.184,gen0253_theta_nd_0029.npy,gen0253_A_nd_0029.npy
253,30,51.7277,885.621,gen0253_theta_nd_0030.npy,gen0253_A_nd_0030.npy
253,31,51.4176,884.95,gen0253_theta_nd_0031.npy,gen0253_A_nd_0031.npy
253,32,47.8477,877.828,gen0253_theta_nd_0032.npy,gen0253_A_nd_0032.npy
253,33,61.0216,902.374,gen0253_theta_nd_0033.npy,gen0253_A_nd_0033.npy
253,34,51.1745,884.406,gen0253_theta_nd_0034.npy,gen0253_A_nd_0034.npy
253,35,63.6635,906.966,gen0253_theta_nd_0035.npy,gen0253_A_nd_0035.npy
253,36,55.7003,892.686,gen0253_theta_nd_0036.npy,gen0253_A_nd_0036.npy
253,37,55.433,892.181,gen0253_theta_nd_0037.npy,gen0253_A_nd_0037.npy
253,38,63.3091,905.908,gen0253_theta_nd_0038.npy,gen0253_A_nd_0038.npy
253,39,48.8603,879.465,gen0253_theta_nd_0039.npy,gen0253_A_nd_0039.npy
253,40,50.2373,882.331,gen0253_theta_nd_0040.npy,gen0253_A_nd_0040.npy
253,41,60.1028,900.919,gen0253_theta_nd_0041.npy,gen0253_A_nd_0041.npy
253,42,59.7631,900.299,gen0253_theta_nd_0042.npy,gen0253_A_nd_0042.npy
253,43,50.0073,881.74,gen0253_theta_nd_0043.npy,gen0253_A_nd_0043.npy
253,44,56.6243,894.36,gen0253_theta_nd_0044.npy,gen0253_A_nd_0044.npy
253,45,61.2251,903.104,gen0253_theta_nd_0045.npy,gen0253_A_nd_0045.npy
253,46,52.3628,886.663,gen0253_theta_nd_0046.npy,gen0253_A_nd_0046.npy
253,47,47.2709,876.725,gen0253_theta_nd_0047.npy,gen0253_A_nd_0047.npy
253,48,60.695,901.697,gen0253_theta_nd_0048.npy,gen0253_A_nd_0048.npy
253,49,53.4693,888.982,gen0253_theta_nd_0049.npy,gen0253_A_nd_0049.npy
253,50,57.6949,896.546,gen0253_theta_nd_0050.npy,gen0253_A_nd_0050.npy
253,51,52.0958,886.118,gen0253_theta_nd_0051.npy,gen0253_A_nd_0051.npy
253,52,52.6381,887.234,gen0253_theta_nd_0052.npy,gen0253_A_nd_0052.npy
253,53,50.8805,883.957,gen0253_theta_nd_0053.npy,gen0253_A_nd_0053.npy
253,54,54.1475,889.808,gen0253_theta_nd_0054.npy,gen0253_A_nd_0054.npy
253,55,63.9057,907.885,gen0253_theta_nd_0055.npy,gen0253_A_nd_0055.npy
253,56,57.3607,896.128,gen0253_theta_nd_0056.npy,gen0253_A_nd_0056.npy
253,57,60.3875,901.141,gen0253_theta_nd_0057.npy,gen0253_A_nd_0057.npy
253,58,47.7154,877.416,gen0253_theta_nd_0058.npy,gen0253_A_nd_0058.npy
253,59,62.5171,904.892,gen0253_theta_nd_0059.npy,gen0253_A_nd_0059.npy
253,60,49.5829,881.012,gen0253_theta_nd_0060.npy,gen0253_A_nd_0060.npy
254,0,50.2373,882.331,gen0254_theta_nd_0000.npy,gen0254_A_nd_0000.npy
254,1,53.4693,888.982,gen0254_theta_nd_0001.npy,gen0254_A_nd_0001.npy
254,2,48.2952,878.459,gen0254_theta_nd_0002.npy,gen0254_A_nd_0002.npy
254,3,59.1898,899.184,gen0254_theta_nd_0003.npy,gen0254_A_nd_0003.npy
254,4,54.1475,889.808,gen0254_theta_nd_0004.npy,gen0254_A_nd_0004.npy
254,5,56.248,893.732,gen0254_theta_nd_0005.npy,gen0254_A_nd_0005.npy
254,6,63.5078,906.682,gen0254_theta_nd_0006.npy,gen0254_A_nd_0006.npy
254,7,50.661,883.494,gen0254_theta_nd_0007.npy,gen0254_A_nd_0007.npy
254,8,53.1752,888.257,gen0254_theta_nd_0008.npy,gen0254_A_nd_0008.npy
254,9,55.0798,891.48,gen0254_theta_nd_0009.npy,gen0254_A_nd_0009.npy
254,10,54.4935,890.488,gen0254_theta_nd_0010.npy,gen0254_A_nd_0010.npy
254,11,57.3607,896.128,gen0254_theta_nd_0011.npy,gen0254_A_nd_0011.npy
254,12,64.4565,908.796,gen0254_theta_nd_0012.npy,gen0254_A_nd_0012.npy
254,13,48.8603,879.465,gen0254_theta_nd_0013.npy,gen0254_A_nd_0013.npy
254,14,52.9064,887.717,gen0254_theta_nd_0014.npy,gen0254_A_nd_0014.npy
254,15,48.5438,878.886,gen0254_theta_nd_0015.npy,gen0254_A_nd_0015.npy
254,16,58.8798,898.655,gen0254_theta_nd_0016.npy,gen0254_A_nd_0016.npy
254,17,61.0077,902.348,gen0254_theta_nd_0017.npy,gen0254_A_nd_0017.npy
254,18,56.8306,894.895,gen0254_theta_nd_0018.npy,gen0254_A_nd_0018.npy
254,19,57.1178,895.409,gen0254_theta_nd_0019.npy,gen0254_A_nd_0019.npy
254,20,64.2146,908.097,gen0254_theta_nd_0020.npy,gen0254_A_nd_0020.npy
254,21,63.0356,905.739,gen0254_theta_nd_0021.npy,gen0254_A_nd_0021.npy
254,22,63.9057,907.885,gen0254_theta_nd_0022.npy,gen0254_A_nd_0022.npy
254,23,48.9815,879.97,gen0254_theta_nd_0023.npy,gen0254_A_nd_0023.npy
254,24,59.5634,899.804,gen0254_theta_nd_0024.npy,gen0254_A_nd_0024.npy
254,25,59.7631,900.299,gen0254_theta_nd_0025.npy,gen0254_A_nd_0025.npy
254,26,58.5731,898.076,gen0254_theta_nd_0026.npy,gen0254_A_nd_0026.npy
254,27,60.7103,901.678,gen0254_theta_nd_0027.npy,gen0254_A_nd_0027.npy
254,28,51.1745,884.406,gen0254_theta_nd_0028.npy,gen0254_A_nd_0028.npy
254,29,50.8805,883.957,gen0254_theta_nd_0029.npy,gen0254_A_nd_0029.npy
254,30,56.6243,894.36,gen0254_theta_nd_0030.npy,gen0254_A_nd_0030.npy
254,31,61.8928,903.948,gen0254_theta_nd_0031.npy,gen0254_A_nd_0031.npy
254,32,53.7556,889.386,gen0254_theta_nd_0032.npy,gen0254_A_nd_0032.npy
254,33,57.6949,896.546,gen0254_theta_nd_0033.npy,gen0254_A_nd_0033.npy
254,34,50.0073,881.74,gen0254_theta_nd_0034.npy,gen0254_A_nd_0034.npy
254,35,61.3299,903.015,gen0254_theta_nd_0035.npy,gen0254_A_nd_0035.npy
254,36,47.2709,876.725,gen0254_theta_nd_0036.npy,gen0254_A_nd_0036.npy
254,37,52.3628,886.663,gen0254_theta_nd_0037.npy,gen0254_A_nd_0037.npy
254,38,54.7772,891.005,gen0254_theta_nd_0038.npy,gen0254_A_nd_0038.npy
254,39,47.7154,877.416,gen0254_theta_nd_0039.npy,gen0254_A_nd_0039.npy
254,40,47.0178,876.194,gen0254_theta_nd_0040.npy,gen0254_A_nd_0040.npy
254,41,61.5507,903.61,gen0254_theta_nd_0041.npy,gen0254_A_nd_0041.npy
254,42,55.7003,892.686,gen0254_theta_nd_0042.npy,gen0254_A_nd_0042.npy
254,43,60.0874,900.748,gen0254_theta_nd_0043.npy,gen0254_A_nd_0043.npy
254,44,62.1357,904.259,gen0254_theta_nd_0044.npy,gen0254_A_nd_0044.npy
254,45,62.7474,905.266,gen0254_theta_nd_0045.npy,gen0254_A_nd_0045.npy
254,46,57.9886,897.172,gen0254_theta_nd_0046.npy,gen0254_A_nd_0046.npy
254,47,62.5171,904.892,gen0254_theta_nd_0047.npy,gen0254_A_nd_0047.npy
254,48,60.3875,901.141,gen0254_theta_nd_0048.npy,gen0254_A_nd_0048.npy
254,49,51.4241,885.092,gen0254_theta_nd_0049.npy,gen0254_A_nd_0049.npy
254,50,58.3008,897.718,gen0254_theta_nd_0050.npy,gen0254_A_nd_0050.npy
254,51,47.8477,877.828,gen0254_theta_nd_0051.npy,gen0254_A_nd_0051.npy
254,52,52.6381,887.234,gen0254_theta_nd_0052.npy,gen0254_A_nd_0052.npy
254,53,63.3091,905.908,gen0254_theta_nd_0053.npy,gen0254_A_nd_0053.npy
254,54,49.7316,881.071,gen0254_theta_nd_0054.npy,gen0254_A_nd_0054.npy
254,55,49.4133,880.539,gen0254_theta_nd_0055.npy,gen0254_A_nd_0055.npy
254,56,51.7295,885.293,gen0254_theta_nd_0056.npy,gen0254_A_nd_0056.npy
254,57,55.433,892.181,gen0254_theta_nd_0057.npy,gen0254_A_nd_0057.npy
254,58,52.0958,886.118,gen0254_theta_nd_0058.npy,gen0254_A_nd_0058.npy
254,59,55.934,893.199,gen0254_theta_nd_0059.npy,gen0254_A_nd_0059.npy
254,60,62.3481,904.629,gen0254_theta_nd_0060.npy,gen0254_A_nd_0060.npy
255,0,47.7154,877.416,gen0255_theta_nd_0000.npy,gen0255_A_nd_0000.npy
255,1,61.3299,903.015,gen0255_theta_nd_0001.npy,gen0255_A_nd_0001.npy
255,2,57.9638,897.104,gen0255_theta_nd_0002.npy,gen0255_A_nd_0002.npy
255,3,49.7316,881.071,gen0255_theta_nd_0003.npy,gen0255_A_nd_0003.npy
255,4,61.0337,902.331,gen0255_theta_nd_0004.npy,gen0255_A_nd_0004.npy
255,5,54.4935,890.488,gen0255_theta_nd_0005.npy,gen0255_A_nd_0005.npy
255,6,47.2709,876.725,gen0255_theta_nd_0006.npy,gen0255_A_nd_0006.npy
255,7,55.934,893.199,gen0255_theta_nd_0007.npy,gen0255_A_nd_0007.npy
255,8,51.7295,885.293,gen0255_theta_nd_0008.npy,gen0255_A_nd_0008.npy
255,9,51.4241,885.092,gen0255_theta_nd_0009.npy,gen0255_A_nd_0009.npy
255,10,48.2952,878.459,gen0255_theta_nd_0010.npy,gen0255_A_nd_0010.npy
255,11,50.3843,882.912,gen0255_theta_nd_0011.npy,gen0255_A_nd_0011.npy
255,12,62.7474,905.266,gen0255_theta_nd_0012.npy,gen0255_A_nd_0012.npy
255,13,57.3607,896.128,gen0255_theta_nd_0013.npy,gen0255_A_nd_0013.npy
255,14,59.7631,900.299,gen0255_theta_nd_0014.npy,gen0255_A_nd_0014.npy
255,15,52.9064,887.717,gen0255_theta_nd_0015.npy,gen0255_A_nd_0015.npy
255,16,50.0073,881.74,gen0255_theta_nd_0016.npy,gen0255_A_nd_0016.npy
255,17,57.6949,896.546,gen0255_theta_nd_0017.npy,gen0255_A_nd_0017.npy
255,18,47.8477,877.828,gen0255_theta_nd_0018.npy,gen0255_A_nd_0018.npy
255,19,52.3628,886.663,gen0255_theta_nd_0019.npy,gen0255_A_nd_0019.npy
255,20,63.5442,906.676,gen0255_theta_nd_0020.npy,gen0255_A_nd_0020.npy
255,21,51.1745,884.406,gen0255_theta_nd_0021.npy,gen0255_A_nd_0021.npy
255,22,58.5731,898.076,gen0255_theta_nd_0022.npy,gen0255_A_nd_0022.npy
255,23,61.8928,903.948,gen0255_theta_nd_0023.npy,gen0255_A_nd_0023.npy
255,24,63.9057,907.885,gen0255_theta_nd_0024.npy,gen0255_A_nd_0024.npy
255,25,56.6243,894.36,gen0255_theta_nd_0025.npy,gen0255_A_nd_0025.npy
255,26,56.8306,894.895,gen0255_theta_nd_0026.npy,gen0255_A_nd_0026.npy
255,27,59.1898,899.184,gen0255_theta_nd_0027.npy,gen0255_A_nd_0027.npy
255,28,63.0356,905.739,gen0255_theta_nd_0028.npy,gen0255_A_nd_0028.npy
255,29,53.4626,888.811,gen0255_theta_nd_0029.npy,gen0255_A_nd_0029.npy
255,30,60.0874,900.748,gen0255_theta_nd_0030.npy,gen0255_A_nd_0030.npy
255,31,50.2373,882.331,gen0255_theta_nd_0031.npy,gen0255_A_nd_0031.npy
255,32,58.8798,898.655,gen0255_theta_nd_0032.npy,gen0255_A_nd_0032.npy
255,33,49.0599,880.016,gen0255_theta_nd_0033.npy,gen0255_A_nd_0033.npy
255,34,58.3008,897.718,gen0255_theta_nd_0034.npy,gen0255_A_nd_0034.npy
255,35,50.666,883.454,gen0255_theta_nd_0035.npy,gen0255_A_nd_0035.npy
255,36,55.3317,892.039,gen0255_theta_nd_0036.npy,gen0255_A_nd_0036.npy
255,37,55.7003,892.686,gen0255_theta_nd_0037.npy,gen0255_A_nd_0037.npy
255,38,48.8603,879.465,gen0255_theta_nd_0038.npy,gen0255_A_nd_0038.npy
255,39,53.1752,888.257,gen0255_theta_nd_0039.npy,gen0255_A_nd_0039.npy
255,40,59.5454,899.773,gen0255_theta_nd_0040.npy,gen0255_A_nd_0040.npy
255,41,53.7556,889.386,gen0255_theta_nd_0041.npy,gen0255_A_nd_0041.npy
255,42,54.7772,891.005,gen0255_theta_nd_0042.npy,gen0255_A_nd_0042.npy
255,43,52.0958,886.118,gen0255_theta_nd_0043.npy,gen0255_A_nd_0043.npy
255,44,49.4133,880.539,gen0255_theta_nd_0044.npy,gen0255_A_nd_0044.npy
255,45,47.0178,876.194,gen0255_theta_nd_0045.npy,gen0255_A_nd_0045.npy
255,46,57.1178,895.409,gen0255_theta_nd_0046.npy,gen0255_A_nd_0046.npy
255,47,55.0798,891.48,gen0255_theta_nd_0047.npy,gen0255_A_nd_0047.npy
255,48,63.3091,905.908,gen0255_theta_nd_0048.npy,gen0255_A_nd_0048.npy
255,49,50.8805,883.957,gen0255_theta_nd_0049.npy,gen0255_A_nd_0049.npy
255,50,62.5171,904.892,gen0255_theta_nd_0050.npy,gen0255_A_nd_0050.npy
255,51,64.2146,908.097,gen0255_theta_nd_0051.npy,gen0255_A_nd_0051.npy
255,52,62.1357,904.259,gen0255_theta_nd_0052.npy,gen0255_A_nd_0052.npy
255,53,64.4565,908.796,gen0255_theta_nd_0053.npy,gen0255_A_nd_0053.npy
255,54,60.7103,901.678,gen0255_theta_nd_0054.npy,gen0255_A_nd_0054.npy
255,55,61.5507,903.61,gen0255_theta_nd_0055.npy,gen0255_A_nd_0055.npy
255,56,60.3875,901.141,gen0255_theta_nd_0056.npy,gen0255_A_nd_0056.npy
255,57,54.1475,889.808,gen0255_theta_nd_0057.npy,gen0255_A_nd_0057.npy
255,58,56.248,893.732,gen0255_theta_nd_0058.npy,gen0255_A_nd_0058.npy
255,59,48.5438,878.886,gen0255_theta_nd_0059.npy,gen0255_A_nd_0059.npy
255,60,52.6381,887.234,gen0255_theta_nd_0060.npy,gen0255_A_nd_0060.npy
256,0,57.1178,895.409,gen0256_theta_nd_0000.npy,gen0256_A_nd_0000.npy
256,1,61.8928,903.948,gen0256_theta_nd_0001.npy,gen0256_A_nd_0001.npy
256,2,53.7556,889.386,gen0256_theta_nd_0002.npy,gen0256_A_nd_0002.npy
256,3,52.9064,887.717,gen0256_theta_nd_0003.npy,gen0256_A_nd_0003.npy
256,4,51.4241,885.092,gen0256_theta_nd_0004.npy,gen0256_A_nd_0004.npy
256,5,55.3317,892.039,gen0256_theta_nd_0005.npy,gen0256_A_nd_0005.npy
256,6,57.9638,897.104,gen0256_theta_nd_0006.npy,gen0256_A_nd_0006.npy
256,7,50.3843,882.912,gen0256_theta_nd_0007.npy,gen0256_A_nd_0007.npy
256,8,59.5454,899.773,gen0256_theta_nd_0008.npy,gen0256_A_nd_0008.npy
256,9,48.8603,879.465,gen0256_theta_nd_0009.npy,gen0256_A_nd_0009.npy
256,10,53.1752,888.257,gen0256_theta_nd_0010.npy,gen0256_A_nd_0010.npy
256,11,49.7316,881.071,gen0256_theta_nd_0011.npy,gen0256_A_nd_0011.npy
256,12,51.1745,884.406,gen0256_theta_nd_0012.npy,gen0256_A_nd_0012.npy
256,13,60.7103,901.678,gen0256_theta_nd_0013.npy,gen0256_A_nd_0013.npy
256,14,55.0798,891.48,gen0256_theta_nd_0014.npy,gen0256_A_nd_0014.npy
256,15,51.7362,885.415,gen0256_theta_nd_0015.npy,gen0256_A_nd_0015.npy
256,16,60.0874,900.748,gen0256_theta_nd_0016.npy,gen0256_A_nd_0016.npy
256,17,62.1357,904.259,gen0256_theta_nd_0017.npy,gen0256_A_nd_0017.npy
256,18,58.8798,898.655,gen0256_theta_nd_0018.npy,gen0256_A_nd_0018.npy
256,19,53.4626,888.811,gen0256_theta_nd_0019.npy,gen0256_A_nd_0019.npy
256,20,63.9057,907.885,gen0256_theta_nd_0020.npy,gen0256_A_nd_0020.npy
256,21,54.7772,891.005,gen0256_theta_nd_0021.npy,gen0256_A_nd_0021.npy
256,22,52.6381,887.234,gen0256_theta_nd_0022.npy,gen0256_A_nd_0022.npy
256,23,47.9581,878.292,gen0256_theta_nd_0023.npy,gen0256_A_nd_0023.npy
256,24,59.7631,900.299,gen0256_theta_nd_0024.npy,gen0256_A_nd_0024.npy
256,25,62.5171,904.892,gen0256_theta_nd_0025.npy,gen0256_A_nd_0025.npy
256,26,57.6949,896.546,gen0256_theta_nd_0026.npy,gen0256_A_nd_0026.npy
256,27,49.0599,880.016,gen0256_theta_nd_0027.npy,gen0256_A_nd_0027.npy
256,28,47.8477,877.828,gen0256_theta_nd_0028.npy,gen0256_A_nd_0028.npy
256,29,61.5507,903.61,gen0256_theta_nd_0029.npy,gen0256_A_nd_0029.npy
256,30,63.0356,905.739,gen0256_theta_nd_0030.npy,gen0256_A_nd_0030.npy
256,31,49.4133,880.539,gen0256_theta_nd_0031.npy,gen0256_A_nd_0031.npy
256,32,58.5731,898.076,gen0256_theta_nd_0032.npy,gen0256_A_nd_0032.npy
256,33,47.0178,876.194,gen0256_theta_nd_0033.npy,gen0256_A_nd_0033.npy
256,34,54.1475,889.808,gen0256_theta_nd_0034.npy,gen0256_A_nd_0034.npy
256,35,47.7154,877.416,gen0256_theta_nd_0035.npy,gen0256_A_nd_0035.npy
256,36,55.6581,892.561,gen0256_theta_nd_0036.npy,gen0256_A_nd_0036.npy
256,37,47.2709,876.725,gen0256_theta_nd_0037.npy,gen0256_A_nd_0037.npy
256,38,63.5442,906.676,gen0256_theta_nd_0038.npy,gen0256_A_nd_0038.npy
256,39,55.934,893.199,gen0256_theta_nd_0039.npy,gen0256_A_nd_0039.npy
256,40,50.0073,881.74,gen0256_theta_nd_0040.npy,gen0256_A_nd_0040.npy
256,41,54.5263,890.356,gen0256_theta_nd_0041.npy,gen0256_A_nd_0041.npy
256,42,50.666,883.454,gen0256_theta_nd_0042.npy,gen0256_A_nd_0042.npy
256,43,52.0958,886.118,gen0256_theta_nd_0043.npy,gen0256_A_nd_0043.npy
256,44,52.3628,886.663,gen0256_theta_nd_0044.npy,gen0256_A_nd_0044.npy
256,45,63.3091,905.908,gen0256_theta_nd_0045.npy,gen0256_A_nd_0045.npy
256,46,60.3875,901.141,gen0256_theta_nd_0046.npy,gen0256_A_nd_0046.npy
256,47,50.2502,882.251,gen0256_theta_nd_0047.npy,gen0256_A_nd_0047.npy
256,48,58.3008,897.718,gen0256_theta_nd_0048.npy,gen0256_A_nd_0048.npy
256,49,50.8805,883.957,gen0256_theta_nd_0049.npy,gen0256_A_nd_0049.npy
256,50,62.7474,905.266,gen0256_theta_nd_0050.npy,gen0256_A_nd_0050.npy
256,51,64.4565,908.796,gen0256_theta_nd_0051.npy,gen0256_A_nd_0051.npy
256,52,56.6243,894.36,gen0256_theta_nd_0052.npy,gen0256_A_nd_0052.npy
256,53,48.5438,878.886,gen0256_theta_nd_0053.npy,gen0256_A_nd_0053.npy
256,54,56.248,893.732,gen0256_theta_nd_0054.npy,gen0256_A_nd_0054.npy
256,55,57.3607,896.128,gen0256_theta_nd_0055.npy,gen0256_A_nd_0055.npy
256,56,61.0337,902.331,gen0256_theta_nd_0056.npy,gen0256_A_nd_0056.npy
256,57,59.1898,899.184,gen0256_theta_nd_0057.npy,gen0256_A_nd_0057.npy
256,58,61.3299,903.015,gen0256_theta_nd_0058.npy,gen0256_A_nd_0058.npy
256,59,56.834,894.77,gen0256_theta_nd_0059.npy,gen0256_A_nd_0059.npy
256,60,61.6256,903.661,gen0256_theta_nd_0060.npy,gen0256_A_nd_0060.npy
257,0,60.7103,901.678,gen0257_theta_nd_0000.npy,gen0257_A_nd_0000.npy
257,1,59.7631,900.299,gen0257_theta_nd_0001.npy,gen0257_A_nd_0001.npy
257,2,52.6381,887.234,gen0257_theta_nd_0002.npy,gen0257_A_nd_0002.npy
257,3,59.1898,899.184,gen0257_theta_nd_0003.npy,gen0257_A_nd_0003.npy
257,4,57.1178,895.409,gen0257_theta_nd_0004.npy,gen0257_A_nd_0004.npy
257,5,49.0599,880.016,gen0257_theta_nd_0005.npy,gen0257_A_nd_0005.npy
257,6,53.7556,889.386,gen0257_theta_nd_0006.npy,gen0257_A_nd_0006.npy
257,7,50.666,883.454,gen0257_theta_nd_0007.npy,gen0257_A_nd_0007.npy
257,8,63.0356,905.739,gen0257_theta_nd_0008.npy,gen0257_A_nd_0008.npy
257,9,55.934,893.199,gen0257_theta_nd_0009.npy,gen0257_A_nd_0009.npy
257,10,52.0958,886.118,gen0257_theta_nd_0010.npy,gen0257_A_nd_0010.npy
257,11,58.5731,898.076,gen0257_theta_nd_0011.npy,gen0257_A_nd_0011.npy
257,12,59.5194,899.678,gen0257_theta_nd_0012.npy,gen0257_A_nd_0012.npy
257,13,50.3843,882.912,gen0257_theta_nd_0013.npy,gen0257_A_nd_0013.npy
257,14,50.2502,882.251,gen0257_theta_nd_0014.npy,gen0257_A_nd_0014.npy
257,15,62.5877,904.983,gen0257_theta_nd_0015.npy,gen0257_A_nd_0015.npy
257,16,57.3607,896.128,gen0257_theta_nd_0016.npy,gen0257_A_nd_0016.npy
257,17,63.9057,907.885,gen0257_theta_nd_0017.npy,gen0257_A_nd_0017.npy
257,18,50.0073,881.74,gen0257_theta_nd_0018.npy,gen0257_A_nd_0018.npy
257,19,60.0874,900.748,gen0257_theta_nd_0019.npy,gen0257_A_nd_0019.npy
257,20,48.5438,878.886,gen0257_theta_nd_0020.npy,gen0257_A_nd_0020.npy
257,21,62.1357,904.259,gen0257_theta_nd_0021.npy,gen0257_A_nd_0021.npy
257,22,54.5263,890.356,gen0257_theta_nd_0022.npy,gen0257_A_nd_0022.npy
257,23,53.1752,888.257,gen0257_theta_nd_0023.npy,gen0257_A_nd_0023.npy
257,24,63.3091,905.908,gen0257_theta_nd_0024.npy,gen0257_A_nd_0024.npy
257,25,56.248,893.732,gen0257_theta_nd_0025.npy,gen0257_A_nd_0025.npy
257,26,47.2709,876.725,gen0257_theta_nd_0026.npy,gen0257_A_nd_0026.npy
257,27,60.4181,901.132,gen0257_theta_nd_0027.npy,gen0257_A_nd_0027.npy
257,28,49.7316,881.071,gen0257_theta_nd_0028.npy,gen0257_A_nd_0028.npy
257,29,61.8928,903.948,gen0257_theta_nd_0029.npy,gen0257_A_nd_0029.npy
257,30,47.6228,877.36,gen0257_theta_nd_0030.npy,gen0257_A_nd_0030.npy
257,31,58.8798,898.655,gen0257_theta_nd_0031.npy,gen0257_A_nd_0031.npy
257,32,51.4241,885.092,gen0257_theta_nd_0032.npy,gen0257_A_nd_0032.npy
257,33,61.3299,903.015,gen0257_theta_nd_0033.npy,gen0257_A_nd_0033.npy
257,34,63.5663,906.538,gen0257_theta_nd_0034.npy,gen0257_A_nd_0034.npy
257,35,51.7362,885.415,gen0257_theta_nd_0035.npy,gen0257_A_nd_0035.npy
257,36,50.8805,883.957,gen0257_theta_nd_0036.npy,gen0257_A_nd_0036.npy
257,37,58.3008,897.718,gen0257_theta_nd_0037.npy,gen0257_A_nd_0037.npy
257,38,49.4133,880.539,gen0257_theta_nd_0038.npy,gen0257_A_nd_0038.npy
257,39,51.1745,884.406,gen0257_theta_nd_0039.npy,gen0257_A_nd_0039.npy
257,40,55.0798,891.48,gen0257_theta_nd_0040.npy,gen0257_A_nd_0040.npy
257,41,57.6949,896.546,gen0257_theta_nd_0041.npy,gen0257_A_nd_0041.npy
257,42,64.4565,908.796,gen0257_theta_nd_0042.npy,gen0257_A_nd_0042.npy
257,43,55.3317,892.039,gen0257_theta_nd_0043.npy,gen0257_A_nd_0043.npy
257,44,48.0855,878.182,gen0257_theta_nd_0044.npy,gen0257_A_nd_0044.npy
257,45,57.9638,897.104,gen0257_theta_nd_0045.npy,gen0257_A_nd_0045.npy
257,46,54.2511,889.726,gen0257_theta_nd_0046.npy,gen0257_A_nd_0046.npy
257,47,54.7772,891.005,gen0257_theta_nd_0047.npy,gen0257_A_nd_0047.npy
257,48,62.3753,904.878,gen0257_theta_nd_0048.npy,gen0257_A_nd_0048.npy
257,49,61.0337,902.331,gen0257_theta_nd_0049.npy,gen0257_A_nd_0049.npy
257,50,53.4626,888.811,gen0257_theta_nd_0050.npy,gen0257_A_nd_0050.npy
257,51,47.8477,877.828,gen0257_theta_nd_0051.npy,gen0257_A_nd_0051.npy
257,52,48.8603,879.465,gen0257_theta_nd_0052.npy,gen0257_A_nd_0052.npy
257,53,47.0178,876.194,gen0257_theta_nd_0053.npy,gen0257_A_nd_0053.npy
257,54,52.3628,886.663,gen0257_theta_nd_0054.npy,gen0257_A_nd_0054.npy
257,55,56.6243,894.36,gen0257_theta_nd_0055.npy,gen0257_A_nd_0055.npy
257,56,56.834,894.77,gen0257_theta_nd_0056.npy,gen0257_A_nd_0056.npy
257,57,52.9916,887.825,gen0257_theta_nd_0057.npy,gen0257_A_nd_0057.npy
257,58,55.6581,892.561,gen0257_theta_nd_0058.npy,gen0257_A_nd_0058.npy
257,59,48.3974,878.79,gen0257_theta_nd_0059.npy,gen0257_A_nd_0059.npy
257,60,55.1934,891.678,gen0257_theta_nd_0060.npy,gen0257_A_nd_0060.npy
